team,player_id,player,market,value,count,n_sims,game_home,game_away,date,period
Montréal Canadiens,8480018,Nick Suzuki,SOG,3.0,1220,6000,Montréal Canadiens,Carolina Hurricanes,2026-05-25,0
Montréal Canadiens,8480018,Nick Suzuki,GOALS,0.0,3864,6000,Montréal Canadiens,Carolina Hurricanes,2026-05-25,0
Montréal Canadiens,8480018,Nick Suzuki,ASSISTS,0.0,3634,6000,Montréal Canadiens,Carolina Hurricanes,2026-05-25,0
Montréal Canadiens,8480018,Nick Suzuki,POINTS,0.0,2336,6000,Montréal Canadiens,Carolina Hurricanes,2026-05-25,0
Montréal Canadiens,8480018,Nick Suzuki,BLOCKS,2.0,1502,6000,Montréal Canadiens,Carolina Hurricanes,2026-05-25,0
Montréal Canadiens,8480018,Nick Suzuki,SAVES,0.0,6000,6000,Montréal Canadiens,Carolina Hurricanes,2026-05-25,0
Montréal Canadiens,8483515,Juraj Slafkovský,SOG,5.0,845,6000,Montréal Canadiens,Carolina Hurricanes,2026-05-25,0
Montréal Canadiens,8483515,Juraj Slafkovský,GOALS,0.0,4108,6000,Montréal Canadiens,Carolina Hurricanes,2026-05-25,0
Montréal Canadiens,8483515,Juraj Slafkovský,ASSISTS,0.0,3455,6000,Montréal Canadiens,Carolina Hurricanes,2026-05-25,0
Montréal Canadiens,8483515,Juraj Slafkovský,POINTS,0.0,2333,6000,Montréal Canadiens,Carolina Hurricanes,2026-05-25,0
Montréal Canadiens,8483515,Juraj Slafkovský,BLOCKS,1.0,2021,6000,Montréal Canadiens,Carolina Hurricanes,2026-05-25,0
Montréal Canadiens,8483515,Juraj Slafkovský,SAVES,0.0,6000,6000,Montréal Canadiens,Carolina Hurricanes,2026-05-25,0
Montréal Canadiens,8481540,Cole Caufield,SOG,3.0,1270,6000,Montréal Canadiens,Carolina Hurricanes,2026-05-25,0
Montréal Canadiens,8481540,Cole Caufield,GOALS,0.0,3579,6000,Montréal Canadiens,Carolina Hurricanes,2026-05-25,0
Montréal Canadiens,8481540,Cole Caufield,ASSISTS,0.0,3731,6000,Montréal Canadiens,Carolina Hurricanes,2026-05-25,0
Montréal Canadiens,8481540,Cole Caufield,POINTS,0.0,2191,6000,Montréal Canadiens,Carolina Hurricanes,2026-05-25,0
Montréal Canadiens,8481540,Cole Caufield,BLOCKS,0.0,4179,6000,Montréal Canadiens,Carolina Hurricanes,2026-05-25,0
Montréal Canadiens,8481540,Cole Caufield,SAVES,0.0,6000,6000,Montréal Canadiens,Carolina Hurricanes,2026-05-25,0
Montréal Canadiens,8483457,Lane Hutson,SOG,4.0,816,6000,Montréal Canadiens,Carolina Hurricanes,2026-05-25,0
Montréal Canadiens,8483457,Lane Hutson,GOALS,0.0,5346,6000,Montréal Canadiens,Carolina Hurricanes,2026-05-25,0
Montréal Canadiens,8483457,Lane Hutson,ASSISTS,0.0,3519,6000,Montréal Canadiens,Carolina Hurricanes,2026-05-25,0
Montréal Canadiens,8483457,Lane Hutson,POINTS,0.0,3110,6000,Montréal Canadiens,Carolina Hurricanes,2026-05-25,0
Montréal Canadiens,8483457,Lane Hutson,BLOCKS,2.0,1615,6000,Montréal Canadiens,Carolina Hurricanes,2026-05-25,0
Montréal Canadiens,8483457,Lane Hutson,SAVES,0.0,6000,6000,Montréal Canadiens,Carolina Hurricanes,2026-05-25,0
Montréal Canadiens,8476875,Mike Matheson,SOG,2.0,1389,6000,Montréal Canadiens,Carolina Hurricanes,2026-05-25,0
Montréal Canadiens,8476875,Mike Matheson,GOALS,0.0,5331,6000,Montréal Canadiens,Carolina Hurricanes,2026-05-25,0
Montréal Canadiens,8476875,Mike Matheson,ASSISTS,0.0,3403,6000,Montréal Canadiens,Carolina Hurricanes,2026-05-25,0
Montréal Canadiens,8476875,Mike Matheson,POINTS,0.0,3016,6000,Montréal Canadiens,Carolina Hurricanes,2026-05-25,0
Montréal Canadiens,8476875,Mike Matheson,BLOCKS,3.0,1337,6000,Montréal Canadiens,Carolina Hurricanes,2026-05-25,0
Montréal Canadiens,8476875,Mike Matheson,SAVES,0.0,6000,6000,Montréal Canadiens,Carolina Hurricanes,2026-05-25,0
Carolina Hurricanes,8478427,Sebastian Aho,SOG,1.0,441,6000,Montréal Canadiens,Carolina Hurricanes,2026-05-25,0
Carolina Hurricanes,8478427,Sebastian Aho,GOALS,0.0,3211,6000,Montréal Canadiens,Carolina Hurricanes,2026-05-25,0
Carolina Hurricanes,8478427,Sebastian Aho,ASSISTS,1.0,1805,6000,Montréal Canadiens,Carolina Hurricanes,2026-05-25,0
Carolina Hurricanes,8478427,Sebastian Aho,POINTS,1.0,2206,6000,Montréal Canadiens,Carolina Hurricanes,2026-05-25,0
Carolina Hurricanes,8478427,Sebastian Aho,BLOCKS,0.0,2206,6000,Montréal Canadiens,Carolina Hurricanes,2026-05-25,0
Carolina Hurricanes,8478427,Sebastian Aho,SAVES,0.0,6000,6000,Montréal Canadiens,Carolina Hurricanes,2026-05-25,0
Carolina Hurricanes,8482093,Seth Jarvis,SOG,2.0,862,6000,Montréal Canadiens,Carolina Hurricanes,2026-05-25,0
Carolina Hurricanes,8482093,Seth Jarvis,GOALS,0.0,4358,6000,Montréal Canadiens,Carolina Hurricanes,2026-05-25,0
Carolina Hurricanes,8482093,Seth Jarvis,ASSISTS,0.0,3094,6000,Montréal Canadiens,Carolina Hurricanes,2026-05-25,0
Carolina Hurricanes,8482093,Seth Jarvis,POINTS,0.0,2232,6000,Montréal Canadiens,Carolina Hurricanes,2026-05-25,0
Carolina Hurricanes,8482093,Seth Jarvis,BLOCKS,1.0,2130,6000,Montréal Canadiens,Carolina Hurricanes,2026-05-25,0
Carolina Hurricanes,8482093,Seth Jarvis,SAVES,0.0,6000,6000,Montréal Canadiens,Carolina Hurricanes,2026-05-25,0
Carolina Hurricanes,8477940,Nikolaj Ehlers,SOG,4.0,1177,6000,Montréal Canadiens,Carolina Hurricanes,2026-05-25,0
Carolina Hurricanes,8477940,Nikolaj Ehlers,GOALS,1.0,1871,6000,Montréal Canadiens,Carolina Hurricanes,2026-05-25,0
Carolina Hurricanes,8477940,Nikolaj Ehlers,ASSISTS,0.0,3457,6000,Montréal Canadiens,Carolina Hurricanes,2026-05-25,0
Carolina Hurricanes,8477940,Nikolaj Ehlers,POINTS,1.0,2248,6000,Montréal Canadiens,Carolina Hurricanes,2026-05-25,0
Carolina Hurricanes,8477940,Nikolaj Ehlers,BLOCKS,1.0,2222,6000,Montréal Canadiens,Carolina Hurricanes,2026-05-25,0
Carolina Hurricanes,8477940,Nikolaj Ehlers,SAVES,0.0,6000,6000,Montréal Canadiens,Carolina Hurricanes,2026-05-25,0
Carolina Hurricanes,8476958,Jaccob Slavin,SOG,6.0,523,6000,Montréal Canadiens,Carolina Hurricanes,2026-05-25,0
Carolina Hurricanes,8476958,Jaccob Slavin,GOALS,0.0,5046,6000,Montréal Canadiens,Carolina Hurricanes,2026-05-25,0
Carolina Hurricanes,8476958,Jaccob Slavin,ASSISTS,1.0,2060,6000,Montréal Canadiens,Carolina Hurricanes,2026-05-25,0
Carolina Hurricanes,8476958,Jaccob Slavin,POINTS,1.0,2138,6000,Montréal Canadiens,Carolina Hurricanes,2026-05-25,0
Carolina Hurricanes,8476958,Jaccob Slavin,BLOCKS,2.0,1512,6000,Montréal Canadiens,Carolina Hurricanes,2026-05-25,0
Carolina Hurricanes,8476958,Jaccob Slavin,SAVES,0.0,6000,6000,Montréal Canadiens,Carolina Hurricanes,2026-05-25,0
Carolina Hurricanes,8480817,K'Andre Miller,SOG,3.0,1336,6000,Montréal Canadiens,Carolina Hurricanes,2026-05-25,0
Carolina Hurricanes,8480817,K'Andre Miller,GOALS,0.0,5217,6000,Montréal Canadiens,Carolina Hurricanes,2026-05-25,0
Carolina Hurricanes,8480817,K'Andre Miller,ASSISTS,0.0,3446,6000,Montréal Canadiens,Carolina Hurricanes,2026-05-25,0
Carolina Hurricanes,8480817,K'Andre Miller,POINTS,0.0,2972,6000,Montréal Canadiens,Carolina Hurricanes,2026-05-25,0
Carolina Hurricanes,8480817,K'Andre Miller,BLOCKS,0.0,1877,6000,Montréal Canadiens,Carolina Hurricanes,2026-05-25,0
Carolina Hurricanes,8480817,K'Andre Miller,SAVES,0.0,6000,6000,Montréal Canadiens,Carolina Hurricanes,2026-05-25,0
Montréal Canadiens,8482487,Jakub Dobes,SOG,0.0,6000,6000,Montréal Canadiens,Carolina Hurricanes,2026-05-25,0
Montréal Canadiens,8482487,Jakub Dobes,GOALS,0.0,6000,6000,Montréal Canadiens,Carolina Hurricanes,2026-05-25,0
Montréal Canadiens,8482487,Jakub Dobes,ASSISTS,0.0,6000,6000,Montréal Canadiens,Carolina Hurricanes,2026-05-25,0
Montréal Canadiens,8482487,Jakub Dobes,POINTS,0.0,6000,6000,Montréal Canadiens,Carolina Hurricanes,2026-05-25,0
Montréal Canadiens,8482487,Jakub Dobes,BLOCKS,0.0,6000,6000,Montréal Canadiens,Carolina Hurricanes,2026-05-25,0
Montréal Canadiens,8482487,Jakub Dobes,SAVES,35.7,336,6000,Montréal Canadiens,Carolina Hurricanes,2026-05-25,0
Carolina Hurricanes,8475883,Frederik Andersen,SOG,0.0,6000,6000,Montréal Canadiens,Carolina Hurricanes,2026-05-25,0
Carolina Hurricanes,8475883,Frederik Andersen,GOALS,0.0,6000,6000,Montréal Canadiens,Carolina Hurricanes,2026-05-25,0
Carolina Hurricanes,8475883,Frederik Andersen,ASSISTS,0.0,6000,6000,Montréal Canadiens,Carolina Hurricanes,2026-05-25,0
Carolina Hurricanes,8475883,Frederik Andersen,POINTS,0.0,6000,6000,Montréal Canadiens,Carolina Hurricanes,2026-05-25,0
Carolina Hurricanes,8475883,Frederik Andersen,BLOCKS,0.0,6000,6000,Montréal Canadiens,Carolina Hurricanes,2026-05-25,0
Carolina Hurricanes,8475883,Frederik Andersen,SAVES,39.1,116,6000,Montréal Canadiens,Carolina Hurricanes,2026-05-25,0
Montréal Canadiens,8480865,Noah Dobson,SOG,3.0,1089,6000,Montréal Canadiens,Carolina Hurricanes,2026-05-25,0
Montréal Canadiens,8480865,Noah Dobson,GOALS,0.0,5321,6000,Montréal Canadiens,Carolina Hurricanes,2026-05-25,0
Montréal Canadiens,8480865,Noah Dobson,ASSISTS,0.0,4171,6000,Montréal Canadiens,Carolina Hurricanes,2026-05-25,0
Montréal Canadiens,8480865,Noah Dobson,POINTS,0.0,3713,6000,Montréal Canadiens,Carolina Hurricanes,2026-05-25,0
Montréal Canadiens,8480865,Noah Dobson,BLOCKS,2.0,1594,6000,Montréal Canadiens,Carolina Hurricanes,2026-05-25,0
Montréal Canadiens,8480865,Noah Dobson,SAVES,0.0,6000,6000,Montréal Canadiens,Carolina Hurricanes,2026-05-25,0
Montréal Canadiens,8478851,Alexandre Carrier,SOG,1.0,1889,6000,Montréal Canadiens,Carolina Hurricanes,2026-05-25,0
Montréal Canadiens,8478851,Alexandre Carrier,GOALS,0.0,5290,6000,Montréal Canadiens,Carolina Hurricanes,2026-05-25,0
Montréal Canadiens,8478851,Alexandre Carrier,ASSISTS,0.0,4481,6000,Montréal Canadiens,Carolina Hurricanes,2026-05-25,0
Montréal Canadiens,8478851,Alexandre Carrier,POINTS,0.0,3938,6000,Montréal Canadiens,Carolina Hurricanes,2026-05-25,0
Montréal Canadiens,8478851,Alexandre Carrier,BLOCKS,0.0,1305,6000,Montréal Canadiens,Carolina Hurricanes,2026-05-25,0
Montréal Canadiens,8478851,Alexandre Carrier,SAVES,0.0,6000,6000,Montréal Canadiens,Carolina Hurricanes,2026-05-25,0
Carolina Hurricanes,8476906,Shayne Gostisbehere,SOG,1.0,1397,6000,Montréal Canadiens,Carolina Hurricanes,2026-05-25,0
Carolina Hurricanes,8476906,Shayne Gostisbehere,GOALS,0.0,5257,6000,Montréal Canadiens,Carolina Hurricanes,2026-05-25,0
Carolina Hurricanes,8476906,Shayne Gostisbehere,ASSISTS,0.0,4053,6000,Montréal Canadiens,Carolina Hurricanes,2026-05-25,0
Carolina Hurricanes,8476906,Shayne Gostisbehere,POINTS,0.0,3536,6000,Montréal Canadiens,Carolina Hurricanes,2026-05-25,0
Carolina Hurricanes,8476906,Shayne Gostisbehere,BLOCKS,0.0,3807,6000,Montréal Canadiens,Carolina Hurricanes,2026-05-25,0
Carolina Hurricanes,8476906,Shayne Gostisbehere,SAVES,0.0,6000,6000,Montréal Canadiens,Carolina Hurricanes,2026-05-25,0
Carolina Hurricanes,8478970,Jalen Chatfield,SOG,3.0,1177,6000,Montréal Canadiens,Carolina Hurricanes,2026-05-25,0
Carolina Hurricanes,8478970,Jalen Chatfield,GOALS,0.0,5314,6000,Montréal Canadiens,Carolina Hurricanes,2026-05-25,0
Carolina Hurricanes,8478970,Jalen Chatfield,ASSISTS,0.0,3919,6000,Montréal Canadiens,Carolina Hurricanes,2026-05-25,0
Carolina Hurricanes,8478970,Jalen Chatfield,POINTS,0.0,3481,6000,Montréal Canadiens,Carolina Hurricanes,2026-05-25,0
Carolina Hurricanes,8478970,Jalen Chatfield,BLOCKS,2.0,1253,6000,Montréal Canadiens,Carolina Hurricanes,2026-05-25,0
Carolina Hurricanes,8478970,Jalen Chatfield,SAVES,0.0,6000,6000,Montréal Canadiens,Carolina Hurricanes,2026-05-25,0
Montréal Canadiens,8481618,Alex Newhook,SOG,1.0,1417,6000,Montréal Canadiens,Carolina Hurricanes,2026-05-25,0
Montréal Canadiens,8481618,Alex Newhook,GOALS,0.0,3884,6000,Montréal Canadiens,Carolina Hurricanes,2026-05-25,0
Montréal Canadiens,8481618,Alex Newhook,ASSISTS,0.0,4698,6000,Montréal Canadiens,Carolina Hurricanes,2026-05-25,0
Montréal Canadiens,8481618,Alex Newhook,POINTS,0.0,3059,6000,Montréal Canadiens,Carolina Hurricanes,2026-05-25,0
Montréal Canadiens,8481618,Alex Newhook,BLOCKS,0.0,3061,6000,Montréal Canadiens,Carolina Hurricanes,2026-05-25,0
Montréal Canadiens,8481618,Alex Newhook,SAVES,0.0,6000,6000,Montréal Canadiens,Carolina Hurricanes,2026-05-25,0
Montréal Canadiens,8478133,Jake Evans,SOG,5.0,231,6000,Montréal Canadiens,Carolina Hurricanes,2026-05-25,0
Montréal Canadiens,8478133,Jake Evans,GOALS,0.0,5179,6000,Montréal Canadiens,Carolina Hurricanes,2026-05-25,0
Montréal Canadiens,8478133,Jake Evans,ASSISTS,0.0,4187,6000,Montréal Canadiens,Carolina Hurricanes,2026-05-25,0
Montréal Canadiens,8478133,Jake Evans,POINTS,0.0,3618,6000,Montréal Canadiens,Carolina Hurricanes,2026-05-25,0
Montréal Canadiens,8478133,Jake Evans,BLOCKS,3.0,186,6000,Montréal Canadiens,Carolina Hurricanes,2026-05-25,0
Montréal Canadiens,8478133,Jake Evans,SAVES,0.0,6000,6000,Montréal Canadiens,Carolina Hurricanes,2026-05-25,0
Montréal Canadiens,8484984,Ivan Demidov,SOG,3.0,1259,6000,Montréal Canadiens,Carolina Hurricanes,2026-05-25,0
Montréal Canadiens,8484984,Ivan Demidov,GOALS,0.0,4778,6000,Montréal Canadiens,Carolina Hurricanes,2026-05-25,0
Montréal Canadiens,8484984,Ivan Demidov,ASSISTS,0.0,4241,6000,Montréal Canadiens,Carolina Hurricanes,2026-05-25,0
Montréal Canadiens,8484984,Ivan Demidov,POINTS,0.0,3359,6000,Montréal Canadiens,Carolina Hurricanes,2026-05-25,0
Montréal Canadiens,8484984,Ivan Demidov,BLOCKS,0.0,3019,6000,Montréal Canadiens,Carolina Hurricanes,2026-05-25,0
Montréal Canadiens,8484984,Ivan Demidov,SAVES,0.0,6000,6000,Montréal Canadiens,Carolina Hurricanes,2026-05-25,0
Montréal Canadiens,8482087,Kaiden Guhle,SOG,0.0,1392,6000,Montréal Canadiens,Carolina Hurricanes,2026-05-25,0
Montréal Canadiens,8482087,Kaiden Guhle,GOALS,0.0,5454,6000,Montréal Canadiens,Carolina Hurricanes,2026-05-25,0
Montréal Canadiens,8482087,Kaiden Guhle,ASSISTS,0.0,4572,6000,Montréal Canadiens,Carolina Hurricanes,2026-05-25,0
Montréal Canadiens,8482087,Kaiden Guhle,POINTS,0.0,4160,6000,Montréal Canadiens,Carolina Hurricanes,2026-05-25,0
Montréal Canadiens,8482087,Kaiden Guhle,BLOCKS,3.0,904,6000,Montréal Canadiens,Carolina Hurricanes,2026-05-25,0
Montréal Canadiens,8482087,Kaiden Guhle,SAVES,0.0,6000,6000,Montréal Canadiens,Carolina Hurricanes,2026-05-25,0
Montréal Canadiens,8483686,Adam Engstrom,SOG,4.0,389,6000,Montréal Canadiens,Carolina Hurricanes,2026-05-25,0
Montréal Canadiens,8483686,Adam Engstrom,GOALS,0.0,5361,6000,Montréal Canadiens,Carolina Hurricanes,2026-05-25,0
Montréal Canadiens,8483686,Adam Engstrom,ASSISTS,1.0,1305,6000,Montréal Canadiens,Carolina Hurricanes,2026-05-25,0
Montréal Canadiens,8483686,Adam Engstrom,POINTS,1.0,1632,6000,Montréal Canadiens,Carolina Hurricanes,2026-05-25,0
Montréal Canadiens,8483686,Adam Engstrom,BLOCKS,0.0,2659,6000,Montréal Canadiens,Carolina Hurricanes,2026-05-25,0
Montréal Canadiens,8483686,Adam Engstrom,SAVES,0.0,6000,6000,Montréal Canadiens,Carolina Hurricanes,2026-05-25,0
Carolina Hurricanes,8485563,Charlie Cerrato,SOG,1.0,1741,6000,Montréal Canadiens,Carolina Hurricanes,2026-05-25,0
Carolina Hurricanes,8485563,Charlie Cerrato,GOALS,0.0,4299,6000,Montréal Canadiens,Carolina Hurricanes,2026-05-25,0
Carolina Hurricanes,8485563,Charlie Cerrato,ASSISTS,0.0,5017,6000,Montréal Canadiens,Carolina Hurricanes,2026-05-25,0
Carolina Hurricanes,8485563,Charlie Cerrato,POINTS,0.0,3557,6000,Montréal Canadiens,Carolina Hurricanes,2026-05-25,0
Carolina Hurricanes,8485563,Charlie Cerrato,BLOCKS,5.0,25,6000,Montréal Canadiens,Carolina Hurricanes,2026-05-25,0
Carolina Hurricanes,8485563,Charlie Cerrato,SAVES,0.0,6000,6000,Montréal Canadiens,Carolina Hurricanes,2026-05-25,0
Carolina Hurricanes,8480829,Jesperi Kotkaniemi,SOG,1.0,1984,6000,Montréal Canadiens,Carolina Hurricanes,2026-05-25,0
Carolina Hurricanes,8480829,Jesperi Kotkaniemi,GOALS,0.0,5494,6000,Montréal Canadiens,Carolina Hurricanes,2026-05-25,0
Carolina Hurricanes,8480829,Jesperi Kotkaniemi,ASSISTS,0.0,4581,6000,Montréal Canadiens,Carolina Hurricanes,2026-05-25,0
Carolina Hurricanes,8480829,Jesperi Kotkaniemi,POINTS,0.0,4183,6000,Montréal Canadiens,Carolina Hurricanes,2026-05-25,0
Carolina Hurricanes,8480829,Jesperi Kotkaniemi,BLOCKS,1.0,1608,6000,Montréal Canadiens,Carolina Hurricanes,2026-05-25,0
Carolina Hurricanes,8480829,Jesperi Kotkaniemi,SAVES,0.0,6000,6000,Montréal Canadiens,Carolina Hurricanes,2026-05-25,0
Carolina Hurricanes,8476873,Mark Jankowski,SOG,2.0,1520,6000,Montréal Canadiens,Carolina Hurricanes,2026-05-25,0
Carolina Hurricanes,8476873,Mark Jankowski,GOALS,0.0,5303,6000,Montréal Canadiens,Carolina Hurricanes,2026-05-25,0
Carolina Hurricanes,8476873,Mark Jankowski,ASSISTS,0.0,4569,6000,Montréal Canadiens,Carolina Hurricanes,2026-05-25,0
Carolina Hurricanes,8476873,Mark Jankowski,POINTS,0.0,4018,6000,Montréal Canadiens,Carolina Hurricanes,2026-05-25,0
Carolina Hurricanes,8476873,Mark Jankowski,BLOCKS,1.0,2120,6000,Montréal Canadiens,Carolina Hurricanes,2026-05-25,0
Carolina Hurricanes,8476873,Mark Jankowski,SAVES,0.0,6000,6000,Montréal Canadiens,Carolina Hurricanes,2026-05-25,0
Montréal Canadiens,8476479,Phillip Danault,SOG,3.0,965,6000,Montréal Canadiens,Carolina Hurricanes,2026-05-25,0
Montréal Canadiens,8476479,Phillip Danault,GOALS,0.0,4876,6000,Montréal Canadiens,Carolina Hurricanes,2026-05-25,0
Montréal Canadiens,8476479,Phillip Danault,ASSISTS,0.0,4709,6000,Montréal Canadiens,Carolina Hurricanes,2026-05-25,0
Montréal Canadiens,8476479,Phillip Danault,POINTS,0.0,3829,6000,Montréal Canadiens,Carolina Hurricanes,2026-05-25,0
Montréal Canadiens,8476479,Phillip Danault,BLOCKS,3.0,322,6000,Montréal Canadiens,Carolina Hurricanes,2026-05-25,0
Montréal Canadiens,8476479,Phillip Danault,SAVES,0.0,6000,6000,Montréal Canadiens,Carolina Hurricanes,2026-05-25,0
Montréal Canadiens,8476981,Josh Anderson,SOG,1.0,1536,6000,Montréal Canadiens,Carolina Hurricanes,2026-05-25,0
Montréal Canadiens,8476981,Josh Anderson,GOALS,0.0,5056,6000,Montréal Canadiens,Carolina Hurricanes,2026-05-25,0
Montréal Canadiens,8476981,Josh Anderson,ASSISTS,0.0,4542,6000,Montréal Canadiens,Carolina Hurricanes,2026-05-25,0
Montréal Canadiens,8476981,Josh Anderson,POINTS,0.0,3835,6000,Montréal Canadiens,Carolina Hurricanes,2026-05-25,0
Montréal Canadiens,8476981,Josh Anderson,BLOCKS,0.0,4368,6000,Montréal Canadiens,Carolina Hurricanes,2026-05-25,0
Montréal Canadiens,8476981,Josh Anderson,SAVES,0.0,6000,6000,Montréal Canadiens,Carolina Hurricanes,2026-05-25,0
Montréal Canadiens,8483424,Owen Beck,SOG,2.0,1611,6000,Montréal Canadiens,Carolina Hurricanes,2026-05-25,0
Montréal Canadiens,8483424,Owen Beck,GOALS,0.0,5222,6000,Montréal Canadiens,Carolina Hurricanes,2026-05-25,0
Montréal Canadiens,8483424,Owen Beck,ASSISTS,0.0,4574,6000,Montréal Canadiens,Carolina Hurricanes,2026-05-25,0
Montréal Canadiens,8483424,Owen Beck,POINTS,0.0,3980,6000,Montréal Canadiens,Carolina Hurricanes,2026-05-25,0
Montréal Canadiens,8483424,Owen Beck,BLOCKS,0.0,4031,6000,Montréal Canadiens,Carolina Hurricanes,2026-05-25,0
Montréal Canadiens,8483424,Owen Beck,SAVES,0.0,6000,6000,Montréal Canadiens,Carolina Hurricanes,2026-05-25,0
Carolina Hurricanes,8482809,Jackson Blake,SOG,6.0,190,6000,Montréal Canadiens,Carolina Hurricanes,2026-05-25,0
Carolina Hurricanes,8482809,Jackson Blake,GOALS,1.0,1348,6000,Montréal Canadiens,Carolina Hurricanes,2026-05-25,0
Carolina Hurricanes,8482809,Jackson Blake,ASSISTS,0.0,4320,6000,Montréal Canadiens,Carolina Hurricanes,2026-05-25,0
Carolina Hurricanes,8482809,Jackson Blake,POINTS,1.0,2072,6000,Montréal Canadiens,Carolina Hurricanes,2026-05-25,0
Carolina Hurricanes,8482809,Jackson Blake,BLOCKS,1.0,1743,6000,Montréal Canadiens,Carolina Hurricanes,2026-05-25,0
Carolina Hurricanes,8482809,Jackson Blake,SAVES,0.0,6000,6000,Montréal Canadiens,Carolina Hurricanes,2026-05-25,0
Carolina Hurricanes,8473533,Jordan Staal,SOG,1.0,1446,6000,Montréal Canadiens,Carolina Hurricanes,2026-05-25,0
Carolina Hurricanes,8473533,Jordan Staal,GOALS,0.0,4632,6000,Montréal Canadiens,Carolina Hurricanes,2026-05-25,0
Carolina Hurricanes,8473533,Jordan Staal,ASSISTS,0.0,4289,6000,Montréal Canadiens,Carolina Hurricanes,2026-05-25,0
Carolina Hurricanes,8473533,Jordan Staal,POINTS,0.0,3294,6000,Montréal Canadiens,Carolina Hurricanes,2026-05-25,0
Carolina Hurricanes,8473533,Jordan Staal,BLOCKS,2.0,869,6000,Montréal Canadiens,Carolina Hurricanes,2026-05-25,0
Carolina Hurricanes,8473533,Jordan Staal,SAVES,0.0,6000,6000,Montréal Canadiens,Carolina Hurricanes,2026-05-25,0
Carolina Hurricanes,8480830,Andrei Svechnikov,SOG,1.0,986,6000,Montréal Canadiens,Carolina Hurricanes,2026-05-25,0
Carolina Hurricanes,8480830,Andrei Svechnikov,GOALS,0.0,4726,6000,Montréal Canadiens,Carolina Hurricanes,2026-05-25,0
Carolina Hurricanes,8480830,Andrei Svechnikov,ASSISTS,0.0,4193,6000,Montréal Canadiens,Carolina Hurricanes,2026-05-25,0
Carolina Hurricanes,8480830,Andrei Svechnikov,POINTS,0.0,3282,6000,Montréal Canadiens,Carolina Hurricanes,2026-05-25,0
Carolina Hurricanes,8480830,Andrei Svechnikov,BLOCKS,0.0,2751,6000,Montréal Canadiens,Carolina Hurricanes,2026-05-25,0
Carolina Hurricanes,8480830,Andrei Svechnikov,SAVES,0.0,6000,6000,Montréal Canadiens,Carolina Hurricanes,2026-05-25,0
Carolina Hurricanes,8480336,Sean Walker,SOG,1.0,1728,6000,Montréal Canadiens,Carolina Hurricanes,2026-05-25,0
Carolina Hurricanes,8480336,Sean Walker,GOALS,0.0,5392,6000,Montréal Canadiens,Carolina Hurricanes,2026-05-25,0
Carolina Hurricanes,8480336,Sean Walker,ASSISTS,0.0,4193,6000,Montréal Canadiens,Carolina Hurricanes,2026-05-25,0
Carolina Hurricanes,8480336,Sean Walker,POINTS,0.0,3761,6000,Montréal Canadiens,Carolina Hurricanes,2026-05-25,0
Carolina Hurricanes,8480336,Sean Walker,BLOCKS,1.0,2121,6000,Montréal Canadiens,Carolina Hurricanes,2026-05-25,0
Carolina Hurricanes,8480336,Sean Walker,SAVES,0.0,6000,6000,Montréal Canadiens,Carolina Hurricanes,2026-05-25,0
Carolina Hurricanes,8482702,Logan Stankoven,SOG,3.0,1311,6000,Montréal Canadiens,Carolina Hurricanes,2026-05-25,0
Carolina Hurricanes,8482702,Logan Stankoven,GOALS,0.0,3987,6000,Montréal Canadiens,Carolina Hurricanes,2026-05-25,0
Carolina Hurricanes,8482702,Logan Stankoven,ASSISTS,0.0,4654,6000,Montréal Canadiens,Carolina Hurricanes,2026-05-25,0
Carolina Hurricanes,8482702,Logan Stankoven,POINTS,0.0,3087,6000,Montréal Canadiens,Carolina Hurricanes,2026-05-25,0
Carolina Hurricanes,8482702,Logan Stankoven,BLOCKS,1.0,1751,6000,Montréal Canadiens,Carolina Hurricanes,2026-05-25,0
Carolina Hurricanes,8482702,Logan Stankoven,SAVES,0.0,6000,6000,Montréal Canadiens,Carolina Hurricanes,2026-05-25,0
Carolina Hurricanes,8476921,Jordan Martinook,SOG,3.0,985,6000,Montréal Canadiens,Carolina Hurricanes,2026-05-25,0
Carolina Hurricanes,8476921,Jordan Martinook,GOALS,0.0,5522,6000,Montréal Canadiens,Carolina Hurricanes,2026-05-25,0
Carolina Hurricanes,8476921,Jordan Martinook,ASSISTS,0.0,4197,6000,Montréal Canadiens,Carolina Hurricanes,2026-05-25,0
Carolina Hurricanes,8476921,Jordan Martinook,POINTS,0.0,3854,6000,Montréal Canadiens,Carolina Hurricanes,2026-05-25,0
Carolina Hurricanes,8476921,Jordan Martinook,BLOCKS,1.0,2189,6000,Montréal Canadiens,Carolina Hurricanes,2026-05-25,0
Carolina Hurricanes,8476921,Jordan Martinook,SAVES,0.0,6000,6000,Montréal Canadiens,Carolina Hurricanes,2026-05-25,0
Carolina Hurricanes,8475791,Taylor Hall,SOG,2.0,1582,6000,Montréal Canadiens,Carolina Hurricanes,2026-05-25,0
Carolina Hurricanes,8475791,Taylor Hall,GOALS,0.0,4478,6000,Montréal Canadiens,Carolina Hurricanes,2026-05-25,0
Carolina Hurricanes,8475791,Taylor Hall,ASSISTS,0.0,4510,6000,Montréal Canadiens,Carolina Hurricanes,2026-05-25,0
Carolina Hurricanes,8475791,Taylor Hall,POINTS,0.0,3377,6000,Montréal Canadiens,Carolina Hurricanes,2026-05-25,0
Carolina Hurricanes,8475791,Taylor Hall,BLOCKS,2.0,529,6000,Montréal Canadiens,Carolina Hurricanes,2026-05-25,0
Carolina Hurricanes,8475791,Taylor Hall,SAVES,0.0,6000,6000,Montréal Canadiens,Carolina Hurricanes,2026-05-25,0
Carolina Hurricanes,8482100,Alexander Nikishin,SOG,3.0,786,6000,Montréal Canadiens,Carolina Hurricanes,2026-05-25,0
Carolina Hurricanes,8482100,Alexander Nikishin,GOALS,0.0,5452,6000,Montréal Canadiens,Carolina Hurricanes,2026-05-25,0
Carolina Hurricanes,8482100,Alexander Nikishin,ASSISTS,0.0,4600,6000,Montréal Canadiens,Carolina Hurricanes,2026-05-25,0
Carolina Hurricanes,8482100,Alexander Nikishin,POINTS,0.0,4171,6000,Montréal Canadiens,Carolina Hurricanes,2026-05-25,0
Carolina Hurricanes,8482100,Alexander Nikishin,BLOCKS,0.0,2689,6000,Montréal Canadiens,Carolina Hurricanes,2026-05-25,0
Carolina Hurricanes,8482100,Alexander Nikishin,SAVES,0.0,6000,6000,Montréal Canadiens,Carolina Hurricanes,2026-05-25,0
Montréal Canadiens,8479339,Patrik Laine,SOG,3.0,1107,6000,Montréal Canadiens,Carolina Hurricanes,2026-05-25,0
Montréal Canadiens,8479339,Patrik Laine,GOALS,0.0,4897,6000,Montréal Canadiens,Carolina Hurricanes,2026-05-25,0
Montréal Canadiens,8479339,Patrik Laine,ASSISTS,1.0,1201,6000,Montréal Canadiens,Carolina Hurricanes,2026-05-25,0
Montréal Canadiens,8479339,Patrik Laine,POINTS,1.0,1740,6000,Montréal Canadiens,Carolina Hurricanes,2026-05-25,0
Montréal Canadiens,8479339,Patrik Laine,BLOCKS,0.0,2905,6000,Montréal Canadiens,Carolina Hurricanes,2026-05-25,0
Montréal Canadiens,8479339,Patrik Laine,SAVES,0.0,6000,6000,Montréal Canadiens,Carolina Hurricanes,2026-05-25,0
Montréal Canadiens,8484403,Florian Xhekaj,SOG,2.0,1403,6000,Montréal Canadiens,Carolina Hurricanes,2026-05-25,0
Montréal Canadiens,8484403,Florian Xhekaj,GOALS,1.0,495,6000,Montréal Canadiens,Carolina Hurricanes,2026-05-25,0
Montréal Canadiens,8484403,Florian Xhekaj,ASSISTS,0.0,4631,6000,Montréal Canadiens,Carolina Hurricanes,2026-05-25,0
Montréal Canadiens,8484403,Florian Xhekaj,POINTS,1.0,1460,6000,Montréal Canadiens,Carolina Hurricanes,2026-05-25,0
Montréal Canadiens,8484403,Florian Xhekaj,BLOCKS,1.0,1817,6000,Montréal Canadiens,Carolina Hurricanes,2026-05-25,0
Montréal Canadiens,8484403,Florian Xhekaj,SAVES,0.0,6000,6000,Montréal Canadiens,Carolina Hurricanes,2026-05-25,0
Montréal Canadiens,8480074,Alexandre Texier,SOG,2.0,1563,6000,Montréal Canadiens,Carolina Hurricanes,2026-05-25,0
Montréal Canadiens,8480074,Alexandre Texier,GOALS,0.0,4624,6000,Montréal Canadiens,Carolina Hurricanes,2026-05-25,0
Montréal Canadiens,8480074,Alexandre Texier,ASSISTS,0.0,4860,6000,Montréal Canadiens,Carolina Hurricanes,2026-05-25,0
Montréal Canadiens,8480074,Alexandre Texier,POINTS,0.0,3741,6000,Montréal Canadiens,Carolina Hurricanes,2026-05-25,0
Montréal Canadiens,8480074,Alexandre Texier,BLOCKS,0.0,4382,6000,Montréal Canadiens,Carolina Hurricanes,2026-05-25,0
Montréal Canadiens,8480074,Alexandre Texier,SAVES,0.0,6000,6000,Montréal Canadiens,Carolina Hurricanes,2026-05-25,0
Montréal Canadiens,8480018,Nick Suzuki,SOG,2.0,1131,6000,Montréal Canadiens,Carolina Hurricanes,2026-05-25,0
Montréal Canadiens,8483515,Juraj Slafkovský,SOG,2.0,1040,6000,Montréal Canadiens,Carolina Hurricanes,2026-05-25,0
Montréal Canadiens,8483515,Juraj Slafkovský,BLOCKS,2.0,1483,6000,Montréal Canadiens,Carolina Hurricanes,2026-05-25,0
Montréal Canadiens,8481540,Cole Caufield,BLOCKS,1.0,1513,6000,Montréal Canadiens,Carolina Hurricanes,2026-05-25,0
Montréal Canadiens,8483457,Lane Hutson,SOG,3.0,1244,6000,Montréal Canadiens,Carolina Hurricanes,2026-05-25,0
Montréal Canadiens,8483457,Lane Hutson,BLOCKS,0.0,804,6000,Montréal Canadiens,Carolina Hurricanes,2026-05-25,0
Montréal Canadiens,8476875,Mike Matheson,SOG,3.0,1385,6000,Montréal Canadiens,Carolina Hurricanes,2026-05-25,0
Carolina Hurricanes,8478427,Sebastian Aho,SOG,6.0,614,6000,Montréal Canadiens,Carolina Hurricanes,2026-05-25,0
Carolina Hurricanes,8478427,Sebastian Aho,GOALS,1.0,2030,6000,Montréal Canadiens,Carolina Hurricanes,2026-05-25,0
Carolina Hurricanes,8478427,Sebastian Aho,POINTS,2.0,1277,6000,Montréal Canadiens,Carolina Hurricanes,2026-05-25,0
Carolina Hurricanes,8482093,Seth Jarvis,GOALS,1.0,1392,6000,Montréal Canadiens,Carolina Hurricanes,2026-05-25,0
Carolina Hurricanes,8482093,Seth Jarvis,ASSISTS,1.0,2036,6000,Montréal Canadiens,Carolina Hurricanes,2026-05-25,0
Carolina Hurricanes,8482093,Seth Jarvis,POINTS,2.0,1075,6000,Montréal Canadiens,Carolina Hurricanes,2026-05-25,0
Carolina Hurricanes,8477940,Nikolaj Ehlers,GOALS,0.0,3592,6000,Montréal Canadiens,Carolina Hurricanes,2026-05-25,0
Carolina Hurricanes,8477940,Nikolaj Ehlers,ASSISTS,2.0,520,6000,Montréal Canadiens,Carolina Hurricanes,2026-05-25,0
Carolina Hurricanes,8477940,Nikolaj Ehlers,POINTS,2.0,1175,6000,Montréal Canadiens,Carolina Hurricanes,2026-05-25,0
Carolina Hurricanes,8476958,Jaccob Slavin,SOG,2.0,1028,6000,Montréal Canadiens,Carolina Hurricanes,2026-05-25,0
Carolina Hurricanes,8476958,Jaccob Slavin,ASSISTS,0.0,2996,6000,Montréal Canadiens,Carolina Hurricanes,2026-05-25,0
Carolina Hurricanes,8476958,Jaccob Slavin,POINTS,0.0,2529,6000,Montréal Canadiens,Carolina Hurricanes,2026-05-25,0
Carolina Hurricanes,8476958,Jaccob Slavin,BLOCKS,0.0,435,6000,Montréal Canadiens,Carolina Hurricanes,2026-05-25,0
Carolina Hurricanes,8480817,K'Andre Miller,SOG,1.0,1048,6000,Montréal Canadiens,Carolina Hurricanes,2026-05-25,0
Montréal Canadiens,8482487,Jakub Dobes,SAVES,38.25,272,6000,Montréal Canadiens,Carolina Hurricanes,2026-05-25,0
Carolina Hurricanes,8475883,Frederik Andersen,SAVES,23.8,180,6000,Montréal Canadiens,Carolina Hurricanes,2026-05-25,0
Montréal Canadiens,8479339,Patrik Laine,SOG,0.0,803,6000,Montréal Canadiens,Carolina Hurricanes,2026-05-25,0
Montréal Canadiens,8479339,Patrik Laine,ASSISTS,0.0,4663,6000,Montréal Canadiens,Carolina Hurricanes,2026-05-25,0
Montréal Canadiens,8479339,Patrik Laine,POINTS,0.0,3809,6000,Montréal Canadiens,Carolina Hurricanes,2026-05-25,0
Montréal Canadiens,8484403,Florian Xhekaj,SOG,1.0,2061,6000,Montréal Canadiens,Carolina Hurricanes,2026-05-25,0
Montréal Canadiens,8484403,Florian Xhekaj,GOALS,0.0,5487,6000,Montréal Canadiens,Carolina Hurricanes,2026-05-25,0
Montréal Canadiens,8484403,Florian Xhekaj,POINTS,0.0,4241,6000,Montréal Canadiens,Carolina Hurricanes,2026-05-25,0
Montréal Canadiens,8484403,Florian Xhekaj,BLOCKS,0.0,3623,6000,Montréal Canadiens,Carolina Hurricanes,2026-05-25,0
Carolina Hurricanes,8482702,Logan Stankoven,SOG,7.0,66,6000,Montréal Canadiens,Carolina Hurricanes,2026-05-25,0
Carolina Hurricanes,8482702,Logan Stankoven,GOALS,1.0,1661,6000,Montréal Canadiens,Carolina Hurricanes,2026-05-25,0
Carolina Hurricanes,8482702,Logan Stankoven,POINTS,1.0,2087,6000,Montréal Canadiens,Carolina Hurricanes,2026-05-25,0
Carolina Hurricanes,8482702,Logan Stankoven,BLOCKS,0.0,3739,6000,Montréal Canadiens,Carolina Hurricanes,2026-05-25,0
Carolina Hurricanes,8476921,Jordan Martinook,BLOCKS,0.0,2222,6000,Montréal Canadiens,Carolina Hurricanes,2026-05-25,0
Carolina Hurricanes,8475791,Taylor Hall,SOG,1.0,1579,6000,Montréal Canadiens,Carolina Hurricanes,2026-05-25,0
Carolina Hurricanes,8475791,Taylor Hall,ASSISTS,1.0,1311,6000,Montréal Canadiens,Carolina Hurricanes,2026-05-25,0
Carolina Hurricanes,8475791,Taylor Hall,POINTS,1.0,1935,6000,Montréal Canadiens,Carolina Hurricanes,2026-05-25,0
Carolina Hurricanes,8475791,Taylor Hall,BLOCKS,0.0,3406,6000,Montréal Canadiens,Carolina Hurricanes,2026-05-25,0
Carolina Hurricanes,8478970,Jalen Chatfield,SOG,2.0,1624,6000,Montréal Canadiens,Carolina Hurricanes,2026-05-25,0
Carolina Hurricanes,8478970,Jalen Chatfield,BLOCKS,0.0,1855,6000,Montréal Canadiens,Carolina Hurricanes,2026-05-25,0
Montréal Canadiens,8476479,Phillip Danault,SOG,0.0,1003,6000,Montréal Canadiens,Carolina Hurricanes,2026-05-25,0
Montréal Canadiens,8476479,Phillip Danault,BLOCKS,0.0,2309,6000,Montréal Canadiens,Carolina Hurricanes,2026-05-25,0
Montréal Canadiens,8476981,Josh Anderson,SOG,0.0,682,6000,Montréal Canadiens,Carolina Hurricanes,2026-05-25,0
Montréal Canadiens,8483424,Owen Beck,SOG,1.0,1820,6000,Montréal Canadiens,Carolina Hurricanes,2026-05-25,0
Montréal Canadiens,8480865,Noah Dobson,GOALS,1.0,643,6000,Montréal Canadiens,Carolina Hurricanes,2026-05-25,0
Montréal Canadiens,8480865,Noah Dobson,POINTS,1.0,1748,6000,Montréal Canadiens,Carolina Hurricanes,2026-05-25,0
Montréal Canadiens,8478851,Alexandre Carrier,SOG,2.0,1525,6000,Montréal Canadiens,Carolina Hurricanes,2026-05-25,0
Montréal Canadiens,8478851,Alexandre Carrier,ASSISTS,1.0,1315,6000,Montréal Canadiens,Carolina Hurricanes,2026-05-25,0
Montréal Canadiens,8478851,Alexandre Carrier,POINTS,1.0,1686,6000,Montréal Canadiens,Carolina Hurricanes,2026-05-25,0
Montréal Canadiens,8478851,Alexandre Carrier,BLOCKS,2.0,1574,6000,Montréal Canadiens,Carolina Hurricanes,2026-05-25,0
Carolina Hurricanes,8482809,Jackson Blake,SOG,1.0,1243,6000,Montréal Canadiens,Carolina Hurricanes,2026-05-25,0
Carolina Hurricanes,8482809,Jackson Blake,GOALS,0.0,4428,6000,Montréal Canadiens,Carolina Hurricanes,2026-05-25,0
Carolina Hurricanes,8482809,Jackson Blake,POINTS,0.0,3159,6000,Montréal Canadiens,Carolina Hurricanes,2026-05-25,0
Carolina Hurricanes,8482809,Jackson Blake,BLOCKS,2.0,413,6000,Montréal Canadiens,Carolina Hurricanes,2026-05-25,0
Carolina Hurricanes,8473533,Jordan Staal,SOG,3.0,1170,6000,Montréal Canadiens,Carolina Hurricanes,2026-05-25,0
Carolina Hurricanes,8480830,Andrei Svechnikov,SOG,3.0,1301,6000,Montréal Canadiens,Carolina Hurricanes,2026-05-25,0
Montréal Canadiens,8481618,Alex Newhook,SOG,2.0,1497,6000,Montréal Canadiens,Carolina Hurricanes,2026-05-25,0
Montréal Canadiens,8481618,Alex Newhook,GOALS,1.0,1692,6000,Montréal Canadiens,Carolina Hurricanes,2026-05-25,0
Montréal Canadiens,8481618,Alex Newhook,POINTS,1.0,2047,6000,Montréal Canadiens,Carolina Hurricanes,2026-05-25,0
Montréal Canadiens,8478133,Jake Evans,SOG,3.0,986,6000,Montréal Canadiens,Carolina Hurricanes,2026-05-25,0
Montréal Canadiens,8478133,Jake Evans,ASSISTS,1.0,1522,6000,Montréal Canadiens,Carolina Hurricanes,2026-05-25,0
Montréal Canadiens,8478133,Jake Evans,POINTS,1.0,1841,6000,Montréal Canadiens,Carolina Hurricanes,2026-05-25,0
Montréal Canadiens,8478133,Jake Evans,BLOCKS,0.0,2915,6000,Montréal Canadiens,Carolina Hurricanes,2026-05-25,0
Carolina Hurricanes,8480336,Sean Walker,SOG,0.0,1057,6000,Montréal Canadiens,Carolina Hurricanes,2026-05-25,0
Carolina Hurricanes,8480336,Sean Walker,ASSISTS,1.0,1528,6000,Montréal Canadiens,Carolina Hurricanes,2026-05-25,0
Carolina Hurricanes,8480336,Sean Walker,POINTS,1.0,1797,6000,Montréal Canadiens,Carolina Hurricanes,2026-05-25,0
Carolina Hurricanes,8480336,Sean Walker,BLOCKS,0.0,1660,6000,Montréal Canadiens,Carolina Hurricanes,2026-05-25,0
Montréal Canadiens,8483686,Adam Engstrom,SOG,0.0,1109,6000,Montréal Canadiens,Carolina Hurricanes,2026-05-25,0
Montréal Canadiens,8483686,Adam Engstrom,ASSISTS,0.0,4477,6000,Montréal Canadiens,Carolina Hurricanes,2026-05-25,0
Montréal Canadiens,8483686,Adam Engstrom,POINTS,0.0,3993,6000,Montréal Canadiens,Carolina Hurricanes,2026-05-25,0
Carolina Hurricanes,8476906,Shayne Gostisbehere,SOG,5.0,293,6000,Montréal Canadiens,Carolina Hurricanes,2026-05-25,0
Carolina Hurricanes,8476906,Shayne Gostisbehere,ASSISTS,1.0,1624,6000,Montréal Canadiens,Carolina Hurricanes,2026-05-25,0
Carolina Hurricanes,8476906,Shayne Gostisbehere,POINTS,1.0,1924,6000,Montréal Canadiens,Carolina Hurricanes,2026-05-25,0
Carolina Hurricanes,8482100,Alexander Nikishin,SOG,4.0,336,6000,Montréal Canadiens,Carolina Hurricanes,2026-05-25,0
Carolina Hurricanes,8482100,Alexander Nikishin,ASSISTS,1.0,1219,6000,Montréal Canadiens,Carolina Hurricanes,2026-05-25,0
Carolina Hurricanes,8482100,Alexander Nikishin,POINTS,1.0,1519,6000,Montréal Canadiens,Carolina Hurricanes,2026-05-25,0
Carolina Hurricanes,8482100,Alexander Nikishin,BLOCKS,1.0,2158,6000,Montréal Canadiens,Carolina Hurricanes,2026-05-25,0
Carolina Hurricanes,8485563,Charlie Cerrato,SOG,4.0,448,6000,Montréal Canadiens,Carolina Hurricanes,2026-05-25,0
Carolina Hurricanes,8485563,Charlie Cerrato,GOALS,1.0,1444,6000,Montréal Canadiens,Carolina Hurricanes,2026-05-25,0
Carolina Hurricanes,8485563,Charlie Cerrato,POINTS,1.0,1913,6000,Montréal Canadiens,Carolina Hurricanes,2026-05-25,0
Carolina Hurricanes,8485563,Charlie Cerrato,BLOCKS,0.0,2389,6000,Montréal Canadiens,Carolina Hurricanes,2026-05-25,0
Carolina Hurricanes,8480829,Jesperi Kotkaniemi,BLOCKS,0.0,4044,6000,Montréal Canadiens,Carolina Hurricanes,2026-05-25,0
Carolina Hurricanes,8476873,Mark Jankowski,SOG,0.0,1175,6000,Montréal Canadiens,Carolina Hurricanes,2026-05-25,0
Carolina Hurricanes,8476873,Mark Jankowski,BLOCKS,0.0,2664,6000,Montréal Canadiens,Carolina Hurricanes,2026-05-25,0
Montréal Canadiens,8480018,Nick Suzuki,SOG,4.0,1152,6000,Montréal Canadiens,Carolina Hurricanes,2026-05-25,0
Montréal Canadiens,8480018,Nick Suzuki,GOALS,1.0,1682,6000,Montréal Canadiens,Carolina Hurricanes,2026-05-25,0
Montréal Canadiens,8480018,Nick Suzuki,ASSISTS,1.0,1845,6000,Montréal Canadiens,Carolina Hurricanes,2026-05-25,0
Montréal Canadiens,8480018,Nick Suzuki,POINTS,2.0,1032,6000,Montréal Canadiens,Carolina Hurricanes,2026-05-25,0
Montréal Canadiens,8480018,Nick Suzuki,BLOCKS,1.0,2034,6000,Montréal Canadiens,Carolina Hurricanes,2026-05-25,0
Montréal Canadiens,8483515,Juraj Slafkovský,SOG,8.0,126,6000,Montréal Canadiens,Carolina Hurricanes,2026-05-25,0
Montréal Canadiens,8483515,Juraj Slafkovský,GOALS,1.0,1567,6000,Montréal Canadiens,Carolina Hurricanes,2026-05-25,0
Montréal Canadiens,8483515,Juraj Slafkovský,ASSISTS,1.0,1887,6000,Montréal Canadiens,Carolina Hurricanes,2026-05-25,0
Montréal Canadiens,8483515,Juraj Slafkovský,POINTS,2.0,1051,6000,Montréal Canadiens,Carolina Hurricanes,2026-05-25,0
Montréal Canadiens,8481540,Cole Caufield,SOG,6.0,510,6000,Montréal Canadiens,Carolina Hurricanes,2026-05-25,0
Montréal Canadiens,8481540,Cole Caufield,GOALS,1.0,1896,6000,Montréal Canadiens,Carolina Hurricanes,2026-05-25,0
Montréal Canadiens,8481540,Cole Caufield,ASSISTS,1.0,1769,6000,Montréal Canadiens,Carolina Hurricanes,2026-05-25,0
Montréal Canadiens,8481540,Cole Caufield,POINTS,2.0,1158,6000,Montréal Canadiens,Carolina Hurricanes,2026-05-25,0
Montréal Canadiens,8483457,Lane Hutson,ASSISTS,1.0,1881,6000,Montréal Canadiens,Carolina Hurricanes,2026-05-25,0
Montréal Canadiens,8483457,Lane Hutson,POINTS,1.0,2079,6000,Montréal Canadiens,Carolina Hurricanes,2026-05-25,0
Montréal Canadiens,8483457,Lane Hutson,BLOCKS,1.0,1647,6000,Montréal Canadiens,Carolina Hurricanes,2026-05-25,0
Montréal Canadiens,8476875,Mike Matheson,ASSISTS,2.0,545,6000,Montréal Canadiens,Carolina Hurricanes,2026-05-25,0
Montréal Canadiens,8476875,Mike Matheson,POINTS,2.0,700,6000,Montréal Canadiens,Carolina Hurricanes,2026-05-25,0
Carolina Hurricanes,8478427,Sebastian Aho,SOG,4.0,1177,6000,Montréal Canadiens,Carolina Hurricanes,2026-05-25,0
Carolina Hurricanes,8478427,Sebastian Aho,ASSISTS,0.0,3664,6000,Montréal Canadiens,Carolina Hurricanes,2026-05-25,0
Carolina Hurricanes,8478427,Sebastian Aho,POINTS,0.0,1941,6000,Montréal Canadiens,Carolina Hurricanes,2026-05-25,0
Carolina Hurricanes,8478427,Sebastian Aho,BLOCKS,4.0,102,6000,Montréal Canadiens,Carolina Hurricanes,2026-05-25,0
Carolina Hurricanes,8482093,Seth Jarvis,SOG,7.0,374,6000,Montréal Canadiens,Carolina Hurricanes,2026-05-25,0
Carolina Hurricanes,8482093,Seth Jarvis,POINTS,1.0,2231,6000,Montréal Canadiens,Carolina Hurricanes,2026-05-25,0
Carolina Hurricanes,8482093,Seth Jarvis,BLOCKS,3.0,606,6000,Montréal Canadiens,Carolina Hurricanes,2026-05-25,0
Carolina Hurricanes,8477940,Nikolaj Ehlers,SOG,6.0,573,6000,Montréal Canadiens,Carolina Hurricanes,2026-05-25,0
Carolina Hurricanes,8477940,Nikolaj Ehlers,GOALS,2.0,449,6000,Montréal Canadiens,Carolina Hurricanes,2026-05-25,0
Carolina Hurricanes,8477940,Nikolaj Ehlers,BLOCKS,0.0,2344,6000,Montréal Canadiens,Carolina Hurricanes,2026-05-25,0
Carolina Hurricanes,8476958,Jaccob Slavin,SOG,8.0,142,6000,Montréal Canadiens,Carolina Hurricanes,2026-05-25,0
Carolina Hurricanes,8476958,Jaccob Slavin,ASSISTS,2.0,753,6000,Montréal Canadiens,Carolina Hurricanes,2026-05-25,0
Carolina Hurricanes,8476958,Jaccob Slavin,POINTS,2.0,1005,6000,Montréal Canadiens,Carolina Hurricanes,2026-05-25,0
Carolina Hurricanes,8476958,Jaccob Slavin,BLOCKS,4.0,879,6000,Montréal Canadiens,Carolina Hurricanes,2026-05-25,0
Carolina Hurricanes,8480817,K'Andre Miller,SOG,0.0,382,6000,Montréal Canadiens,Carolina Hurricanes,2026-05-25,0
Carolina Hurricanes,8480817,K'Andre Miller,ASSISTS,1.0,1931,6000,Montréal Canadiens,Carolina Hurricanes,2026-05-25,0
Carolina Hurricanes,8480817,K'Andre Miller,POINTS,1.0,2134,6000,Montréal Canadiens,Carolina Hurricanes,2026-05-25,0
Carolina Hurricanes,8480817,K'Andre Miller,BLOCKS,1.0,2171,6000,Montréal Canadiens,Carolina Hurricanes,2026-05-25,0
Carolina Hurricanes,8475883,Frederik Andersen,SAVES,34.85,275,6000,Montréal Canadiens,Carolina Hurricanes,2026-05-25,0
Montréal Canadiens,8481618,Alex Newhook,GOALS,2.0,372,6000,Montréal Canadiens,Carolina Hurricanes,2026-05-25,0
Montréal Canadiens,8481618,Alex Newhook,POINTS,2.0,709,6000,Montréal Canadiens,Carolina Hurricanes,2026-05-25,0
Montréal Canadiens,8478133,Jake Evans,SOG,2.0,1571,6000,Montréal Canadiens,Carolina Hurricanes,2026-05-25,0
Montréal Canadiens,8478133,Jake Evans,GOALS,1.0,765,6000,Montréal Canadiens,Carolina Hurricanes,2026-05-25,0
Montréal Canadiens,8478133,Jake Evans,POINTS,2.0,461,6000,Montréal Canadiens,Carolina Hurricanes,2026-05-25,0
Montréal Canadiens,8484984,Ivan Demidov,GOALS,1.0,1076,6000,Montréal Canadiens,Carolina Hurricanes,2026-05-25,0
Montréal Canadiens,8484984,Ivan Demidov,ASSISTS,1.0,1489,6000,Montréal Canadiens,Carolina Hurricanes,2026-05-25,0
Montréal Canadiens,8484984,Ivan Demidov,POINTS,2.0,553,6000,Montréal Canadiens,Carolina Hurricanes,2026-05-25,0
Montréal Canadiens,8484984,Ivan Demidov,BLOCKS,1.0,2070,6000,Montréal Canadiens,Carolina Hurricanes,2026-05-25,0
Carolina Hurricanes,8482809,Jackson Blake,SOG,2.0,1542,6000,Montréal Canadiens,Carolina Hurricanes,2026-05-25,0
Carolina Hurricanes,8482809,Jackson Blake,BLOCKS,0.0,3764,6000,Montréal Canadiens,Carolina Hurricanes,2026-05-25,0
Carolina Hurricanes,8473533,Jordan Staal,BLOCKS,0.0,2711,6000,Montréal Canadiens,Carolina Hurricanes,2026-05-25,0
Carolina Hurricanes,8478970,Jalen Chatfield,SOG,1.0,1375,6000,Montréal Canadiens,Carolina Hurricanes,2026-05-25,0
Carolina Hurricanes,8478970,Jalen Chatfield,ASSISTS,1.0,1660,6000,Montréal Canadiens,Carolina Hurricanes,2026-05-25,0
Carolina Hurricanes,8478970,Jalen Chatfield,POINTS,1.0,1869,6000,Montréal Canadiens,Carolina Hurricanes,2026-05-25,0
Carolina Hurricanes,8480336,Sean Walker,SOG,3.0,954,6000,Montréal Canadiens,Carolina Hurricanes,2026-05-25,0
Carolina Hurricanes,8480336,Sean Walker,BLOCKS,2.0,1394,6000,Montréal Canadiens,Carolina Hurricanes,2026-05-25,0
Montréal Canadiens,8480865,Noah Dobson,BLOCKS,3.0,925,6000,Montréal Canadiens,Carolina Hurricanes,2026-05-25,0
Montréal Canadiens,8478851,Alexandre Carrier,SOG,0.0,1246,6000,Montréal Canadiens,Carolina Hurricanes,2026-05-25,0
Montréal Canadiens,8478851,Alexandre Carrier,ASSISTS,2.0,182,6000,Montréal Canadiens,Carolina Hurricanes,2026-05-25,0
Montréal Canadiens,8478851,Alexandre Carrier,POINTS,2.0,323,6000,Montréal Canadiens,Carolina Hurricanes,2026-05-25,0
Montréal Canadiens,8478851,Alexandre Carrier,BLOCKS,1.0,1934,6000,Montréal Canadiens,Carolina Hurricanes,2026-05-25,0
Montréal Canadiens,8476479,Phillip Danault,SOG,1.0,1825,6000,Montréal Canadiens,Carolina Hurricanes,2026-05-25,0
Montréal Canadiens,8476479,Phillip Danault,GOALS,1.0,1010,6000,Montréal Canadiens,Carolina Hurricanes,2026-05-25,0
Montréal Canadiens,8476479,Phillip Danault,POINTS,1.0,1704,6000,Montréal Canadiens,Carolina Hurricanes,2026-05-25,0
Montréal Canadiens,8476981,Josh Anderson,SOG,2.0,1636,6000,Montréal Canadiens,Carolina Hurricanes,2026-05-25,0
Montréal Canadiens,8476981,Josh Anderson,BLOCKS,1.0,1404,6000,Montréal Canadiens,Carolina Hurricanes,2026-05-25,0
Montréal Canadiens,8483424,Owen Beck,SOG,3.0,911,6000,Montréal Canadiens,Carolina Hurricanes,2026-05-25,0
Montréal Canadiens,8483424,Owen Beck,ASSISTS,1.0,1234,6000,Montréal Canadiens,Carolina Hurricanes,2026-05-25,0
Montréal Canadiens,8483424,Owen Beck,POINTS,1.0,1631,6000,Montréal Canadiens,Carolina Hurricanes,2026-05-25,0
Montréal Canadiens,8483424,Owen Beck,BLOCKS,1.0,1596,6000,Montréal Canadiens,Carolina Hurricanes,2026-05-25,0
Carolina Hurricanes,8482702,Logan Stankoven,SOG,2.0,1539,6000,Montréal Canadiens,Carolina Hurricanes,2026-05-25,0
Carolina Hurricanes,8476921,Jordan Martinook,SOG,0.0,899,6000,Montréal Canadiens,Carolina Hurricanes,2026-05-25,0
Carolina Hurricanes,8476921,Jordan Martinook,ASSISTS,1.0,1479,6000,Montréal Canadiens,Carolina Hurricanes,2026-05-25,0
Carolina Hurricanes,8476921,Jordan Martinook,POINTS,1.0,1704,6000,Montréal Canadiens,Carolina Hurricanes,2026-05-25,0
Carolina Hurricanes,8475791,Taylor Hall,SOG,3.0,1118,6000,Montréal Canadiens,Carolina Hurricanes,2026-05-25,0
Carolina Hurricanes,8475791,Taylor Hall,GOALS,1.0,1301,6000,Montréal Canadiens,Carolina Hurricanes,2026-05-25,0
Carolina Hurricanes,8482100,Alexander Nikishin,SOG,2.0,1503,6000,Montréal Canadiens,Carolina Hurricanes,2026-05-25,0
Montréal Canadiens,8482087,Kaiden Guhle,BLOCKS,1.0,1864,6000,Montréal Canadiens,Carolina Hurricanes,2026-05-25,0
Montréal Canadiens,8483686,Adam Engstrom,SOG,3.0,938,6000,Montréal Canadiens,Carolina Hurricanes,2026-05-25,0
Montréal Canadiens,8483686,Adam Engstrom,BLOCKS,1.0,2151,6000,Montréal Canadiens,Carolina Hurricanes,2026-05-25,0
Montréal Canadiens,8484403,Florian Xhekaj,SOG,3.0,654,6000,Montréal Canadiens,Carolina Hurricanes,2026-05-25,0
Montréal Canadiens,8480074,Alexandre Texier,BLOCKS,1.0,1354,6000,Montréal Canadiens,Carolina Hurricanes,2026-05-25,0
Carolina Hurricanes,8485563,Charlie Cerrato,BLOCKS,1.0,2124,6000,Montréal Canadiens,Carolina Hurricanes,2026-05-25,0
Carolina Hurricanes,8480829,Jesperi Kotkaniemi,SOG,3.0,749,6000,Montréal Canadiens,Carolina Hurricanes,2026-05-25,0
Carolina Hurricanes,8476873,Mark Jankowski,BLOCKS,2.0,875,6000,Montréal Canadiens,Carolina Hurricanes,2026-05-25,0
Montréal Canadiens,8480018,Nick Suzuki,SOG,1.0,688,6000,Montréal Canadiens,Carolina Hurricanes,2026-05-25,0
Montréal Canadiens,8480018,Nick Suzuki,POINTS,1.0,2217,6000,Montréal Canadiens,Carolina Hurricanes,2026-05-25,0
Montréal Canadiens,8480018,Nick Suzuki,BLOCKS,3.0,692,6000,Montréal Canadiens,Carolina Hurricanes,2026-05-25,0
Montréal Canadiens,8483515,Juraj Slafkovský,SOG,3.0,1204,6000,Montréal Canadiens,Carolina Hurricanes,2026-05-25,0
Montréal Canadiens,8483515,Juraj Slafkovský,POINTS,1.0,2234,6000,Montréal Canadiens,Carolina Hurricanes,2026-05-25,0
Montréal Canadiens,8481540,Cole Caufield,SOG,4.0,1138,6000,Montréal Canadiens,Carolina Hurricanes,2026-05-25,0
Montréal Canadiens,8481540,Cole Caufield,POINTS,1.0,2245,6000,Montréal Canadiens,Carolina Hurricanes,2026-05-25,0
Montréal Canadiens,8480865,Noah Dobson,SOG,2.0,1657,6000,Montréal Canadiens,Carolina Hurricanes,2026-05-25,0
Montréal Canadiens,8480865,Noah Dobson,ASSISTS,2.0,288,6000,Montréal Canadiens,Carolina Hurricanes,2026-05-25,0
Montréal Canadiens,8480865,Noah Dobson,POINTS,2.0,452,6000,Montréal Canadiens,Carolina Hurricanes,2026-05-25,0
Montréal Canadiens,8480865,Noah Dobson,BLOCKS,1.0,1832,6000,Montréal Canadiens,Carolina Hurricanes,2026-05-25,0
Montréal Canadiens,8478851,Alexandre Carrier,BLOCKS,3.0,770,6000,Montréal Canadiens,Carolina Hurricanes,2026-05-25,0
Carolina Hurricanes,8478427,Sebastian Aho,SOG,5.0,884,6000,Montréal Canadiens,Carolina Hurricanes,2026-05-25,0
Carolina Hurricanes,8478427,Sebastian Aho,BLOCKS,1.0,2121,6000,Montréal Canadiens,Carolina Hurricanes,2026-05-25,0
Carolina Hurricanes,8482093,Seth Jarvis,SOG,8.0,196,6000,Montréal Canadiens,Carolina Hurricanes,2026-05-25,0
Carolina Hurricanes,8477940,Nikolaj Ehlers,SOG,10.0,26,6000,Montréal Canadiens,Carolina Hurricanes,2026-05-25,0
Carolina Hurricanes,8477940,Nikolaj Ehlers,BLOCKS,3.0,321,6000,Montréal Canadiens,Carolina Hurricanes,2026-05-25,0
Carolina Hurricanes,8476906,Shayne Gostisbehere,SOG,4.0,671,6000,Montréal Canadiens,Carolina Hurricanes,2026-05-25,0
Carolina Hurricanes,8476906,Shayne Gostisbehere,GOALS,1.0,694,6000,Montréal Canadiens,Carolina Hurricanes,2026-05-25,0
Carolina Hurricanes,8476906,Shayne Gostisbehere,BLOCKS,1.0,1706,6000,Montréal Canadiens,Carolina Hurricanes,2026-05-25,0
Montréal Canadiens,8482487,Jakub Dobes,SAVES,55.25,4,6000,Montréal Canadiens,Carolina Hurricanes,2026-05-25,0
Carolina Hurricanes,8475883,Frederik Andersen,SAVES,25.5,250,6000,Montréal Canadiens,Carolina Hurricanes,2026-05-25,0
Montréal Canadiens,8483457,Lane Hutson,GOALS,1.0,621,6000,Montréal Canadiens,Carolina Hurricanes,2026-05-25,0
Montréal Canadiens,8483457,Lane Hutson,BLOCKS,4.0,552,6000,Montréal Canadiens,Carolina Hurricanes,2026-05-25,0
Montréal Canadiens,8476875,Mike Matheson,SOG,1.0,1111,6000,Montréal Canadiens,Carolina Hurricanes,2026-05-25,0
Montréal Canadiens,8476875,Mike Matheson,ASSISTS,1.0,1943,6000,Montréal Canadiens,Carolina Hurricanes,2026-05-25,0
Montréal Canadiens,8476875,Mike Matheson,POINTS,1.0,2101,6000,Montréal Canadiens,Carolina Hurricanes,2026-05-25,0
Montréal Canadiens,8476875,Mike Matheson,BLOCKS,2.0,1397,6000,Montréal Canadiens,Carolina Hurricanes,2026-05-25,0
Carolina Hurricanes,8476958,Jaccob Slavin,SOG,4.0,1099,6000,Montréal Canadiens,Carolina Hurricanes,2026-05-25,0
Carolina Hurricanes,8476958,Jaccob Slavin,BLOCKS,1.0,1069,6000,Montréal Canadiens,Carolina Hurricanes,2026-05-25,0
Carolina Hurricanes,8480817,K'Andre Miller,SOG,5.0,523,6000,Montréal Canadiens,Carolina Hurricanes,2026-05-25,0
Carolina Hurricanes,8480817,K'Andre Miller,ASSISTS,3.0,85,6000,Montréal Canadiens,Carolina Hurricanes,2026-05-25,0
Carolina Hurricanes,8480817,K'Andre Miller,POINTS,3.0,156,6000,Montréal Canadiens,Carolina Hurricanes,2026-05-25,0
Montréal Canadiens,8481618,Alex Newhook,SOG,4.0,720,6000,Montréal Canadiens,Carolina Hurricanes,2026-05-25,0
Montréal Canadiens,8478133,Jake Evans,SOG,0.0,876,6000,Montréal Canadiens,Carolina Hurricanes,2026-05-25,0
Montréal Canadiens,8478133,Jake Evans,BLOCKS,1.0,2051,6000,Montréal Canadiens,Carolina Hurricanes,2026-05-25,0
Montréal Canadiens,8484984,Ivan Demidov,SOG,1.0,1320,6000,Montréal Canadiens,Carolina Hurricanes,2026-05-25,0
Montréal Canadiens,8484984,Ivan Demidov,ASSISTS,2.0,237,6000,Montréal Canadiens,Carolina Hurricanes,2026-05-25,0
Carolina Hurricanes,8482809,Jackson Blake,ASSISTS,1.0,1425,6000,Montréal Canadiens,Carolina Hurricanes,2026-05-25,0
Carolina Hurricanes,8473533,Jordan Staal,SOG,5.0,307,6000,Montréal Canadiens,Carolina Hurricanes,2026-05-25,0
Carolina Hurricanes,8480830,Andrei Svechnikov,SOG,4.0,980,6000,Montréal Canadiens,Carolina Hurricanes,2026-05-25,0
Carolina Hurricanes,8480830,Andrei Svechnikov,GOALS,1.0,1132,6000,Montréal Canadiens,Carolina Hurricanes,2026-05-25,0
Carolina Hurricanes,8480830,Andrei Svechnikov,POINTS,1.0,1996,6000,Montréal Canadiens,Carolina Hurricanes,2026-05-25,0
Carolina Hurricanes,8478970,Jalen Chatfield,BLOCKS,1.0,2173,6000,Montréal Canadiens,Carolina Hurricanes,2026-05-25,0
Carolina Hurricanes,8480336,Sean Walker,SOG,2.0,1598,6000,Montréal Canadiens,Carolina Hurricanes,2026-05-25,0
Montréal Canadiens,8476479,Phillip Danault,BLOCKS,1.0,2257,6000,Montréal Canadiens,Carolina Hurricanes,2026-05-25,0
Montréal Canadiens,8476981,Josh Anderson,SOG,3.0,1114,6000,Montréal Canadiens,Carolina Hurricanes,2026-05-25,0
Carolina Hurricanes,8482702,Logan Stankoven,SOG,5.0,415,6000,Montréal Canadiens,Carolina Hurricanes,2026-05-25,0
Carolina Hurricanes,8476921,Jordan Martinook,SOG,4.0,515,6000,Montréal Canadiens,Carolina Hurricanes,2026-05-25,0
Carolina Hurricanes,8475791,Taylor Hall,BLOCKS,1.0,1908,6000,Montréal Canadiens,Carolina Hurricanes,2026-05-25,0
Montréal Canadiens,8482087,Kaiden Guhle,ASSISTS,1.0,1253,6000,Montréal Canadiens,Carolina Hurricanes,2026-05-25,0
Montréal Canadiens,8482087,Kaiden Guhle,POINTS,1.0,1531,6000,Montréal Canadiens,Carolina Hurricanes,2026-05-25,0
Montréal Canadiens,8482087,Kaiden Guhle,BLOCKS,4.0,353,6000,Montréal Canadiens,Carolina Hurricanes,2026-05-25,0
Montréal Canadiens,8483686,Adam Engstrom,GOALS,1.0,607,6000,Montréal Canadiens,Carolina Hurricanes,2026-05-25,0
Montréal Canadiens,8483686,Adam Engstrom,BLOCKS,2.0,901,6000,Montréal Canadiens,Carolina Hurricanes,2026-05-25,0
Montréal Canadiens,8479339,Patrik Laine,SOG,6.0,96,6000,Montréal Canadiens,Carolina Hurricanes,2026-05-25,0
Montréal Canadiens,8479339,Patrik Laine,GOALS,1.0,983,6000,Montréal Canadiens,Carolina Hurricanes,2026-05-25,0
Montréal Canadiens,8479339,Patrik Laine,POINTS,2.0,376,6000,Montréal Canadiens,Carolina Hurricanes,2026-05-25,0
Montréal Canadiens,8479339,Patrik Laine,BLOCKS,1.0,2164,6000,Montréal Canadiens,Carolina Hurricanes,2026-05-25,0
Montréal Canadiens,8484403,Florian Xhekaj,ASSISTS,2.0,166,6000,Montréal Canadiens,Carolina Hurricanes,2026-05-25,0
Montréal Canadiens,8484403,Florian Xhekaj,POINTS,2.0,268,6000,Montréal Canadiens,Carolina Hurricanes,2026-05-25,0
Montréal Canadiens,8480074,Alexandre Texier,SOG,1.0,1802,6000,Montréal Canadiens,Carolina Hurricanes,2026-05-25,0
Carolina Hurricanes,8476873,Mark Jankowski,ASSISTS,1.0,1249,6000,Montréal Canadiens,Carolina Hurricanes,2026-05-25,0
Carolina Hurricanes,8476873,Mark Jankowski,POINTS,1.0,1646,6000,Montréal Canadiens,Carolina Hurricanes,2026-05-25,0
Montréal Canadiens,8480018,Nick Suzuki,SOG,6.0,440,6000,Montréal Canadiens,Carolina Hurricanes,2026-05-25,0
Montréal Canadiens,8483515,Juraj Slafkovský,BLOCKS,0.0,1503,6000,Montréal Canadiens,Carolina Hurricanes,2026-05-25,0
Montréal Canadiens,8476875,Mike Matheson,BLOCKS,1.0,831,6000,Montréal Canadiens,Carolina Hurricanes,2026-05-25,0
Carolina Hurricanes,8478427,Sebastian Aho,SOG,0.0,115,6000,Montréal Canadiens,Carolina Hurricanes,2026-05-25,0
Carolina Hurricanes,8478427,Sebastian Aho,BLOCKS,2.0,1154,6000,Montréal Canadiens,Carolina Hurricanes,2026-05-25,0
Carolina Hurricanes,8482093,Seth Jarvis,SOG,0.0,114,6000,Montréal Canadiens,Carolina Hurricanes,2026-05-25,0
Carolina Hurricanes,8482093,Seth Jarvis,BLOCKS,5.0,52,6000,Montréal Canadiens,Carolina Hurricanes,2026-05-25,0
Carolina Hurricanes,8477940,Nikolaj Ehlers,POINTS,0.0,2042,6000,Montréal Canadiens,Carolina Hurricanes,2026-05-25,0
Carolina Hurricanes,8480817,K'Andre Miller,BLOCKS,2.0,1255,6000,Montréal Canadiens,Carolina Hurricanes,2026-05-25,0
Montréal Canadiens,8482487,Jakub Dobes,SAVES,25.5,67,6000,Montréal Canadiens,Carolina Hurricanes,2026-05-25,0
Carolina Hurricanes,8475883,Frederik Andersen,SAVES,35.7,253,6000,Montréal Canadiens,Carolina Hurricanes,2026-05-25,0
Montréal Canadiens,8479339,Patrik Laine,SOG,2.0,1555,6000,Montréal Canadiens,Carolina Hurricanes,2026-05-25,0
Montréal Canadiens,8480074,Alexandre Texier,SOG,0.0,1071,6000,Montréal Canadiens,Carolina Hurricanes,2026-05-25,0
Montréal Canadiens,8480865,Noah Dobson,BLOCKS,0.0,991,6000,Montréal Canadiens,Carolina Hurricanes,2026-05-25,0
Carolina Hurricanes,8473533,Jordan Staal,GOALS,1.0,1201,6000,Montréal Canadiens,Carolina Hurricanes,2026-05-25,0
Carolina Hurricanes,8473533,Jordan Staal,POINTS,1.0,2010,6000,Montréal Canadiens,Carolina Hurricanes,2026-05-25,0
Carolina Hurricanes,8473533,Jordan Staal,BLOCKS,1.0,2125,6000,Montréal Canadiens,Carolina Hurricanes,2026-05-25,0
Montréal Canadiens,8481618,Alex Newhook,SOG,3.0,1262,6000,Montréal Canadiens,Carolina Hurricanes,2026-05-25,0
Montréal Canadiens,8484984,Ivan Demidov,SOG,2.0,1535,6000,Montréal Canadiens,Carolina Hurricanes,2026-05-25,0
Montréal Canadiens,8476479,Phillip Danault,SOG,2.0,1558,6000,Montréal Canadiens,Carolina Hurricanes,2026-05-25,0
Montréal Canadiens,8483424,Owen Beck,SOG,4.0,413,6000,Montréal Canadiens,Carolina Hurricanes,2026-05-25,0
Carolina Hurricanes,8482702,Logan Stankoven,SOG,1.0,1179,6000,Montréal Canadiens,Carolina Hurricanes,2026-05-25,0
Carolina Hurricanes,8482702,Logan Stankoven,ASSISTS,1.0,1177,6000,Montréal Canadiens,Carolina Hurricanes,2026-05-25,0
Carolina Hurricanes,8475791,Taylor Hall,SOG,5.0,244,6000,Montréal Canadiens,Carolina Hurricanes,2026-05-25,0
Montréal Canadiens,8482087,Kaiden Guhle,SOG,1.0,2088,6000,Montréal Canadiens,Carolina Hurricanes,2026-05-25,0
Montréal Canadiens,8483686,Adam Engstrom,SOG,1.0,1846,6000,Montréal Canadiens,Carolina Hurricanes,2026-05-25,0
Carolina Hurricanes,8476906,Shayne Gostisbehere,SOG,3.0,1191,6000,Montréal Canadiens,Carolina Hurricanes,2026-05-25,0
Carolina Hurricanes,8485563,Charlie Cerrato,SOG,3.0,981,6000,Montréal Canadiens,Carolina Hurricanes,2026-05-25,0
Carolina Hurricanes,8480829,Jesperi Kotkaniemi,SOG,0.0,1362,6000,Montréal Canadiens,Carolina Hurricanes,2026-05-25,0
Carolina Hurricanes,8480829,Jesperi Kotkaniemi,ASSISTS,1.0,1239,6000,Montréal Canadiens,Carolina Hurricanes,2026-05-25,0
Carolina Hurricanes,8480829,Jesperi Kotkaniemi,POINTS,1.0,1522,6000,Montréal Canadiens,Carolina Hurricanes,2026-05-25,0
Carolina Hurricanes,8476873,Mark Jankowski,SOG,1.0,1892,6000,Montréal Canadiens,Carolina Hurricanes,2026-05-25,0
Montréal Canadiens,8481540,Cole Caufield,SOG,2.0,1008,6000,Montréal Canadiens,Carolina Hurricanes,2026-05-25,0
Montréal Canadiens,8483457,Lane Hutson,SOG,2.0,1510,6000,Montréal Canadiens,Carolina Hurricanes,2026-05-25,0
Montréal Canadiens,8476875,Mike Matheson,SOG,6.0,241,6000,Montréal Canadiens,Carolina Hurricanes,2026-05-25,0
Montréal Canadiens,8476875,Mike Matheson,BLOCKS,7.0,146,6000,Montréal Canadiens,Carolina Hurricanes,2026-05-25,0
Carolina Hurricanes,8478427,Sebastian Aho,SOG,3.0,1183,6000,Montréal Canadiens,Carolina Hurricanes,2026-05-25,0
Carolina Hurricanes,8482093,Seth Jarvis,SOG,4.0,1183,6000,Montréal Canadiens,Carolina Hurricanes,2026-05-25,0
Carolina Hurricanes,8477940,Nikolaj Ehlers,SOG,2.0,885,6000,Montréal Canadiens,Carolina Hurricanes,2026-05-25,0
Carolina Hurricanes,8477940,Nikolaj Ehlers,BLOCKS,2.0,1007,6000,Montréal Canadiens,Carolina Hurricanes,2026-05-25,0
Carolina Hurricanes,8476958,Jaccob Slavin,SOG,7.0,266,6000,Montréal Canadiens,Carolina Hurricanes,2026-05-25,0
Montréal Canadiens,8482487,Jakub Dobes,SAVES,30.6,285,6000,Montréal Canadiens,Carolina Hurricanes,2026-05-25,0
Carolina Hurricanes,8475883,Frederik Andersen,SAVES,31.45,368,6000,Montréal Canadiens,Carolina Hurricanes,2026-05-25,0
Montréal Canadiens,8476479,Phillip Danault,ASSISTS,2.0,157,6000,Montréal Canadiens,Carolina Hurricanes,2026-05-25,0
Montréal Canadiens,8476479,Phillip Danault,POINTS,3.0,53,6000,Montréal Canadiens,Carolina Hurricanes,2026-05-25,0
Montréal Canadiens,8476981,Josh Anderson,GOALS,1.0,873,6000,Montréal Canadiens,Carolina Hurricanes,2026-05-25,0
Montréal Canadiens,8476981,Josh Anderson,ASSISTS,2.0,177,6000,Montréal Canadiens,Carolina Hurricanes,2026-05-25,0
Montréal Canadiens,8476981,Josh Anderson,POINTS,3.0,65,6000,Montréal Canadiens,Carolina Hurricanes,2026-05-25,0
Montréal Canadiens,8482087,Kaiden Guhle,ASSISTS,2.0,166,6000,Montréal Canadiens,Carolina Hurricanes,2026-05-25,0
Montréal Canadiens,8482087,Kaiden Guhle,POINTS,2.0,279,6000,Montréal Canadiens,Carolina Hurricanes,2026-05-25,0
Montréal Canadiens,8481618,Alex Newhook,ASSISTS,1.0,1154,6000,Montréal Canadiens,Carolina Hurricanes,2026-05-25,0
Montréal Canadiens,8481618,Alex Newhook,BLOCKS,1.0,2069,6000,Montréal Canadiens,Carolina Hurricanes,2026-05-25,0
Montréal Canadiens,8484984,Ivan Demidov,POINTS,1.0,1966,6000,Montréal Canadiens,Carolina Hurricanes,2026-05-25,0
Carolina Hurricanes,8473533,Jordan Staal,SOG,2.0,1574,6000,Montréal Canadiens,Carolina Hurricanes,2026-05-25,0
Carolina Hurricanes,8473533,Jordan Staal,ASSISTS,1.0,1440,6000,Montréal Canadiens,Carolina Hurricanes,2026-05-25,0
Carolina Hurricanes,8480830,Andrei Svechnikov,BLOCKS,1.0,2082,6000,Montréal Canadiens,Carolina Hurricanes,2026-05-25,0
Montréal Canadiens,8480865,Noah Dobson,GOALS,2.0,35,6000,Montréal Canadiens,Carolina Hurricanes,2026-05-25,0
Carolina Hurricanes,8482702,Logan Stankoven,POINTS,2.0,664,6000,Montréal Canadiens,Carolina Hurricanes,2026-05-25,0
Carolina Hurricanes,8482100,Alexander Nikishin,SOG,0.0,1263,6000,Montréal Canadiens,Carolina Hurricanes,2026-05-25,0
Montréal Canadiens,8479339,Patrik Laine,SOG,5.0,251,6000,Montréal Canadiens,Carolina Hurricanes,2026-05-25,0
Montréal Canadiens,8484403,Florian Xhekaj,SOG,0.0,1541,6000,Montréal Canadiens,Carolina Hurricanes,2026-05-25,0
Montréal Canadiens,8480074,Alexandre Texier,SOG,4.0,426,6000,Montréal Canadiens,Carolina Hurricanes,2026-05-25,0
Montréal Canadiens,8480074,Alexandre Texier,GOALS,2.0,150,6000,Montréal Canadiens,Carolina Hurricanes,2026-05-25,0
Montréal Canadiens,8480074,Alexandre Texier,POINTS,2.0,405,6000,Montréal Canadiens,Carolina Hurricanes,2026-05-25,0
Montréal Canadiens,8480074,Alexandre Texier,BLOCKS,2.0,240,6000,Montréal Canadiens,Carolina Hurricanes,2026-05-25,0
Carolina Hurricanes,8485563,Charlie Cerrato,SOG,2.0,1579,6000,Montréal Canadiens,Carolina Hurricanes,2026-05-25,0
Carolina Hurricanes,8485563,Charlie Cerrato,GOALS,2.0,241,6000,Montréal Canadiens,Carolina Hurricanes,2026-05-25,0
Carolina Hurricanes,8485563,Charlie Cerrato,ASSISTS,1.0,908,6000,Montréal Canadiens,Carolina Hurricanes,2026-05-25,0
Carolina Hurricanes,8485563,Charlie Cerrato,POINTS,3.0,58,6000,Montréal Canadiens,Carolina Hurricanes,2026-05-25,0
Carolina Hurricanes,8485563,Charlie Cerrato,BLOCKS,4.0,77,6000,Montréal Canadiens,Carolina Hurricanes,2026-05-25,0
Carolina Hurricanes,8480829,Jesperi Kotkaniemi,SOG,2.0,1470,6000,Montréal Canadiens,Carolina Hurricanes,2026-05-25,0
Carolina Hurricanes,8480829,Jesperi Kotkaniemi,GOALS,1.0,487,6000,Montréal Canadiens,Carolina Hurricanes,2026-05-25,0
Carolina Hurricanes,8480829,Jesperi Kotkaniemi,POINTS,2.0,267,6000,Montréal Canadiens,Carolina Hurricanes,2026-05-25,0
Carolina Hurricanes,8476873,Mark Jankowski,ASSISTS,3.0,12,6000,Montréal Canadiens,Carolina Hurricanes,2026-05-25,0
Carolina Hurricanes,8476873,Mark Jankowski,POINTS,3.0,37,6000,Montréal Canadiens,Carolina Hurricanes,2026-05-25,0
Montréal Canadiens,8476875,Mike Matheson,SOG,5.0,482,6000,Montréal Canadiens,Carolina Hurricanes,2026-05-25,0
Montréal Canadiens,8476875,Mike Matheson,BLOCKS,5.0,608,6000,Montréal Canadiens,Carolina Hurricanes,2026-05-25,0
Carolina Hurricanes,8482093,Seth Jarvis,SOG,1.0,438,6000,Montréal Canadiens,Carolina Hurricanes,2026-05-25,0
Carolina Hurricanes,8476958,Jaccob Slavin,SOG,5.0,851,6000,Montréal Canadiens,Carolina Hurricanes,2026-05-25,0
Carolina Hurricanes,8480817,K'Andre Miller,SOG,4.0,899,6000,Montréal Canadiens,Carolina Hurricanes,2026-05-25,0
Montréal Canadiens,8482487,Jakub Dobes,SAVES,44.2,114,6000,Montréal Canadiens,Carolina Hurricanes,2026-05-25,0
Carolina Hurricanes,8475883,Frederik Andersen,SAVES,29.75,363,6000,Montréal Canadiens,Carolina Hurricanes,2026-05-25,0
Montréal Canadiens,8484984,Ivan Demidov,SOG,6.0,151,6000,Montréal Canadiens,Carolina Hurricanes,2026-05-25,0
Carolina Hurricanes,8480830,Andrei Svechnikov,SOG,6.0,281,6000,Montréal Canadiens,Carolina Hurricanes,2026-05-25,0
Carolina Hurricanes,8480830,Andrei Svechnikov,BLOCKS,2.0,895,6000,Montréal Canadiens,Carolina Hurricanes,2026-05-25,0
Montréal Canadiens,8480865,Noah Dobson,SOG,1.0,1551,6000,Montréal Canadiens,Carolina Hurricanes,2026-05-25,0
Carolina Hurricanes,8482702,Logan Stankoven,SOG,4.0,804,6000,Montréal Canadiens,Carolina Hurricanes,2026-05-25,0
Carolina Hurricanes,8476921,Jordan Martinook,SOG,1.0,1675,6000,Montréal Canadiens,Carolina Hurricanes,2026-05-25,0
Carolina Hurricanes,8476921,Jordan Martinook,BLOCKS,2.0,1060,6000,Montréal Canadiens,Carolina Hurricanes,2026-05-25,0
Montréal Canadiens,8482087,Kaiden Guhle,SOG,2.0,1427,6000,Montréal Canadiens,Carolina Hurricanes,2026-05-25,0
Montréal Canadiens,8483686,Adam Engstrom,SOG,2.0,1534,6000,Montréal Canadiens,Carolina Hurricanes,2026-05-25,0
Montréal Canadiens,8484403,Florian Xhekaj,BLOCKS,2.0,477,6000,Montréal Canadiens,Carolina Hurricanes,2026-05-25,0
Carolina Hurricanes,8485563,Charlie Cerrato,BLOCKS,2.0,1021,6000,Montréal Canadiens,Carolina Hurricanes,2026-05-25,0
Montréal Canadiens,8480018,Nick Suzuki,SOG,12.0,2,6000,Montréal Canadiens,Carolina Hurricanes,2026-05-25,0
Montréal Canadiens,8480018,Nick Suzuki,BLOCKS,0.0,1409,6000,Montréal Canadiens,Carolina Hurricanes,2026-05-25,0
Montréal Canadiens,8483457,Lane Hutson,SOG,1.0,1249,6000,Montréal Canadiens,Carolina Hurricanes,2026-05-25,0
Carolina Hurricanes,8477940,Nikolaj Ehlers,ASSISTS,1.0,1910,6000,Montréal Canadiens,Carolina Hurricanes,2026-05-25,0
Carolina Hurricanes,8476958,Jaccob Slavin,SOG,3.0,1227,6000,Montréal Canadiens,Carolina Hurricanes,2026-05-25,0
Carolina Hurricanes,8476958,Jaccob Slavin,BLOCKS,3.0,1303,6000,Montréal Canadiens,Carolina Hurricanes,2026-05-25,0
Carolina Hurricanes,8480817,K'Andre Miller,SOG,6.0,257,6000,Montréal Canadiens,Carolina Hurricanes,2026-05-25,0
Carolina Hurricanes,8480817,K'Andre Miller,GOALS,1.0,716,6000,Montréal Canadiens,Carolina Hurricanes,2026-05-25,0
Montréal Canadiens,8482487,Jakub Dobes,SAVES,31.45,311,6000,Montréal Canadiens,Carolina Hurricanes,2026-05-25,0
Carolina Hurricanes,8475883,Frederik Andersen,SAVES,34.0,304,6000,Montréal Canadiens,Carolina Hurricanes,2026-05-25,0
Montréal Canadiens,8481618,Alex Newhook,SOG,5.0,344,6000,Montréal Canadiens,Carolina Hurricanes,2026-05-25,0
Carolina Hurricanes,8482809,Jackson Blake,SOG,4.0,780,6000,Montréal Canadiens,Carolina Hurricanes,2026-05-25,0
Carolina Hurricanes,8473533,Jordan Staal,BLOCKS,3.0,239,6000,Montréal Canadiens,Carolina Hurricanes,2026-05-25,0
Carolina Hurricanes,8480830,Andrei Svechnikov,ASSISTS,1.0,1489,6000,Montréal Canadiens,Carolina Hurricanes,2026-05-25,0
Carolina Hurricanes,8478970,Jalen Chatfield,GOALS,1.0,644,6000,Montréal Canadiens,Carolina Hurricanes,2026-05-25,0
Carolina Hurricanes,8478970,Jalen Chatfield,POINTS,2.0,543,6000,Montréal Canadiens,Carolina Hurricanes,2026-05-25,0
Carolina Hurricanes,8482702,Logan Stankoven,BLOCKS,2.0,433,6000,Montréal Canadiens,Carolina Hurricanes,2026-05-25,0
Carolina Hurricanes,8476921,Jordan Martinook,SOG,2.0,1611,6000,Montréal Canadiens,Carolina Hurricanes,2026-05-25,0
Carolina Hurricanes,8482100,Alexander Nikishin,SOG,5.0,111,6000,Montréal Canadiens,Carolina Hurricanes,2026-05-25,0
Montréal Canadiens,8483515,Juraj Slafkovský,SOG,1.0,578,6000,Montréal Canadiens,Carolina Hurricanes,2026-05-25,0
Montréal Canadiens,8476875,Mike Matheson,BLOCKS,0.0,291,6000,Montréal Canadiens,Carolina Hurricanes,2026-05-25,0
Carolina Hurricanes,8482093,Seth Jarvis,BLOCKS,0.0,1677,6000,Montréal Canadiens,Carolina Hurricanes,2026-05-25,0
Carolina Hurricanes,8477940,Nikolaj Ehlers,SOG,1.0,447,6000,Montréal Canadiens,Carolina Hurricanes,2026-05-25,0
Carolina Hurricanes,8476958,Jaccob Slavin,GOALS,1.0,875,6000,Montréal Canadiens,Carolina Hurricanes,2026-05-25,0
Carolina Hurricanes,8480817,K'Andre Miller,SOG,2.0,1419,6000,Montréal Canadiens,Carolina Hurricanes,2026-05-25,0
Carolina Hurricanes,8475883,Frederik Andersen,SAVES,28.05,336,6000,Montréal Canadiens,Carolina Hurricanes,2026-05-25,0
Montréal Canadiens,8478133,Jake Evans,SOG,1.0,1682,6000,Montréal Canadiens,Carolina Hurricanes,2026-05-25,0
Montréal Canadiens,8478133,Jake Evans,BLOCKS,2.0,801,6000,Montréal Canadiens,Carolina Hurricanes,2026-05-25,0
Montréal Canadiens,8484984,Ivan Demidov,SOG,4.0,715,6000,Montréal Canadiens,Carolina Hurricanes,2026-05-25,0
Carolina Hurricanes,8480830,Andrei Svechnikov,SOG,2.0,1369,6000,Montréal Canadiens,Carolina Hurricanes,2026-05-25,0
Carolina Hurricanes,8476906,Shayne Gostisbehere,SOG,6.0,142,6000,Montréal Canadiens,Carolina Hurricanes,2026-05-25,0
Montréal Canadiens,8483424,Owen Beck,SOG,0.0,1030,6000,Montréal Canadiens,Carolina Hurricanes,2026-05-25,0
Carolina Hurricanes,8482100,Alexander Nikishin,GOALS,1.0,523,6000,Montréal Canadiens,Carolina Hurricanes,2026-05-25,0
Montréal Canadiens,8479339,Patrik Laine,SOG,1.0,1561,6000,Montréal Canadiens,Carolina Hurricanes,2026-05-25,0
Carolina Hurricanes,8485563,Charlie Cerrato,SOG,0.0,1006,6000,Montréal Canadiens,Carolina Hurricanes,2026-05-25,0
Carolina Hurricanes,8476873,Mark Jankowski,SOG,3.0,867,6000,Montréal Canadiens,Carolina Hurricanes,2026-05-25,0
Montréal Canadiens,8481540,Cole Caufield,SOG,8.0,141,6000,Montréal Canadiens,Carolina Hurricanes,2026-05-25,0
Carolina Hurricanes,8482093,Seth Jarvis,SOG,5.0,891,6000,Montréal Canadiens,Carolina Hurricanes,2026-05-25,0
Carolina Hurricanes,8477940,Nikolaj Ehlers,SOG,9.0,91,6000,Montréal Canadiens,Carolina Hurricanes,2026-05-25,0
Carolina Hurricanes,8476958,Jaccob Slavin,SOG,0.0,151,6000,Montréal Canadiens,Carolina Hurricanes,2026-05-25,0
Carolina Hurricanes,8480817,K'Andre Miller,ASSISTS,2.0,524,6000,Montréal Canadiens,Carolina Hurricanes,2026-05-25,0
Carolina Hurricanes,8480817,K'Andre Miller,POINTS,2.0,707,6000,Montréal Canadiens,Carolina Hurricanes,2026-05-25,0
Montréal Canadiens,8482487,Jakub Dobes,SAVES,29.75,236,6000,Montréal Canadiens,Carolina Hurricanes,2026-05-25,0
Montréal Canadiens,8476479,Phillip Danault,BLOCKS,2.0,1004,6000,Montréal Canadiens,Carolina Hurricanes,2026-05-25,0
Montréal Canadiens,8483424,Owen Beck,GOALS,1.0,719,6000,Montréal Canadiens,Carolina Hurricanes,2026-05-25,0
Montréal Canadiens,8482087,Kaiden Guhle,BLOCKS,0.0,1175,6000,Montréal Canadiens,Carolina Hurricanes,2026-05-25,0
Carolina Hurricanes,8475791,Taylor Hall,POINTS,2.0,563,6000,Montréal Canadiens,Carolina Hurricanes,2026-05-25,0
Carolina Hurricanes,8476906,Shayne Gostisbehere,SOG,0.0,644,6000,Montréal Canadiens,Carolina Hurricanes,2026-05-25,0
Montréal Canadiens,8481618,Alex Newhook,SOG,0.0,565,6000,Montréal Canadiens,Carolina Hurricanes,2026-05-25,0
Carolina Hurricanes,8473533,Jordan Staal,SOG,0.0,650,6000,Montréal Canadiens,Carolina Hurricanes,2026-05-25,0
Carolina Hurricanes,8480830,Andrei Svechnikov,SOG,7.0,118,6000,Montréal Canadiens,Carolina Hurricanes,2026-05-25,0
Montréal Canadiens,8480865,Noah Dobson,SOG,0.0,796,6000,Montréal Canadiens,Carolina Hurricanes,2026-05-25,0
Montréal Canadiens,8478851,Alexandre Carrier,GOALS,1.0,670,6000,Montréal Canadiens,Carolina Hurricanes,2026-05-25,0
Carolina Hurricanes,8482100,Alexander Nikishin,BLOCKS,2.0,891,6000,Montréal Canadiens,Carolina Hurricanes,2026-05-25,0
Montréal Canadiens,8480074,Alexandre Texier,GOALS,1.0,1212,6000,Montréal Canadiens,Carolina Hurricanes,2026-05-25,0
Montréal Canadiens,8480074,Alexandre Texier,POINTS,1.0,1782,6000,Montréal Canadiens,Carolina Hurricanes,2026-05-25,0
Montréal Canadiens,8480018,Nick Suzuki,GOALS,2.0,390,6000,Montréal Canadiens,Carolina Hurricanes,2026-05-25,0
Montréal Canadiens,8483515,Juraj Slafkovský,ASSISTS,2.0,567,6000,Montréal Canadiens,Carolina Hurricanes,2026-05-25,0
Montréal Canadiens,8481540,Cole Caufield,SOG,5.0,843,6000,Montréal Canadiens,Carolina Hurricanes,2026-05-25,0
Montréal Canadiens,8483457,Lane Hutson,ASSISTS,2.0,495,6000,Montréal Canadiens,Carolina Hurricanes,2026-05-25,0
Montréal Canadiens,8483457,Lane Hutson,POINTS,2.0,644,6000,Montréal Canadiens,Carolina Hurricanes,2026-05-25,0
Montréal Canadiens,8476875,Mike Matheson,SOG,0.0,406,6000,Montréal Canadiens,Carolina Hurricanes,2026-05-25,0
Carolina Hurricanes,8478427,Sebastian Aho,SOG,8.0,184,6000,Montréal Canadiens,Carolina Hurricanes,2026-05-25,0
Carolina Hurricanes,8477940,Nikolaj Ehlers,SOG,5.0,884,6000,Montréal Canadiens,Carolina Hurricanes,2026-05-25,0
Carolina Hurricanes,8476958,Jaccob Slavin,SOG,1.0,614,6000,Montréal Canadiens,Carolina Hurricanes,2026-05-25,0
Carolina Hurricanes,8475883,Frederik Andersen,SAVES,36.55,227,6000,Montréal Canadiens,Carolina Hurricanes,2026-05-25,0
Montréal Canadiens,8480074,Alexandre Texier,ASSISTS,1.0,1019,6000,Montréal Canadiens,Carolina Hurricanes,2026-05-25,0
Montréal Canadiens,8482087,Kaiden Guhle,BLOCKS,2.0,1557,6000,Montréal Canadiens,Carolina Hurricanes,2026-05-25,0
Montréal Canadiens,8478133,Jake Evans,SOG,4.0,531,6000,Montréal Canadiens,Carolina Hurricanes,2026-05-25,0
Carolina Hurricanes,8482809,Jackson Blake,SOG,3.0,1246,6000,Montréal Canadiens,Carolina Hurricanes,2026-05-25,0
Carolina Hurricanes,8480830,Andrei Svechnikov,SOG,5.0,571,6000,Montréal Canadiens,Carolina Hurricanes,2026-05-25,0
Montréal Canadiens,8480865,Noah Dobson,SOG,4.0,555,6000,Montréal Canadiens,Carolina Hurricanes,2026-05-25,0
Montréal Canadiens,8476479,Phillip Danault,SOG,4.0,429,6000,Montréal Canadiens,Carolina Hurricanes,2026-05-25,0
Carolina Hurricanes,8475791,Taylor Hall,BLOCKS,3.0,128,6000,Montréal Canadiens,Carolina Hurricanes,2026-05-25,0
Montréal Canadiens,8480018,Nick Suzuki,SOG,0.0,207,6000,Montréal Canadiens,Carolina Hurricanes,2026-05-25,0
Montréal Canadiens,8481540,Cole Caufield,ASSISTS,2.0,426,6000,Montréal Canadiens,Carolina Hurricanes,2026-05-25,0
Montréal Canadiens,8481540,Cole Caufield,POINTS,3.0,316,6000,Montréal Canadiens,Carolina Hurricanes,2026-05-25,0
Montréal Canadiens,8476875,Mike Matheson,GOALS,1.0,637,6000,Montréal Canadiens,Carolina Hurricanes,2026-05-25,0
Carolina Hurricanes,8482093,Seth Jarvis,BLOCKS,2.0,1337,6000,Montréal Canadiens,Carolina Hurricanes,2026-05-25,0
Carolina Hurricanes,8475883,Frederik Andersen,SAVES,17.85,21,6000,Montréal Canadiens,Carolina Hurricanes,2026-05-25,0
Carolina Hurricanes,8482809,Jackson Blake,SOG,8.0,23,6000,Montréal Canadiens,Carolina Hurricanes,2026-05-25,0
Carolina Hurricanes,8480830,Andrei Svechnikov,SOG,0.0,337,6000,Montréal Canadiens,Carolina Hurricanes,2026-05-25,0
Montréal Canadiens,8480865,Noah Dobson,ASSISTS,1.0,1496,6000,Montréal Canadiens,Carolina Hurricanes,2026-05-25,0
Carolina Hurricanes,8476921,Jordan Martinook,GOALS,1.0,459,6000,Montréal Canadiens,Carolina Hurricanes,2026-05-25,0
Carolina Hurricanes,8475791,Taylor Hall,SOG,0.0,742,6000,Montréal Canadiens,Carolina Hurricanes,2026-05-25,0
Montréal Canadiens,8481540,Cole Caufield,BLOCKS,2.0,271,6000,Montréal Canadiens,Carolina Hurricanes,2026-05-25,0
Montréal Canadiens,8482487,Jakub Dobes,SAVES,27.2,174,6000,Montréal Canadiens,Carolina Hurricanes,2026-05-25,0
Montréal Canadiens,8478851,Alexandre Carrier,SOG,3.0,841,6000,Montréal Canadiens,Carolina Hurricanes,2026-05-25,0
Carolina Hurricanes,8485563,Charlie Cerrato,POINTS,2.0,469,6000,Montréal Canadiens,Carolina Hurricanes,2026-05-25,0
Carolina Hurricanes,8480829,Jesperi Kotkaniemi,SOG,4.0,329,6000,Montréal Canadiens,Carolina Hurricanes,2026-05-25,0
Carolina Hurricanes,8480829,Jesperi Kotkaniemi,ASSISTS,2.0,164,6000,Montréal Canadiens,Carolina Hurricanes,2026-05-25,0
Carolina Hurricanes,8476873,Mark Jankowski,GOALS,1.0,657,6000,Montréal Canadiens,Carolina Hurricanes,2026-05-25,0
Carolina Hurricanes,8480336,Sean Walker,BLOCKS,3.0,581,6000,Montréal Canadiens,Carolina Hurricanes,2026-05-25,0
Montréal Canadiens,8483515,Juraj Slafkovský,BLOCKS,3.0,659,6000,Montréal Canadiens,Carolina Hurricanes,2026-05-25,0
Montréal Canadiens,8476875,Mike Matheson,SOG,4.0,871,6000,Montréal Canadiens,Carolina Hurricanes,2026-05-25,0
Carolina Hurricanes,8477940,Nikolaj Ehlers,SOG,3.0,1174,6000,Montréal Canadiens,Carolina Hurricanes,2026-05-25,0
Carolina Hurricanes,8478970,Jalen Chatfield,SOG,0.0,604,6000,Montréal Canadiens,Carolina Hurricanes,2026-05-25,0
Carolina Hurricanes,8478970,Jalen Chatfield,BLOCKS,3.0,502,6000,Montréal Canadiens,Carolina Hurricanes,2026-05-25,0
Montréal Canadiens,8479339,Patrik Laine,BLOCKS,2.0,713,6000,Montréal Canadiens,Carolina Hurricanes,2026-05-25,0
Montréal Canadiens,8484403,Florian Xhekaj,GOALS,2.0,18,6000,Montréal Canadiens,Carolina Hurricanes,2026-05-25,0
Montréal Canadiens,8476981,Josh Anderson,POINTS,1.0,1718,6000,Montréal Canadiens,Carolina Hurricanes,2026-05-25,0
Carolina Hurricanes,8475791,Taylor Hall,SOG,6.0,83,6000,Montréal Canadiens,Carolina Hurricanes,2026-05-25,0
Montréal Canadiens,8480018,Nick Suzuki,SOG,7.0,237,6000,Montréal Canadiens,Carolina Hurricanes,2026-05-25,0
Montréal Canadiens,8480018,Nick Suzuki,BLOCKS,5.0,68,6000,Montréal Canadiens,Carolina Hurricanes,2026-05-25,0
Montréal Canadiens,8481540,Cole Caufield,SOG,1.0,573,6000,Montréal Canadiens,Carolina Hurricanes,2026-05-25,0
Montréal Canadiens,8483457,Lane Hutson,BLOCKS,3.0,1069,6000,Montréal Canadiens,Carolina Hurricanes,2026-05-25,0
Montréal Canadiens,8476875,Mike Matheson,BLOCKS,4.0,983,6000,Montréal Canadiens,Carolina Hurricanes,2026-05-25,0
Carolina Hurricanes,8478970,Jalen Chatfield,BLOCKS,4.0,173,6000,Montréal Canadiens,Carolina Hurricanes,2026-05-25,0
Montréal Canadiens,8483424,Owen Beck,BLOCKS,2.0,341,6000,Montréal Canadiens,Carolina Hurricanes,2026-05-25,0
Carolina Hurricanes,8476921,Jordan Martinook,BLOCKS,3.0,397,6000,Montréal Canadiens,Carolina Hurricanes,2026-05-25,0
Carolina Hurricanes,8476906,Shayne Gostisbehere,SOG,2.0,1598,6000,Montréal Canadiens,Carolina Hurricanes,2026-05-25,0
Carolina Hurricanes,8482100,Alexander Nikishin,SOG,1.0,1965,6000,Montréal Canadiens,Carolina Hurricanes,2026-05-25,0
Carolina Hurricanes,8482100,Alexander Nikishin,BLOCKS,3.0,216,6000,Montréal Canadiens,Carolina Hurricanes,2026-05-25,0
Carolina Hurricanes,8482702,Logan Stankoven,GOALS,2.0,317,6000,Montréal Canadiens,Carolina Hurricanes,2026-05-25,0
Carolina Hurricanes,8476921,Jordan Martinook,ASSISTS,2.0,289,6000,Montréal Canadiens,Carolina Hurricanes,2026-05-25,0
Carolina Hurricanes,8476921,Jordan Martinook,POINTS,2.0,372,6000,Montréal Canadiens,Carolina Hurricanes,2026-05-25,0
Montréal Canadiens,8482487,Jakub Dobes,SAVES,28.9,207,6000,Montréal Canadiens,Carolina Hurricanes,2026-05-25,0
Montréal Canadiens,8476875,Mike Matheson,BLOCKS,6.0,321,6000,Montréal Canadiens,Carolina Hurricanes,2026-05-25,0
Montréal Canadiens,8483515,Juraj Slafkovský,BLOCKS,4.0,245,6000,Montréal Canadiens,Carolina Hurricanes,2026-05-25,0
Carolina Hurricanes,8477940,Nikolaj Ehlers,SOG,7.0,389,6000,Montréal Canadiens,Carolina Hurricanes,2026-05-25,0
Carolina Hurricanes,8482809,Jackson Blake,SOG,0.0,491,6000,Montréal Canadiens,Carolina Hurricanes,2026-05-25,0
Carolina Hurricanes,8480336,Sean Walker,BLOCKS,4.0,195,6000,Montréal Canadiens,Carolina Hurricanes,2026-05-25,0
Carolina Hurricanes,8476906,Shayne Gostisbehere,BLOCKS,3.0,69,6000,Montréal Canadiens,Carolina Hurricanes,2026-05-25,0
Carolina Hurricanes,8482100,Alexander Nikishin,ASSISTS,2.0,171,6000,Montréal Canadiens,Carolina Hurricanes,2026-05-25,0
Carolina Hurricanes,8482100,Alexander Nikishin,POINTS,2.0,287,6000,Montréal Canadiens,Carolina Hurricanes,2026-05-25,0
Carolina Hurricanes,8478427,Sebastian Aho,SOG,2.0,864,6000,Montréal Canadiens,Carolina Hurricanes,2026-05-25,0
Montréal Canadiens,8482487,Jakub Dobes,SAVES,28.05,185,6000,Montréal Canadiens,Carolina Hurricanes,2026-05-25,0
Carolina Hurricanes,8475883,Frederik Andersen,SAVES,26.35,280,6000,Montréal Canadiens,Carolina Hurricanes,2026-05-25,0
Carolina Hurricanes,8478970,Jalen Chatfield,ASSISTS,2.0,364,6000,Montréal Canadiens,Carolina Hurricanes,2026-05-25,0
Montréal Canadiens,8476479,Phillip Danault,ASSISTS,1.0,1126,6000,Montréal Canadiens,Carolina Hurricanes,2026-05-25,0
Montréal Canadiens,8476479,Phillip Danault,POINTS,2.0,407,6000,Montréal Canadiens,Carolina Hurricanes,2026-05-25,0
Montréal Canadiens,8483424,Owen Beck,POINTS,2.0,332,6000,Montréal Canadiens,Carolina Hurricanes,2026-05-25,0
Carolina Hurricanes,8475791,Taylor Hall,SOG,4.0,619,6000,Montréal Canadiens,Carolina Hurricanes,2026-05-25,0
Montréal Canadiens,8482087,Kaiden Guhle,GOALS,1.0,525,6000,Montréal Canadiens,Carolina Hurricanes,2026-05-25,0
Montréal Canadiens,8482087,Kaiden Guhle,POINTS,3.0,27,6000,Montréal Canadiens,Carolina Hurricanes,2026-05-25,0
Carolina Hurricanes,8476873,Mark Jankowski,POINTS,2.0,295,6000,Montréal Canadiens,Carolina Hurricanes,2026-05-25,0
Carolina Hurricanes,8476873,Mark Jankowski,BLOCKS,3.0,270,6000,Montréal Canadiens,Carolina Hurricanes,2026-05-25,0
Carolina Hurricanes,8478970,Jalen Chatfield,BLOCKS,5.0,34,6000,Montréal Canadiens,Carolina Hurricanes,2026-05-25,0
Montréal Canadiens,8482487,Jakub Dobes,SAVES,23.8,56,6000,Montréal Canadiens,Carolina Hurricanes,2026-05-25,0
Carolina Hurricanes,8475883,Frederik Andersen,SAVES,39.95,104,6000,Montréal Canadiens,Carolina Hurricanes,2026-05-25,0
Montréal Canadiens,8476981,Josh Anderson,SOG,4.0,625,6000,Montréal Canadiens,Carolina Hurricanes,2026-05-25,0
Carolina Hurricanes,8478427,Sebastian Aho,BLOCKS,3.0,396,6000,Montréal Canadiens,Carolina Hurricanes,2026-05-25,0
Carolina Hurricanes,8482093,Seth Jarvis,SOG,3.0,1151,6000,Montréal Canadiens,Carolina Hurricanes,2026-05-25,0
Montréal Canadiens,8483457,Lane Hutson,SOG,5.0,422,6000,Montréal Canadiens,Carolina Hurricanes,2026-05-25,0
Carolina Hurricanes,8480830,Andrei Svechnikov,POINTS,2.0,588,6000,Montréal Canadiens,Carolina Hurricanes,2026-05-25,0
Montréal Canadiens,8482087,Kaiden Guhle,SOG,3.0,731,6000,Montréal Canadiens,Carolina Hurricanes,2026-05-25,0
Carolina Hurricanes,8476873,Mark Jankowski,SOG,4.0,382,6000,Montréal Canadiens,Carolina Hurricanes,2026-05-25,0
Montréal Canadiens,8480018,Nick Suzuki,ASSISTS,2.0,443,6000,Montréal Canadiens,Carolina Hurricanes,2026-05-25,0
Montréal Canadiens,8480018,Nick Suzuki,BLOCKS,4.0,275,6000,Montréal Canadiens,Carolina Hurricanes,2026-05-25,0
Montréal Canadiens,8484403,Florian Xhekaj,SOG,4.0,249,6000,Montréal Canadiens,Carolina Hurricanes,2026-05-25,0
Montréal Canadiens,8484403,Florian Xhekaj,ASSISTS,1.0,1191,6000,Montréal Canadiens,Carolina Hurricanes,2026-05-25,0
Montréal Canadiens,8484984,Ivan Demidov,SOG,5.0,379,6000,Montréal Canadiens,Carolina Hurricanes,2026-05-25,0
Carolina Hurricanes,8482809,Jackson Blake,POINTS,2.0,626,6000,Montréal Canadiens,Carolina Hurricanes,2026-05-25,0
Carolina Hurricanes,8473533,Jordan Staal,ASSISTS,2.0,240,6000,Montréal Canadiens,Carolina Hurricanes,2026-05-25,0
Carolina Hurricanes,8473533,Jordan Staal,POINTS,2.0,566,6000,Montréal Canadiens,Carolina Hurricanes,2026-05-25,0
Montréal Canadiens,8478851,Alexandre Carrier,SOG,4.0,341,6000,Montréal Canadiens,Carolina Hurricanes,2026-05-25,0
Carolina Hurricanes,8480336,Sean Walker,GOALS,1.0,585,6000,Montréal Canadiens,Carolina Hurricanes,2026-05-25,0
Carolina Hurricanes,8480336,Sean Walker,ASSISTS,2.0,247,6000,Montréal Canadiens,Carolina Hurricanes,2026-05-25,0
Carolina Hurricanes,8480336,Sean Walker,POINTS,3.0,61,6000,Montréal Canadiens,Carolina Hurricanes,2026-05-25,0
Montréal Canadiens,8483515,Juraj Slafkovský,SOG,4.0,1148,6000,Montréal Canadiens,Carolina Hurricanes,2026-05-25,0
Carolina Hurricanes,8476958,Jaccob Slavin,BLOCKS,5.0,437,6000,Montréal Canadiens,Carolina Hurricanes,2026-05-25,0
Carolina Hurricanes,8480817,K'Andre Miller,BLOCKS,4.0,128,6000,Montréal Canadiens,Carolina Hurricanes,2026-05-25,0
Montréal Canadiens,8482487,Jakub Dobes,SAVES,39.1,265,6000,Montréal Canadiens,Carolina Hurricanes,2026-05-25,0
Montréal Canadiens,8480074,Alexandre Texier,SOG,3.0,934,6000,Montréal Canadiens,Carolina Hurricanes,2026-05-25,0
Montréal Canadiens,8481618,Alex Newhook,BLOCKS,3.0,153,6000,Montréal Canadiens,Carolina Hurricanes,2026-05-25,0
Montréal Canadiens,8484984,Ivan Demidov,BLOCKS,2.0,728,6000,Montréal Canadiens,Carolina Hurricanes,2026-05-25,0
Carolina Hurricanes,8482809,Jackson Blake,SOG,5.0,407,6000,Montréal Canadiens,Carolina Hurricanes,2026-05-25,0
Carolina Hurricanes,8480336,Sean Walker,SOG,4.0,457,6000,Montréal Canadiens,Carolina Hurricanes,2026-05-25,0
Montréal Canadiens,8476479,Phillip Danault,SOG,5.0,152,6000,Montréal Canadiens,Carolina Hurricanes,2026-05-25,0
Montréal Canadiens,8482087,Kaiden Guhle,SOG,4.0,264,6000,Montréal Canadiens,Carolina Hurricanes,2026-05-25,0
Carolina Hurricanes,8478427,Sebastian Aho,SOG,7.0,390,6000,Montréal Canadiens,Carolina Hurricanes,2026-05-25,0
Carolina Hurricanes,8478427,Sebastian Aho,GOALS,3.0,119,6000,Montréal Canadiens,Carolina Hurricanes,2026-05-25,0
Carolina Hurricanes,8478427,Sebastian Aho,POINTS,3.0,425,6000,Montréal Canadiens,Carolina Hurricanes,2026-05-25,0
Carolina Hurricanes,8482093,Seth Jarvis,ASSISTS,2.0,702,6000,Montréal Canadiens,Carolina Hurricanes,2026-05-25,0
Carolina Hurricanes,8482093,Seth Jarvis,POINTS,3.0,367,6000,Montréal Canadiens,Carolina Hurricanes,2026-05-25,0
Carolina Hurricanes,8475883,Frederik Andersen,SAVES,32.3,312,6000,Montréal Canadiens,Carolina Hurricanes,2026-05-25,0
Carolina Hurricanes,8476906,Shayne Gostisbehere,ASSISTS,2.0,277,6000,Montréal Canadiens,Carolina Hurricanes,2026-05-25,0
Carolina Hurricanes,8476906,Shayne Gostisbehere,POINTS,2.0,441,6000,Montréal Canadiens,Carolina Hurricanes,2026-05-25,0
Carolina Hurricanes,8476906,Shayne Gostisbehere,BLOCKS,2.0,407,6000,Montréal Canadiens,Carolina Hurricanes,2026-05-25,0
Montréal Canadiens,8482487,Jakub Dobes,SAVES,26.35,118,6000,Montréal Canadiens,Carolina Hurricanes,2026-05-25,0
Montréal Canadiens,8481618,Alex Newhook,SOG,6.0,126,6000,Montréal Canadiens,Carolina Hurricanes,2026-05-25,0
Carolina Hurricanes,8482702,Logan Stankoven,SOG,0.0,502,6000,Montréal Canadiens,Carolina Hurricanes,2026-05-25,0
Montréal Canadiens,8481540,Cole Caufield,SOG,7.0,269,6000,Montréal Canadiens,Carolina Hurricanes,2026-05-25,0
Carolina Hurricanes,8480817,K'Andre Miller,BLOCKS,3.0,529,6000,Montréal Canadiens,Carolina Hurricanes,2026-05-25,0
Montréal Canadiens,8483686,Adam Engstrom,BLOCKS,3.0,229,6000,Montréal Canadiens,Carolina Hurricanes,2026-05-25,0
Carolina Hurricanes,8476873,Mark Jankowski,ASSISTS,2.0,170,6000,Montréal Canadiens,Carolina Hurricanes,2026-05-25,0
Montréal Canadiens,8483515,Juraj Slafkovský,GOALS,2.0,275,6000,Montréal Canadiens,Carolina Hurricanes,2026-05-25,0
Montréal Canadiens,8483515,Juraj Slafkovský,POINTS,4.0,69,6000,Montréal Canadiens,Carolina Hurricanes,2026-05-25,0
Montréal Canadiens,8481540,Cole Caufield,ASSISTS,3.0,67,6000,Montréal Canadiens,Carolina Hurricanes,2026-05-25,0
Montréal Canadiens,8481540,Cole Caufield,POINTS,4.0,81,6000,Montréal Canadiens,Carolina Hurricanes,2026-05-25,0
Montréal Canadiens,8476875,Mike Matheson,SOG,7.0,73,6000,Montréal Canadiens,Carolina Hurricanes,2026-05-25,0
Carolina Hurricanes,8475883,Frederik Andersen,SAVES,21.25,77,6000,Montréal Canadiens,Carolina Hurricanes,2026-05-25,0
Carolina Hurricanes,8476906,Shayne Gostisbehere,SOG,8.0,11,6000,Montréal Canadiens,Carolina Hurricanes,2026-05-25,0
Montréal Canadiens,8480018,Nick Suzuki,SOG,5.0,756,6000,Montréal Canadiens,Carolina Hurricanes,2026-05-25,0
Montréal Canadiens,8480018,Nick Suzuki,POINTS,3.0,327,6000,Montréal Canadiens,Carolina Hurricanes,2026-05-25,0
Montréal Canadiens,8483515,Juraj Slafkovský,BLOCKS,5.0,70,6000,Montréal Canadiens,Carolina Hurricanes,2026-05-25,0
Montréal Canadiens,8482487,Jakub Dobes,SAVES,39.95,248,6000,Montréal Canadiens,Carolina Hurricanes,2026-05-25,0
Montréal Canadiens,8480865,Noah Dobson,SOG,5.0,252,6000,Montréal Canadiens,Carolina Hurricanes,2026-05-25,0
Carolina Hurricanes,8475791,Taylor Hall,GOALS,2.0,203,6000,Montréal Canadiens,Carolina Hurricanes,2026-05-25,0
Montréal Canadiens,8479339,Patrik Laine,ASSISTS,2.0,116,6000,Montréal Canadiens,Carolina Hurricanes,2026-05-25,0
Montréal Canadiens,8480074,Alexandre Texier,POINTS,3.0,60,6000,Montréal Canadiens,Carolina Hurricanes,2026-05-25,0
Montréal Canadiens,8478851,Alexandre Carrier,SOG,5.0,115,6000,Montréal Canadiens,Carolina Hurricanes,2026-05-25,0
Montréal Canadiens,8482487,Jakub Dobes,SAVES,24.65,88,6000,Montréal Canadiens,Carolina Hurricanes,2026-05-25,0
Carolina Hurricanes,8475883,Frederik Andersen,SAVES,40.8,84,6000,Montréal Canadiens,Carolina Hurricanes,2026-05-25,0
Montréal Canadiens,8476981,Josh Anderson,SOG,5.0,276,6000,Montréal Canadiens,Carolina Hurricanes,2026-05-25,0
Montréal Canadiens,8476875,Mike Matheson,BLOCKS,8.0,50,6000,Montréal Canadiens,Carolina Hurricanes,2026-05-25,0
Carolina Hurricanes,8482093,Seth Jarvis,SOG,9.0,100,6000,Montréal Canadiens,Carolina Hurricanes,2026-05-25,0
Montréal Canadiens,8482487,Jakub Dobes,SAVES,41.65,164,6000,Montréal Canadiens,Carolina Hurricanes,2026-05-25,0
Montréal Canadiens,8483686,Adam Engstrom,GOALS,2.0,32,6000,Montréal Canadiens,Carolina Hurricanes,2026-05-25,0
Montréal Canadiens,8483686,Adam Engstrom,POINTS,2.0,332,6000,Montréal Canadiens,Carolina Hurricanes,2026-05-25,0
Montréal Canadiens,8483515,Juraj Slafkovský,SOG,6.0,515,6000,Montréal Canadiens,Carolina Hurricanes,2026-05-25,0
Carolina Hurricanes,8478427,Sebastian Aho,GOALS,2.0,618,6000,Montréal Canadiens,Carolina Hurricanes,2026-05-25,0
Montréal Canadiens,8482487,Jakub Dobes,SAVES,45.05,74,6000,Montréal Canadiens,Carolina Hurricanes,2026-05-25,0
Carolina Hurricanes,8475883,Frederik Andersen,SAVES,37.4,164,6000,Montréal Canadiens,Carolina Hurricanes,2026-05-25,0
Montréal Canadiens,8480865,Noah Dobson,BLOCKS,5.0,136,6000,Montréal Canadiens,Carolina Hurricanes,2026-05-25,0
Montréal Canadiens,8478133,Jake Evans,SOG,6.0,97,6000,Montréal Canadiens,Carolina Hurricanes,2026-05-25,0
Carolina Hurricanes,8482809,Jackson Blake,BLOCKS,3.0,71,6000,Montréal Canadiens,Carolina Hurricanes,2026-05-25,0
Carolina Hurricanes,8482702,Logan Stankoven,SOG,11.0,2,6000,Montréal Canadiens,Carolina Hurricanes,2026-05-25,0
Montréal Canadiens,8480074,Alexandre Texier,SOG,5.0,139,6000,Montréal Canadiens,Carolina Hurricanes,2026-05-25,0
Carolina Hurricanes,8478970,Jalen Chatfield,SOG,5.0,317,6000,Montréal Canadiens,Carolina Hurricanes,2026-05-25,0
Carolina Hurricanes,8482702,Logan Stankoven,BLOCKS,3.0,65,6000,Montréal Canadiens,Carolina Hurricanes,2026-05-25,0
Montréal Canadiens,8480018,Nick Suzuki,SOG,10.0,25,6000,Montréal Canadiens,Carolina Hurricanes,2026-05-25,0
Montréal Canadiens,8482487,Jakub Dobes,SAVES,32.3,317,6000,Montréal Canadiens,Carolina Hurricanes,2026-05-25,0
Montréal Canadiens,8483457,Lane Hutson,SOG,7.0,60,6000,Montréal Canadiens,Carolina Hurricanes,2026-05-25,0
Montréal Canadiens,8483457,Lane Hutson,ASSISTS,3.0,90,6000,Montréal Canadiens,Carolina Hurricanes,2026-05-25,0
Montréal Canadiens,8483457,Lane Hutson,POINTS,3.0,145,6000,Montréal Canadiens,Carolina Hurricanes,2026-05-25,0
Carolina Hurricanes,8478427,Sebastian Aho,SOG,9.0,77,6000,Montréal Canadiens,Carolina Hurricanes,2026-05-25,0
Carolina Hurricanes,8482093,Seth Jarvis,ASSISTS,3.0,148,6000,Montréal Canadiens,Carolina Hurricanes,2026-05-25,0
Carolina Hurricanes,8475883,Frederik Andersen,SAVES,22.95,126,6000,Montréal Canadiens,Carolina Hurricanes,2026-05-25,0
Montréal Canadiens,8476981,Josh Anderson,POINTS,2.0,376,6000,Montréal Canadiens,Carolina Hurricanes,2026-05-25,0
Montréal Canadiens,8483424,Owen Beck,ASSISTS,2.0,175,6000,Montréal Canadiens,Carolina Hurricanes,2026-05-25,0
Montréal Canadiens,8481618,Alex Newhook,POINTS,3.0,148,6000,Montréal Canadiens,Carolina Hurricanes,2026-05-25,0
Montréal Canadiens,8484984,Ivan Demidov,SOG,0.0,568,6000,Montréal Canadiens,Carolina Hurricanes,2026-05-25,0
Montréal Canadiens,8480865,Noah Dobson,BLOCKS,4.0,451,6000,Montréal Canadiens,Carolina Hurricanes,2026-05-25,0
Carolina Hurricanes,8478970,Jalen Chatfield,SOG,4.0,728,6000,Montréal Canadiens,Carolina Hurricanes,2026-05-25,0
Montréal Canadiens,8483457,Lane Hutson,SOG,6.0,171,6000,Montréal Canadiens,Carolina Hurricanes,2026-05-25,0
Montréal Canadiens,8476875,Mike Matheson,BLOCKS,9.0,26,6000,Montréal Canadiens,Carolina Hurricanes,2026-05-25,0
Carolina Hurricanes,8482093,Seth Jarvis,SOG,6.0,645,6000,Montréal Canadiens,Carolina Hurricanes,2026-05-25,0
Montréal Canadiens,8482487,Jakub Dobes,SAVES,37.4,298,6000,Montréal Canadiens,Carolina Hurricanes,2026-05-25,0
Carolina Hurricanes,8475883,Frederik Andersen,SAVES,38.25,150,6000,Montréal Canadiens,Carolina Hurricanes,2026-05-25,0
Montréal Canadiens,8478851,Alexandre Carrier,BLOCKS,4.0,297,6000,Montréal Canadiens,Carolina Hurricanes,2026-05-25,0
Carolina Hurricanes,8475791,Taylor Hall,BLOCKS,5.0,4,6000,Montréal Canadiens,Carolina Hurricanes,2026-05-25,0
Carolina Hurricanes,8480336,Sean Walker,POINTS,2.0,376,6000,Montréal Canadiens,Carolina Hurricanes,2026-05-25,0
Carolina Hurricanes,8480336,Sean Walker,BLOCKS,5.0,41,6000,Montréal Canadiens,Carolina Hurricanes,2026-05-25,0
Montréal Canadiens,8484403,Florian Xhekaj,SOG,6.0,18,6000,Montréal Canadiens,Carolina Hurricanes,2026-05-25,0
Montréal Canadiens,8483515,Juraj Slafkovský,SOG,0.0,154,6000,Montréal Canadiens,Carolina Hurricanes,2026-05-25,0
Carolina Hurricanes,8476958,Jaccob Slavin,BLOCKS,6.0,241,6000,Montréal Canadiens,Carolina Hurricanes,2026-05-25,0
Carolina Hurricanes,8473533,Jordan Staal,SOG,4.0,668,6000,Montréal Canadiens,Carolina Hurricanes,2026-05-25,0
Carolina Hurricanes,8480830,Andrei Svechnikov,GOALS,2.0,129,6000,Montréal Canadiens,Carolina Hurricanes,2026-05-25,0
Montréal Canadiens,8476981,Josh Anderson,ASSISTS,1.0,1265,6000,Montréal Canadiens,Carolina Hurricanes,2026-05-25,0
Montréal Canadiens,8479339,Patrik Laine,SOG,4.0,583,6000,Montréal Canadiens,Carolina Hurricanes,2026-05-25,0
Carolina Hurricanes,8476958,Jaccob Slavin,GOALS,2.0,75,6000,Montréal Canadiens,Carolina Hurricanes,2026-05-25,0
Carolina Hurricanes,8475883,Frederik Andersen,SAVES,27.2,301,6000,Montréal Canadiens,Carolina Hurricanes,2026-05-25,0
Carolina Hurricanes,8475883,Frederik Andersen,SAVES,28.9,331,6000,Montréal Canadiens,Carolina Hurricanes,2026-05-25,0
Montréal Canadiens,8481618,Alex Newhook,BLOCKS,2.0,680,6000,Montréal Canadiens,Carolina Hurricanes,2026-05-25,0
Carolina Hurricanes,8482809,Jackson Blake,GOALS,2.0,201,6000,Montréal Canadiens,Carolina Hurricanes,2026-05-25,0
Carolina Hurricanes,8473533,Jordan Staal,SOG,6.0,129,6000,Montréal Canadiens,Carolina Hurricanes,2026-05-25,0
Carolina Hurricanes,8480830,Andrei Svechnikov,ASSISTS,2.0,282,6000,Montréal Canadiens,Carolina Hurricanes,2026-05-25,0
Montréal Canadiens,8483515,Juraj Slafkovský,SOG,11.0,12,6000,Montréal Canadiens,Carolina Hurricanes,2026-05-25,0
Montréal Canadiens,8481540,Cole Caufield,GOALS,2.0,454,6000,Montréal Canadiens,Carolina Hurricanes,2026-05-25,0
Montréal Canadiens,8482487,Jakub Dobes,SAVES,34.85,361,6000,Montréal Canadiens,Carolina Hurricanes,2026-05-25,0
Carolina Hurricanes,8475791,Taylor Hall,POINTS,3.0,112,6000,Montréal Canadiens,Carolina Hurricanes,2026-05-25,0
Montréal Canadiens,8483457,Lane Hutson,BLOCKS,5.0,214,6000,Montréal Canadiens,Carolina Hurricanes,2026-05-25,0
Carolina Hurricanes,8480817,K'Andre Miller,SOG,7.0,94,6000,Montréal Canadiens,Carolina Hurricanes,2026-05-25,0
Montréal Canadiens,8483686,Adam Engstrom,ASSISTS,2.0,199,6000,Montréal Canadiens,Carolina Hurricanes,2026-05-25,0
Montréal Canadiens,8479339,Patrik Laine,GOALS,2.0,112,6000,Montréal Canadiens,Carolina Hurricanes,2026-05-25,0
Carolina Hurricanes,8482093,Seth Jarvis,GOALS,2.0,224,6000,Montréal Canadiens,Carolina Hurricanes,2026-05-25,0
Carolina Hurricanes,8482093,Seth Jarvis,POINTS,4.0,74,6000,Montréal Canadiens,Carolina Hurricanes,2026-05-25,0
Carolina Hurricanes,8477940,Nikolaj Ehlers,GOALS,3.0,79,6000,Montréal Canadiens,Carolina Hurricanes,2026-05-25,0
Carolina Hurricanes,8477940,Nikolaj Ehlers,POINTS,4.0,98,6000,Montréal Canadiens,Carolina Hurricanes,2026-05-25,0
Carolina Hurricanes,8480817,K'Andre Miller,ASSISTS,4.0,14,6000,Montréal Canadiens,Carolina Hurricanes,2026-05-25,0
Carolina Hurricanes,8480817,K'Andre Miller,POINTS,4.0,29,6000,Montréal Canadiens,Carolina Hurricanes,2026-05-25,0
Montréal Canadiens,8481618,Alex Newhook,SOG,7.0,48,6000,Montréal Canadiens,Carolina Hurricanes,2026-05-25,0
Montréal Canadiens,8481618,Alex Newhook,GOALS,5.0,2,6000,Montréal Canadiens,Carolina Hurricanes,2026-05-25,0
Montréal Canadiens,8481618,Alex Newhook,POINTS,5.0,5,6000,Montréal Canadiens,Carolina Hurricanes,2026-05-25,0
Montréal Canadiens,8478133,Jake Evans,ASSISTS,2.0,266,6000,Montréal Canadiens,Carolina Hurricanes,2026-05-25,0
Carolina Hurricanes,8473533,Jordan Staal,GOALS,2.0,162,6000,Montréal Canadiens,Carolina Hurricanes,2026-05-25,0
Montréal Canadiens,8482487,Jakub Dobes,SAVES,40.8,188,6000,Montréal Canadiens,Carolina Hurricanes,2026-05-25,0
Carolina Hurricanes,8475883,Frederik Andersen,SAVES,30.6,355,6000,Montréal Canadiens,Carolina Hurricanes,2026-05-25,0
Montréal Canadiens,8476981,Josh Anderson,GOALS,3.0,6,6000,Montréal Canadiens,Carolina Hurricanes,2026-05-25,0
Montréal Canadiens,8484984,Ivan Demidov,SOG,7.0,51,6000,Montréal Canadiens,Carolina Hurricanes,2026-05-25,0
Montréal Canadiens,8484984,Ivan Demidov,GOALS,2.0,132,6000,Montréal Canadiens,Carolina Hurricanes,2026-05-25,0
Montréal Canadiens,8480018,Nick Suzuki,SOG,9.0,34,6000,Montréal Canadiens,Carolina Hurricanes,2026-05-25,0
Carolina Hurricanes,8476906,Shayne Gostisbehere,POINTS,3.0,89,6000,Montréal Canadiens,Carolina Hurricanes,2026-05-25,0
Carolina Hurricanes,8475883,Frederik Andersen,SAVES,41.65,67,6000,Montréal Canadiens,Carolina Hurricanes,2026-05-25,0
Carolina Hurricanes,8485563,Charlie Cerrato,SOG,5.0,177,6000,Montréal Canadiens,Carolina Hurricanes,2026-05-25,0
Montréal Canadiens,8483686,Adam Engstrom,BLOCKS,4.0,53,6000,Montréal Canadiens,Carolina Hurricanes,2026-05-25,0
Carolina Hurricanes,8485563,Charlie Cerrato,SOG,6.0,43,6000,Montréal Canadiens,Carolina Hurricanes,2026-05-25,0
Montréal Canadiens,8476875,Mike Matheson,GOALS,2.0,31,6000,Montréal Canadiens,Carolina Hurricanes,2026-05-25,0
Montréal Canadiens,8476875,Mike Matheson,POINTS,3.0,152,6000,Montréal Canadiens,Carolina Hurricanes,2026-05-25,0
Carolina Hurricanes,8478427,Sebastian Aho,ASSISTS,2.0,452,6000,Montréal Canadiens,Carolina Hurricanes,2026-05-25,0
Montréal Canadiens,8482487,Jakub Dobes,SAVES,36.55,314,6000,Montréal Canadiens,Carolina Hurricanes,2026-05-25,0
Carolina Hurricanes,8480336,Sean Walker,BLOCKS,6.0,6,6000,Montréal Canadiens,Carolina Hurricanes,2026-05-25,0
Montréal Canadiens,8482487,Jakub Dobes,SAVES,43.35,123,6000,Montréal Canadiens,Carolina Hurricanes,2026-05-25,0
Montréal Canadiens,8483424,Owen Beck,SOG,6.0,52,6000,Montréal Canadiens,Carolina Hurricanes,2026-05-25,0
Carolina Hurricanes,8480830,Andrei Svechnikov,BLOCKS,3.0,219,6000,Montréal Canadiens,Carolina Hurricanes,2026-05-25,0
Carolina Hurricanes,8478427,Sebastian Aho,ASSISTS,3.0,69,6000,Montréal Canadiens,Carolina Hurricanes,2026-05-25,0
Carolina Hurricanes,8478427,Sebastian Aho,POINTS,4.0,126,6000,Montréal Canadiens,Carolina Hurricanes,2026-05-25,0
Carolina Hurricanes,8476906,Shayne Gostisbehere,SOG,7.0,49,6000,Montréal Canadiens,Carolina Hurricanes,2026-05-25,0
Montréal Canadiens,8478851,Alexandre Carrier,POINTS,3.0,45,6000,Montréal Canadiens,Carolina Hurricanes,2026-05-25,0
Carolina Hurricanes,8477940,Nikolaj Ehlers,POINTS,3.0,414,6000,Montréal Canadiens,Carolina Hurricanes,2026-05-25,0
Montréal Canadiens,8482087,Kaiden Guhle,GOALS,2.0,18,6000,Montréal Canadiens,Carolina Hurricanes,2026-05-25,0
Carolina Hurricanes,8477940,Nikolaj Ehlers,BLOCKS,4.0,88,6000,Montréal Canadiens,Carolina Hurricanes,2026-05-25,0
Carolina Hurricanes,8478970,Jalen Chatfield,POINTS,3.0,92,6000,Montréal Canadiens,Carolina Hurricanes,2026-05-25,0
Montréal Canadiens,8476981,Josh Anderson,BLOCKS,2.0,197,6000,Montréal Canadiens,Carolina Hurricanes,2026-05-25,0
Montréal Canadiens,8483515,Juraj Slafkovský,SOG,7.0,286,6000,Montréal Canadiens,Carolina Hurricanes,2026-05-25,0
Montréal Canadiens,8480018,Nick Suzuki,POINTS,4.0,74,6000,Montréal Canadiens,Carolina Hurricanes,2026-05-25,0
Montréal Canadiens,8483515,Juraj Slafkovský,ASSISTS,3.0,88,6000,Montréal Canadiens,Carolina Hurricanes,2026-05-25,0
Montréal Canadiens,8476875,Mike Matheson,ASSISTS,3.0,90,6000,Montréal Canadiens,Carolina Hurricanes,2026-05-25,0
Carolina Hurricanes,8482809,Jackson Blake,ASSISTS,2.0,232,6000,Montréal Canadiens,Carolina Hurricanes,2026-05-25,0
Carolina Hurricanes,8478970,Jalen Chatfield,SOG,6.0,120,6000,Montréal Canadiens,Carolina Hurricanes,2026-05-25,0
Carolina Hurricanes,8476921,Jordan Martinook,SOG,7.0,24,6000,Montréal Canadiens,Carolina Hurricanes,2026-05-25,0
Montréal Canadiens,8481618,Alex Newhook,ASSISTS,2.0,137,6000,Montréal Canadiens,Carolina Hurricanes,2026-05-25,0
Montréal Canadiens,8478133,Jake Evans,POINTS,3.0,73,6000,Montréal Canadiens,Carolina Hurricanes,2026-05-25,0
Montréal Canadiens,8478133,Jake Evans,BLOCKS,4.0,41,6000,Montréal Canadiens,Carolina Hurricanes,2026-05-25,0
Montréal Canadiens,8482487,Jakub Dobes,SAVES,34.0,333,6000,Montréal Canadiens,Carolina Hurricanes,2026-05-25,0
Montréal Canadiens,8483515,Juraj Slafkovský,POINTS,3.0,305,6000,Montréal Canadiens,Carolina Hurricanes,2026-05-25,0
Montréal Canadiens,8483457,Lane Hutson,SOG,0.0,490,6000,Montréal Canadiens,Carolina Hurricanes,2026-05-25,0
Carolina Hurricanes,8478427,Sebastian Aho,SOG,10.0,48,6000,Montréal Canadiens,Carolina Hurricanes,2026-05-25,0
Carolina Hurricanes,8482702,Logan Stankoven,SOG,6.0,156,6000,Montréal Canadiens,Carolina Hurricanes,2026-05-25,0
Carolina Hurricanes,8473533,Jordan Staal,BLOCKS,4.0,46,6000,Montréal Canadiens,Carolina Hurricanes,2026-05-25,0
Montréal Canadiens,8483515,Juraj Slafkovský,SOG,9.0,66,6000,Montréal Canadiens,Carolina Hurricanes,2026-05-25,0
Montréal Canadiens,8476479,Phillip Danault,BLOCKS,5.0,17,6000,Montréal Canadiens,Carolina Hurricanes,2026-05-25,0
Carolina Hurricanes,8476958,Jaccob Slavin,SOG,10.0,25,6000,Montréal Canadiens,Carolina Hurricanes,2026-05-25,0
Montréal Canadiens,8484403,Florian Xhekaj,SOG,5.0,68,6000,Montréal Canadiens,Carolina Hurricanes,2026-05-25,0
Carolina Hurricanes,8485563,Charlie Cerrato,BLOCKS,3.0,360,6000,Montréal Canadiens,Carolina Hurricanes,2026-05-25,0
Carolina Hurricanes,8480829,Jesperi Kotkaniemi,BLOCKS,2.0,312,6000,Montréal Canadiens,Carolina Hurricanes,2026-05-25,0
Carolina Hurricanes,8475883,Frederik Andersen,SAVES,24.65,191,6000,Montréal Canadiens,Carolina Hurricanes,2026-05-25,0
Montréal Canadiens,8481540,Cole Caufield,SOG,9.0,53,6000,Montréal Canadiens,Carolina Hurricanes,2026-05-25,0
Montréal Canadiens,8483515,Juraj Slafkovský,GOALS,4.0,3,6000,Montréal Canadiens,Carolina Hurricanes,2026-05-25,0
Montréal Canadiens,8476875,Mike Matheson,ASSISTS,5.0,2,6000,Montréal Canadiens,Carolina Hurricanes,2026-05-25,0
Montréal Canadiens,8476875,Mike Matheson,POINTS,5.0,2,6000,Montréal Canadiens,Carolina Hurricanes,2026-05-25,0
Montréal Canadiens,8482487,Jakub Dobes,SAVES,33.15,294,6000,Montréal Canadiens,Carolina Hurricanes,2026-05-25,0
Montréal Canadiens,8482487,Jakub Dobes,SAVES,49.3,35,6000,Montréal Canadiens,Carolina Hurricanes,2026-05-25,0
Montréal Canadiens,8478851,Alexandre Carrier,BLOCKS,5.0,85,6000,Montréal Canadiens,Carolina Hurricanes,2026-05-25,0
Montréal Canadiens,8483424,Owen Beck,SOG,5.0,141,6000,Montréal Canadiens,Carolina Hurricanes,2026-05-25,0
Carolina Hurricanes,8477940,Nikolaj Ehlers,SOG,0.0,127,6000,Montréal Canadiens,Carolina Hurricanes,2026-05-25,0
Carolina Hurricanes,8482100,Alexander Nikishin,GOALS,2.0,25,6000,Montréal Canadiens,Carolina Hurricanes,2026-05-25,0
Carolina Hurricanes,8476921,Jordan Martinook,SOG,5.0,215,6000,Montréal Canadiens,Carolina Hurricanes,2026-05-25,0
Carolina Hurricanes,8475883,Frederik Andersen,SAVES,19.55,37,6000,Montréal Canadiens,Carolina Hurricanes,2026-05-25,0
Carolina Hurricanes,8475883,Frederik Andersen,SAVES,20.4,52,6000,Montréal Canadiens,Carolina Hurricanes,2026-05-25,0
Carolina Hurricanes,8480336,Sean Walker,SOG,5.0,146,6000,Montréal Canadiens,Carolina Hurricanes,2026-05-25,0
Montréal Canadiens,8479339,Patrik Laine,BLOCKS,3.0,187,6000,Montréal Canadiens,Carolina Hurricanes,2026-05-25,0
Carolina Hurricanes,8475883,Frederik Andersen,SAVES,22.1,96,6000,Montréal Canadiens,Carolina Hurricanes,2026-05-25,0
Montréal Canadiens,8480018,Nick Suzuki,GOALS,3.0,60,6000,Montréal Canadiens,Carolina Hurricanes,2026-05-25,0
Montréal Canadiens,8481540,Cole Caufield,ASSISTS,4.0,7,6000,Montréal Canadiens,Carolina Hurricanes,2026-05-25,0
Carolina Hurricanes,8476958,Jaccob Slavin,BLOCKS,7.0,78,6000,Montréal Canadiens,Carolina Hurricanes,2026-05-25,0
Carolina Hurricanes,8482702,Logan Stankoven,ASSISTS,2.0,156,6000,Montréal Canadiens,Carolina Hurricanes,2026-05-25,0
Montréal Canadiens,8480018,Nick Suzuki,SOG,8.0,104,6000,Montréal Canadiens,Carolina Hurricanes,2026-05-25,0
Montréal Canadiens,8483515,Juraj Slafkovský,SOG,10.0,22,6000,Montréal Canadiens,Carolina Hurricanes,2026-05-25,0
Carolina Hurricanes,8475791,Taylor Hall,ASSISTS,2.0,160,6000,Montréal Canadiens,Carolina Hurricanes,2026-05-25,0
Carolina Hurricanes,8482809,Jackson Blake,SOG,7.0,68,6000,Montréal Canadiens,Carolina Hurricanes,2026-05-25,0
Montréal Canadiens,8483686,Adam Engstrom,SOG,6.0,41,6000,Montréal Canadiens,Carolina Hurricanes,2026-05-25,0
Carolina Hurricanes,8476958,Jaccob Slavin,POINTS,3.0,264,6000,Montréal Canadiens,Carolina Hurricanes,2026-05-25,0
Montréal Canadiens,8482487,Jakub Dobes,SAVES,50.15,23,6000,Montréal Canadiens,Carolina Hurricanes,2026-05-25,0
Carolina Hurricanes,8475791,Taylor Hall,SOG,7.0,26,6000,Montréal Canadiens,Carolina Hurricanes,2026-05-25,0
Carolina Hurricanes,8477940,Nikolaj Ehlers,SOG,8.0,205,6000,Montréal Canadiens,Carolina Hurricanes,2026-05-25,0
Montréal Canadiens,8482487,Jakub Dobes,SAVES,42.5,166,6000,Montréal Canadiens,Carolina Hurricanes,2026-05-25,0
Montréal Canadiens,8483457,Lane Hutson,SOG,8.0,25,6000,Montréal Canadiens,Carolina Hurricanes,2026-05-25,0
Carolina Hurricanes,8476958,Jaccob Slavin,SOG,9.0,62,6000,Montréal Canadiens,Carolina Hurricanes,2026-05-25,0
Montréal Canadiens,8483686,Adam Engstrom,SOG,5.0,135,6000,Montréal Canadiens,Carolina Hurricanes,2026-05-25,0
Montréal Canadiens,8476479,Phillip Danault,BLOCKS,4.0,89,6000,Montréal Canadiens,Carolina Hurricanes,2026-05-25,0
Carolina Hurricanes,8473533,Jordan Staal,POINTS,4.0,25,6000,Montréal Canadiens,Carolina Hurricanes,2026-05-25,0
Carolina Hurricanes,8480830,Andrei Svechnikov,POINTS,3.0,112,6000,Montréal Canadiens,Carolina Hurricanes,2026-05-25,0
Carolina Hurricanes,8480336,Sean Walker,ASSISTS,3.0,30,6000,Montréal Canadiens,Carolina Hurricanes,2026-05-25,0
Montréal Canadiens,8484403,Florian Xhekaj,ASSISTS,3.0,10,6000,Montréal Canadiens,Carolina Hurricanes,2026-05-25,0
Montréal Canadiens,8484403,Florian Xhekaj,POINTS,3.0,28,6000,Montréal Canadiens,Carolina Hurricanes,2026-05-25,0
Montréal Canadiens,8480865,Noah Dobson,SOG,6.0,72,6000,Montréal Canadiens,Carolina Hurricanes,2026-05-25,0
Montréal Canadiens,8483424,Owen Beck,POINTS,3.0,45,6000,Montréal Canadiens,Carolina Hurricanes,2026-05-25,0
Carolina Hurricanes,8476958,Jaccob Slavin,ASSISTS,3.0,163,6000,Montréal Canadiens,Carolina Hurricanes,2026-05-25,0
Carolina Hurricanes,8476958,Jaccob Slavin,POINTS,4.0,56,6000,Montréal Canadiens,Carolina Hurricanes,2026-05-25,0
Montréal Canadiens,8478851,Alexandre Carrier,GOALS,2.0,39,6000,Montréal Canadiens,Carolina Hurricanes,2026-05-25,0
Montréal Canadiens,8482087,Kaiden Guhle,SOG,5.0,79,6000,Montréal Canadiens,Carolina Hurricanes,2026-05-25,0
Montréal Canadiens,8482087,Kaiden Guhle,GOALS,3.0,3,6000,Montréal Canadiens,Carolina Hurricanes,2026-05-25,0
Montréal Canadiens,8482087,Kaiden Guhle,POINTS,4.0,3,6000,Montréal Canadiens,Carolina Hurricanes,2026-05-25,0
Montréal Canadiens,8479339,Patrik Laine,POINTS,3.0,67,6000,Montréal Canadiens,Carolina Hurricanes,2026-05-25,0
Carolina Hurricanes,8475883,Frederik Andersen,SAVES,33.15,333,6000,Montréal Canadiens,Carolina Hurricanes,2026-05-25,0
Montréal Canadiens,8480018,Nick Suzuki,ASSISTS,3.0,74,6000,Montréal Canadiens,Carolina Hurricanes,2026-05-25,0
Montréal Canadiens,8481540,Cole Caufield,SOG,0.0,152,6000,Montréal Canadiens,Carolina Hurricanes,2026-05-25,0
Carolina Hurricanes,8480336,Sean Walker,POINTS,4.0,5,6000,Montréal Canadiens,Carolina Hurricanes,2026-05-25,0
Montréal Canadiens,8480074,Alexandre Texier,ASSISTS,2.0,116,6000,Montréal Canadiens,Carolina Hurricanes,2026-05-25,0
Carolina Hurricanes,8480830,Andrei Svechnikov,SOG,8.0,36,6000,Montréal Canadiens,Carolina Hurricanes,2026-05-25,0
Carolina Hurricanes,8482702,Logan Stankoven,POINTS,3.0,130,6000,Montréal Canadiens,Carolina Hurricanes,2026-05-25,0
Montréal Canadiens,8482487,Jakub Dobes,SAVES,48.45,32,6000,Montréal Canadiens,Carolina Hurricanes,2026-05-25,0
Carolina Hurricanes,8478970,Jalen Chatfield,BLOCKS,6.0,8,6000,Montréal Canadiens,Carolina Hurricanes,2026-05-25,0
Montréal Canadiens,8480865,Noah Dobson,ASSISTS,3.0,43,6000,Montréal Canadiens,Carolina Hurricanes,2026-05-25,0
Montréal Canadiens,8480865,Noah Dobson,POINTS,3.0,77,6000,Montréal Canadiens,Carolina Hurricanes,2026-05-25,0
Montréal Canadiens,8483686,Adam Engstrom,ASSISTS,3.0,17,6000,Montréal Canadiens,Carolina Hurricanes,2026-05-25,0
Montréal Canadiens,8483686,Adam Engstrom,POINTS,3.0,35,6000,Montréal Canadiens,Carolina Hurricanes,2026-05-25,0
Carolina Hurricanes,8475883,Frederik Andersen,SAVES,43.35,50,6000,Montréal Canadiens,Carolina Hurricanes,2026-05-25,0
Montréal Canadiens,8479339,Patrik Laine,ASSISTS,3.0,19,6000,Montréal Canadiens,Carolina Hurricanes,2026-05-25,0
Montréal Canadiens,8484403,Florian Xhekaj,SOG,7.0,5,6000,Montréal Canadiens,Carolina Hurricanes,2026-05-25,0
Carolina Hurricanes,8476906,Shayne Gostisbehere,GOALS,2.0,47,6000,Montréal Canadiens,Carolina Hurricanes,2026-05-25,0
Montréal Canadiens,8484984,Ivan Demidov,BLOCKS,3.0,150,6000,Montréal Canadiens,Carolina Hurricanes,2026-05-25,0
Carolina Hurricanes,8473533,Jordan Staal,SOG,7.0,40,6000,Montréal Canadiens,Carolina Hurricanes,2026-05-25,0
Carolina Hurricanes,8476921,Jordan Martinook,SOG,6.0,67,6000,Montréal Canadiens,Carolina Hurricanes,2026-05-25,0
Montréal Canadiens,8481540,Cole Caufield,BLOCKS,3.0,34,6000,Montréal Canadiens,Carolina Hurricanes,2026-05-25,0
Montréal Canadiens,8483457,Lane Hutson,ASSISTS,4.0,15,6000,Montréal Canadiens,Carolina Hurricanes,2026-05-25,0
Montréal Canadiens,8483457,Lane Hutson,POINTS,4.0,22,6000,Montréal Canadiens,Carolina Hurricanes,2026-05-25,0
Montréal Canadiens,8481618,Alex Newhook,GOALS,4.0,6,6000,Montréal Canadiens,Carolina Hurricanes,2026-05-25,0
Montréal Canadiens,8481618,Alex Newhook,POINTS,4.0,31,6000,Montréal Canadiens,Carolina Hurricanes,2026-05-25,0
Montréal Canadiens,8480865,Noah Dobson,POINTS,4.0,9,6000,Montréal Canadiens,Carolina Hurricanes,2026-05-25,0
Montréal Canadiens,8478133,Jake Evans,GOALS,2.0,53,6000,Montréal Canadiens,Carolina Hurricanes,2026-05-25,0
Montréal Canadiens,8480865,Noah Dobson,BLOCKS,6.0,54,6000,Montréal Canadiens,Carolina Hurricanes,2026-05-25,0
Carolina Hurricanes,8485563,Charlie Cerrato,SOG,7.0,21,6000,Montréal Canadiens,Carolina Hurricanes,2026-05-25,0
Carolina Hurricanes,8476873,Mark Jankowski,SOG,6.0,38,6000,Montréal Canadiens,Carolina Hurricanes,2026-05-25,0
Montréal Canadiens,8483424,Owen Beck,GOALS,2.0,53,6000,Montréal Canadiens,Carolina Hurricanes,2026-05-25,0
Carolina Hurricanes,8476921,Jordan Martinook,BLOCKS,4.0,99,6000,Montréal Canadiens,Carolina Hurricanes,2026-05-25,0
Carolina Hurricanes,8476873,Mark Jankowski,SOG,5.0,118,6000,Montréal Canadiens,Carolina Hurricanes,2026-05-25,0
Montréal Canadiens,8483515,Juraj Slafkovský,GOALS,3.0,47,6000,Montréal Canadiens,Carolina Hurricanes,2026-05-25,0
Carolina Hurricanes,8477940,Nikolaj Ehlers,GOALS,4.0,7,6000,Montréal Canadiens,Carolina Hurricanes,2026-05-25,0
Montréal Canadiens,8483457,Lane Hutson,BLOCKS,7.0,21,6000,Montréal Canadiens,Carolina Hurricanes,2026-05-25,0
Carolina Hurricanes,8482093,Seth Jarvis,BLOCKS,4.0,193,6000,Montréal Canadiens,Carolina Hurricanes,2026-05-25,0
Carolina Hurricanes,8476958,Jaccob Slavin,BLOCKS,8.0,35,6000,Montréal Canadiens,Carolina Hurricanes,2026-05-25,0
Carolina Hurricanes,8478427,Sebastian Aho,POINTS,6.0,6,6000,Montréal Canadiens,Carolina Hurricanes,2026-05-25,0
Montréal Canadiens,8476479,Phillip Danault,GOALS,2.0,111,6000,Montréal Canadiens,Carolina Hurricanes,2026-05-25,0
Montréal Canadiens,8478851,Alexandre Carrier,SOG,6.0,32,6000,Montréal Canadiens,Carolina Hurricanes,2026-05-25,0
Carolina Hurricanes,8476958,Jaccob Slavin,ASSISTS,4.0,27,6000,Montréal Canadiens,Carolina Hurricanes,2026-05-25,0
Montréal Canadiens,8476981,Josh Anderson,ASSISTS,4.0,2,6000,Montréal Canadiens,Carolina Hurricanes,2026-05-25,0
Montréal Canadiens,8476981,Josh Anderson,POINTS,4.0,5,6000,Montréal Canadiens,Carolina Hurricanes,2026-05-25,0
Montréal Canadiens,8482487,Jakub Dobes,SAVES,51.85,8,6000,Montréal Canadiens,Carolina Hurricanes,2026-05-25,0
Carolina Hurricanes,8480817,K'Andre Miller,GOALS,2.0,65,6000,Montréal Canadiens,Carolina Hurricanes,2026-05-25,0
Carolina Hurricanes,8480830,Andrei Svechnikov,BLOCKS,5.0,9,6000,Montréal Canadiens,Carolina Hurricanes,2026-05-25,0
Carolina Hurricanes,8482809,Jackson Blake,ASSISTS,3.0,22,6000,Montréal Canadiens,Carolina Hurricanes,2026-05-25,0
Carolina Hurricanes,8482809,Jackson Blake,POINTS,3.0,118,6000,Montréal Canadiens,Carolina Hurricanes,2026-05-25,0
Carolina Hurricanes,8473533,Jordan Staal,ASSISTS,3.0,28,6000,Montréal Canadiens,Carolina Hurricanes,2026-05-25,0
Carolina Hurricanes,8473533,Jordan Staal,POINTS,3.0,105,6000,Montréal Canadiens,Carolina Hurricanes,2026-05-25,0
Carolina Hurricanes,8480830,Andrei Svechnikov,GOALS,4.0,5,6000,Montréal Canadiens,Carolina Hurricanes,2026-05-25,0
Carolina Hurricanes,8480830,Andrei Svechnikov,POINTS,4.0,20,6000,Montréal Canadiens,Carolina Hurricanes,2026-05-25,0
Montréal Canadiens,8483457,Lane Hutson,GOALS,3.0,2,6000,Montréal Canadiens,Carolina Hurricanes,2026-05-25,0
Montréal Canadiens,8484984,Ivan Demidov,ASSISTS,3.0,29,6000,Montréal Canadiens,Carolina Hurricanes,2026-05-25,0
Montréal Canadiens,8484984,Ivan Demidov,POINTS,3.0,112,6000,Montréal Canadiens,Carolina Hurricanes,2026-05-25,0
Montréal Canadiens,8482087,Kaiden Guhle,BLOCKS,6.0,34,6000,Montréal Canadiens,Carolina Hurricanes,2026-05-25,0
Carolina Hurricanes,8482100,Alexander Nikishin,SOG,6.0,32,6000,Montréal Canadiens,Carolina Hurricanes,2026-05-25,0
Montréal Canadiens,8484403,Florian Xhekaj,BLOCKS,4.0,13,6000,Montréal Canadiens,Carolina Hurricanes,2026-05-25,0
Carolina Hurricanes,8482809,Jackson Blake,GOALS,3.0,21,6000,Montréal Canadiens,Carolina Hurricanes,2026-05-25,0
Montréal Canadiens,8483457,Lane Hutson,GOALS,2.0,31,6000,Montréal Canadiens,Carolina Hurricanes,2026-05-25,0
Carolina Hurricanes,8476906,Shayne Gostisbehere,SOG,9.0,3,6000,Montréal Canadiens,Carolina Hurricanes,2026-05-25,0
Carolina Hurricanes,8482809,Jackson Blake,SOG,9.0,9,6000,Montréal Canadiens,Carolina Hurricanes,2026-05-25,0
Carolina Hurricanes,8480829,Jesperi Kotkaniemi,SOG,5.0,72,6000,Montréal Canadiens,Carolina Hurricanes,2026-05-25,0
Montréal Canadiens,8481540,Cole Caufield,SOG,12.0,6,6000,Montréal Canadiens,Carolina Hurricanes,2026-05-25,0
Carolina Hurricanes,8485563,Charlie Cerrato,ASSISTS,2.0,70,6000,Montréal Canadiens,Carolina Hurricanes,2026-05-25,0
Carolina Hurricanes,8485563,Charlie Cerrato,BLOCKS,6.0,4,6000,Montréal Canadiens,Carolina Hurricanes,2026-05-25,0
Montréal Canadiens,8481540,Cole Caufield,GOALS,3.0,61,6000,Montréal Canadiens,Carolina Hurricanes,2026-05-25,0
Carolina Hurricanes,8475883,Frederik Andersen,SAVES,51.0,1,6000,Montréal Canadiens,Carolina Hurricanes,2026-05-25,0
Montréal Canadiens,8482487,Jakub Dobes,SAVES,45.9,63,6000,Montréal Canadiens,Carolina Hurricanes,2026-05-25,0
Montréal Canadiens,8484984,Ivan Demidov,BLOCKS,4.0,27,6000,Montréal Canadiens,Carolina Hurricanes,2026-05-25,0
Montréal Canadiens,8482487,Jakub Dobes,SAVES,20.4,8,6000,Montréal Canadiens,Carolina Hurricanes,2026-05-25,0
Montréal Canadiens,8480074,Alexandre Texier,SOG,6.0,39,6000,Montréal Canadiens,Carolina Hurricanes,2026-05-25,0
Carolina Hurricanes,8475883,Frederik Andersen,SAVES,14.45,1,6000,Montréal Canadiens,Carolina Hurricanes,2026-05-25,0
Carolina Hurricanes,8476958,Jaccob Slavin,BLOCKS,9.0,8,6000,Montréal Canadiens,Carolina Hurricanes,2026-05-25,0
Carolina Hurricanes,8476873,Mark Jankowski,BLOCKS,4.0,57,6000,Montréal Canadiens,Carolina Hurricanes,2026-05-25,0
Carolina Hurricanes,8476873,Mark Jankowski,BLOCKS,5.0,13,6000,Montréal Canadiens,Carolina Hurricanes,2026-05-25,0
Carolina Hurricanes,8482093,Seth Jarvis,SOG,11.0,9,6000,Montréal Canadiens,Carolina Hurricanes,2026-05-25,0
Carolina Hurricanes,8480336,Sean Walker,SOG,9.0,1,6000,Montréal Canadiens,Carolina Hurricanes,2026-05-25,0
Carolina Hurricanes,8480336,Sean Walker,GOALS,2.0,22,6000,Montréal Canadiens,Carolina Hurricanes,2026-05-25,0
Carolina Hurricanes,8480830,Andrei Svechnikov,SOG,10.0,6,6000,Montréal Canadiens,Carolina Hurricanes,2026-05-25,0
Carolina Hurricanes,8482809,Jackson Blake,POINTS,4.0,23,6000,Montréal Canadiens,Carolina Hurricanes,2026-05-25,0
Carolina Hurricanes,8480830,Andrei Svechnikov,ASSISTS,4.0,3,6000,Montréal Canadiens,Carolina Hurricanes,2026-05-25,0
Montréal Canadiens,8476981,Josh Anderson,BLOCKS,4.0,3,6000,Montréal Canadiens,Carolina Hurricanes,2026-05-25,0
Carolina Hurricanes,8478427,Sebastian Aho,GOALS,4.0,20,6000,Montréal Canadiens,Carolina Hurricanes,2026-05-25,0
Carolina Hurricanes,8477940,Nikolaj Ehlers,ASSISTS,3.0,95,6000,Montréal Canadiens,Carolina Hurricanes,2026-05-25,0
Montréal Canadiens,8482087,Kaiden Guhle,BLOCKS,5.0,109,6000,Montréal Canadiens,Carolina Hurricanes,2026-05-25,0
Montréal Canadiens,8483686,Adam Engstrom,POINTS,4.0,8,6000,Montréal Canadiens,Carolina Hurricanes,2026-05-25,0
Montréal Canadiens,8481540,Cole Caufield,SOG,10.0,23,6000,Montréal Canadiens,Carolina Hurricanes,2026-05-25,0
Montréal Canadiens,8476981,Josh Anderson,SOG,6.0,98,6000,Montréal Canadiens,Carolina Hurricanes,2026-05-25,0
Carolina Hurricanes,8482093,Seth Jarvis,SOG,10.0,29,6000,Montréal Canadiens,Carolina Hurricanes,2026-05-25,0
Montréal Canadiens,8481618,Alex Newhook,BLOCKS,4.0,29,6000,Montréal Canadiens,Carolina Hurricanes,2026-05-25,0
Carolina Hurricanes,8478970,Jalen Chatfield,SOG,7.0,44,6000,Montréal Canadiens,Carolina Hurricanes,2026-05-25,0
Carolina Hurricanes,8478970,Jalen Chatfield,GOALS,2.0,41,6000,Montréal Canadiens,Carolina Hurricanes,2026-05-25,0
Carolina Hurricanes,8475883,Frederik Andersen,SAVES,50.15,3,6000,Montréal Canadiens,Carolina Hurricanes,2026-05-25,0
Montréal Canadiens,8478133,Jake Evans,SOG,9.0,4,6000,Montréal Canadiens,Carolina Hurricanes,2026-05-25,0
Montréal Canadiens,8476479,Phillip Danault,SOG,6.0,57,6000,Montréal Canadiens,Carolina Hurricanes,2026-05-25,0
Montréal Canadiens,8482487,Jakub Dobes,SAVES,47.6,42,6000,Montréal Canadiens,Carolina Hurricanes,2026-05-25,0
Carolina Hurricanes,8476921,Jordan Martinook,POINTS,3.0,65,6000,Montréal Canadiens,Carolina Hurricanes,2026-05-25,0
Montréal Canadiens,8476875,Mike Matheson,BLOCKS,10.0,8,6000,Montréal Canadiens,Carolina Hurricanes,2026-05-25,0
Carolina Hurricanes,8480830,Andrei Svechnikov,BLOCKS,4.0,42,6000,Montréal Canadiens,Carolina Hurricanes,2026-05-25,0
Carolina Hurricanes,8482093,Seth Jarvis,POINTS,5.0,19,6000,Montréal Canadiens,Carolina Hurricanes,2026-05-25,0
Montréal Canadiens,8478133,Jake Evans,ASSISTS,3.0,24,6000,Montréal Canadiens,Carolina Hurricanes,2026-05-25,0
Carolina Hurricanes,8480817,K'Andre Miller,SOG,8.0,26,6000,Montréal Canadiens,Carolina Hurricanes,2026-05-25,0
Carolina Hurricanes,8475883,Frederik Andersen,SAVES,45.05,24,6000,Montréal Canadiens,Carolina Hurricanes,2026-05-25,0
Carolina Hurricanes,8480336,Sean Walker,SOG,6.0,40,6000,Montréal Canadiens,Carolina Hurricanes,2026-05-25,0
Montréal Canadiens,8479339,Patrik Laine,SOG,7.0,33,6000,Montréal Canadiens,Carolina Hurricanes,2026-05-25,0
Montréal Canadiens,8481540,Cole Caufield,GOALS,4.0,9,6000,Montréal Canadiens,Carolina Hurricanes,2026-05-25,0
Montréal Canadiens,8476981,Josh Anderson,BLOCKS,3.0,28,6000,Montréal Canadiens,Carolina Hurricanes,2026-05-25,0
Carolina Hurricanes,8475791,Taylor Hall,ASSISTS,3.0,19,6000,Montréal Canadiens,Carolina Hurricanes,2026-05-25,0
Carolina Hurricanes,8482100,Alexander Nikishin,BLOCKS,4.0,37,6000,Montréal Canadiens,Carolina Hurricanes,2026-05-25,0
Montréal Canadiens,8480074,Alexandre Texier,SOG,7.0,21,6000,Montréal Canadiens,Carolina Hurricanes,2026-05-25,0
Montréal Canadiens,8482487,Jakub Dobes,SAVES,22.95,34,6000,Montréal Canadiens,Carolina Hurricanes,2026-05-25,0
Montréal Canadiens,8483424,Owen Beck,ASSISTS,3.0,17,6000,Montréal Canadiens,Carolina Hurricanes,2026-05-25,0
Carolina Hurricanes,8475883,Frederik Andersen,SAVES,51.85,1,6000,Montréal Canadiens,Carolina Hurricanes,2026-05-25,0
Carolina Hurricanes,8473533,Jordan Staal,BLOCKS,5.0,8,6000,Montréal Canadiens,Carolina Hurricanes,2026-05-25,0
Montréal Canadiens,8483457,Lane Hutson,BLOCKS,6.0,72,6000,Montréal Canadiens,Carolina Hurricanes,2026-05-25,0
Carolina Hurricanes,8480830,Andrei Svechnikov,SOG,9.0,13,6000,Montréal Canadiens,Carolina Hurricanes,2026-05-25,0
Montréal Canadiens,8476875,Mike Matheson,SOG,8.0,28,6000,Montréal Canadiens,Carolina Hurricanes,2026-05-25,0
Montréal Canadiens,8482487,Jakub Dobes,SAVES,56.95,1,6000,Montréal Canadiens,Carolina Hurricanes,2026-05-25,0
Carolina Hurricanes,8485563,Charlie Cerrato,ASSISTS,3.0,5,6000,Montréal Canadiens,Carolina Hurricanes,2026-05-25,0
Montréal Canadiens,8483457,Lane Hutson,SOG,9.0,9,6000,Montréal Canadiens,Carolina Hurricanes,2026-05-25,0
Carolina Hurricanes,8480829,Jesperi Kotkaniemi,SOG,6.0,30,6000,Montréal Canadiens,Carolina Hurricanes,2026-05-25,0
Montréal Canadiens,8484403,Florian Xhekaj,BLOCKS,3.0,70,6000,Montréal Canadiens,Carolina Hurricanes,2026-05-25,0
Montréal Canadiens,8480018,Nick Suzuki,BLOCKS,6.0,13,6000,Montréal Canadiens,Carolina Hurricanes,2026-05-25,0
Carolina Hurricanes,8476921,Jordan Martinook,BLOCKS,5.0,27,6000,Montréal Canadiens,Carolina Hurricanes,2026-05-25,0
Carolina Hurricanes,8475883,Frederik Andersen,SAVES,44.2,33,6000,Montréal Canadiens,Carolina Hurricanes,2026-05-25,0
Montréal Canadiens,8480865,Noah Dobson,SOG,8.0,4,6000,Montréal Canadiens,Carolina Hurricanes,2026-05-25,0
Carolina Hurricanes,8475883,Frederik Andersen,SAVES,45.9,10,6000,Montréal Canadiens,Carolina Hurricanes,2026-05-25,0
Montréal Canadiens,8480074,Alexandre Texier,SOG,8.0,3,6000,Montréal Canadiens,Carolina Hurricanes,2026-05-25,0
Carolina Hurricanes,8480829,Jesperi Kotkaniemi,BLOCKS,3.0,29,6000,Montréal Canadiens,Carolina Hurricanes,2026-05-25,0
Carolina Hurricanes,8475883,Frederik Andersen,SAVES,42.5,50,6000,Montréal Canadiens,Carolina Hurricanes,2026-05-25,0
Carolina Hurricanes,8482702,Logan Stankoven,BLOCKS,4.0,11,6000,Montréal Canadiens,Carolina Hurricanes,2026-05-25,0
Montréal Canadiens,8482487,Jakub Dobes,SAVES,46.75,55,6000,Montréal Canadiens,Carolina Hurricanes,2026-05-25,0
Carolina Hurricanes,8480817,K'Andre Miller,SOG,9.0,11,6000,Montréal Canadiens,Carolina Hurricanes,2026-05-25,0
Carolina Hurricanes,8475791,Taylor Hall,GOALS,3.0,16,6000,Montréal Canadiens,Carolina Hurricanes,2026-05-25,0
Carolina Hurricanes,8477940,Nikolaj Ehlers,POINTS,5.0,20,6000,Montréal Canadiens,Carolina Hurricanes,2026-05-25,0
Carolina Hurricanes,8477940,Nikolaj Ehlers,ASSISTS,4.0,18,6000,Montréal Canadiens,Carolina Hurricanes,2026-05-25,0
Montréal Canadiens,8481618,Alex Newhook,SOG,8.0,17,6000,Montréal Canadiens,Carolina Hurricanes,2026-05-25,0
Montréal Canadiens,8481618,Alex Newhook,GOALS,3.0,44,6000,Montréal Canadiens,Carolina Hurricanes,2026-05-25,0
Montréal Canadiens,8484984,Ivan Demidov,SOG,8.0,14,6000,Montréal Canadiens,Carolina Hurricanes,2026-05-25,0
Carolina Hurricanes,8482093,Seth Jarvis,ASSISTS,4.0,18,6000,Montréal Canadiens,Carolina Hurricanes,2026-05-25,0
Carolina Hurricanes,8480830,Andrei Svechnikov,ASSISTS,3.0,33,6000,Montréal Canadiens,Carolina Hurricanes,2026-05-25,0
Montréal Canadiens,8479339,Patrik Laine,GOALS,3.0,8,6000,Montréal Canadiens,Carolina Hurricanes,2026-05-25,0
Carolina Hurricanes,8475883,Frederik Andersen,SAVES,46.75,15,6000,Montréal Canadiens,Carolina Hurricanes,2026-05-25,0
Montréal Canadiens,8476981,Josh Anderson,GOALS,2.0,65,6000,Montréal Canadiens,Carolina Hurricanes,2026-05-25,0
Montréal Canadiens,8479339,Patrik Laine,BLOCKS,4.0,28,6000,Montréal Canadiens,Carolina Hurricanes,2026-05-25,0
Montréal Canadiens,8480865,Noah Dobson,BLOCKS,8.0,4,6000,Montréal Canadiens,Carolina Hurricanes,2026-05-25,0
Carolina Hurricanes,8476906,Shayne Gostisbehere,BLOCKS,4.0,10,6000,Montréal Canadiens,Carolina Hurricanes,2026-05-25,0
Carolina Hurricanes,8480817,K'Andre Miller,BLOCKS,6.0,9,6000,Montréal Canadiens,Carolina Hurricanes,2026-05-25,0
Carolina Hurricanes,8473533,Jordan Staal,SOG,8.0,14,6000,Montréal Canadiens,Carolina Hurricanes,2026-05-25,0
Montréal Canadiens,8482487,Jakub Dobes,SAVES,51.0,10,6000,Montréal Canadiens,Carolina Hurricanes,2026-05-25,0
Montréal Canadiens,8476875,Mike Matheson,SOG,9.0,7,6000,Montréal Canadiens,Carolina Hurricanes,2026-05-25,0
Carolina Hurricanes,8476873,Mark Jankowski,SOG,7.0,6,6000,Montréal Canadiens,Carolina Hurricanes,2026-05-25,0
Montréal Canadiens,8482087,Kaiden Guhle,SOG,7.0,3,6000,Montréal Canadiens,Carolina Hurricanes,2026-05-25,0
Carolina Hurricanes,8478427,Sebastian Aho,SOG,11.0,17,6000,Montréal Canadiens,Carolina Hurricanes,2026-05-25,0
Montréal Canadiens,8484984,Ivan Demidov,ASSISTS,4.0,4,6000,Montréal Canadiens,Carolina Hurricanes,2026-05-25,0
Montréal Canadiens,8484984,Ivan Demidov,POINTS,4.0,10,6000,Montréal Canadiens,Carolina Hurricanes,2026-05-25,0
Montréal Canadiens,8480018,Nick Suzuki,POINTS,5.0,13,6000,Montréal Canadiens,Carolina Hurricanes,2026-05-25,0
Montréal Canadiens,8476875,Mike Matheson,ASSISTS,4.0,17,6000,Montréal Canadiens,Carolina Hurricanes,2026-05-25,0
Montréal Canadiens,8476875,Mike Matheson,POINTS,4.0,29,6000,Montréal Canadiens,Carolina Hurricanes,2026-05-25,0
Carolina Hurricanes,8476921,Jordan Martinook,ASSISTS,3.0,32,6000,Montréal Canadiens,Carolina Hurricanes,2026-05-25,0
Carolina Hurricanes,8475791,Taylor Hall,POINTS,5.0,3,6000,Montréal Canadiens,Carolina Hurricanes,2026-05-25,0
Carolina Hurricanes,8475883,Frederik Andersen,SAVES,13.6,1,6000,Montréal Canadiens,Carolina Hurricanes,2026-05-25,0
Montréal Canadiens,8480074,Alexandre Texier,ASSISTS,3.0,5,6000,Montréal Canadiens,Carolina Hurricanes,2026-05-25,0
Montréal Canadiens,8483686,Adam Engstrom,SOG,8.0,1,6000,Montréal Canadiens,Carolina Hurricanes,2026-05-25,0
Carolina Hurricanes,8476906,Shayne Gostisbehere,ASSISTS,3.0,44,6000,Montréal Canadiens,Carolina Hurricanes,2026-05-25,0
Carolina Hurricanes,8480829,Jesperi Kotkaniemi,GOALS,2.0,18,6000,Montréal Canadiens,Carolina Hurricanes,2026-05-25,0
Carolina Hurricanes,8475791,Taylor Hall,POINTS,4.0,10,6000,Montréal Canadiens,Carolina Hurricanes,2026-05-25,0
Montréal Canadiens,8483424,Owen Beck,SOG,8.0,6,6000,Montréal Canadiens,Carolina Hurricanes,2026-05-25,0
Carolina Hurricanes,8475791,Taylor Hall,BLOCKS,4.0,25,6000,Montréal Canadiens,Carolina Hurricanes,2026-05-25,0
Montréal Canadiens,8478133,Jake Evans,ASSISTS,4.0,1,6000,Montréal Canadiens,Carolina Hurricanes,2026-05-25,0
Montréal Canadiens,8478133,Jake Evans,POINTS,4.0,7,6000,Montréal Canadiens,Carolina Hurricanes,2026-05-25,0
Carolina Hurricanes,8478970,Jalen Chatfield,ASSISTS,3.0,54,6000,Montréal Canadiens,Carolina Hurricanes,2026-05-25,0
Carolina Hurricanes,8478970,Jalen Chatfield,POINTS,4.0,15,6000,Montréal Canadiens,Carolina Hurricanes,2026-05-25,0
Montréal Canadiens,8482087,Kaiden Guhle,BLOCKS,7.0,4,6000,Montréal Canadiens,Carolina Hurricanes,2026-05-25,0
Carolina Hurricanes,8475883,Frederik Andersen,SAVES,15.3,4,6000,Montréal Canadiens,Carolina Hurricanes,2026-05-25,0
Montréal Canadiens,8480074,Alexandre Texier,BLOCKS,3.0,21,6000,Montréal Canadiens,Carolina Hurricanes,2026-05-25,0
Montréal Canadiens,8478851,Alexandre Carrier,ASSISTS,3.0,19,6000,Montréal Canadiens,Carolina Hurricanes,2026-05-25,0
Montréal Canadiens,8478133,Jake Evans,SOG,7.0,13,6000,Montréal Canadiens,Carolina Hurricanes,2026-05-25,0
Montréal Canadiens,8484984,Ivan Demidov,SOG,10.0,2,6000,Montréal Canadiens,Carolina Hurricanes,2026-05-25,0
Carolina Hurricanes,8477940,Nikolaj Ehlers,SOG,11.0,15,6000,Montréal Canadiens,Carolina Hurricanes,2026-05-25,0
Montréal Canadiens,8479339,Patrik Laine,BLOCKS,6.0,1,6000,Montréal Canadiens,Carolina Hurricanes,2026-05-25,0
Carolina Hurricanes,8480817,K'Andre Miller,BLOCKS,5.0,25,6000,Montréal Canadiens,Carolina Hurricanes,2026-05-25,0
Montréal Canadiens,8484984,Ivan Demidov,GOALS,3.0,14,6000,Montréal Canadiens,Carolina Hurricanes,2026-05-25,0
Montréal Canadiens,8476479,Phillip Danault,SOG,7.0,9,6000,Montréal Canadiens,Carolina Hurricanes,2026-05-25,0
Montréal Canadiens,8482487,Jakub Dobes,SAVES,22.1,34,6000,Montréal Canadiens,Carolina Hurricanes,2026-05-25,0
Carolina Hurricanes,8478427,Sebastian Aho,BLOCKS,5.0,19,6000,Montréal Canadiens,Carolina Hurricanes,2026-05-25,0
Carolina Hurricanes,8478427,Sebastian Aho,POINTS,5.0,19,6000,Montréal Canadiens,Carolina Hurricanes,2026-05-25,0
Montréal Canadiens,8476981,Josh Anderson,ASSISTS,3.0,14,6000,Montréal Canadiens,Carolina Hurricanes,2026-05-25,0
Montréal Canadiens,8483424,Owen Beck,GOALS,3.0,6,6000,Montréal Canadiens,Carolina Hurricanes,2026-05-25,0
Montréal Canadiens,8483424,Owen Beck,POINTS,4.0,12,6000,Montréal Canadiens,Carolina Hurricanes,2026-05-25,0
Carolina Hurricanes,8478970,Jalen Chatfield,SOG,8.0,9,6000,Montréal Canadiens,Carolina Hurricanes,2026-05-25,0
Carolina Hurricanes,8482702,Logan Stankoven,SOG,8.0,19,6000,Montréal Canadiens,Carolina Hurricanes,2026-05-25,0
Carolina Hurricanes,8480817,K'Andre Miller,POINTS,5.0,2,6000,Montréal Canadiens,Carolina Hurricanes,2026-05-25,0
Carolina Hurricanes,8480829,Jesperi Kotkaniemi,ASSISTS,3.0,15,6000,Montréal Canadiens,Carolina Hurricanes,2026-05-25,0
Carolina Hurricanes,8480829,Jesperi Kotkaniemi,POINTS,3.0,26,6000,Montréal Canadiens,Carolina Hurricanes,2026-05-25,0
Carolina Hurricanes,8480336,Sean Walker,SOG,8.0,5,6000,Montréal Canadiens,Carolina Hurricanes,2026-05-25,0
Carolina Hurricanes,8477940,Nikolaj Ehlers,BLOCKS,5.0,18,6000,Montréal Canadiens,Carolina Hurricanes,2026-05-25,0
Montréal Canadiens,8479339,Patrik Laine,POINTS,4.0,8,6000,Montréal Canadiens,Carolina Hurricanes,2026-05-25,0
Montréal Canadiens,8480074,Alexandre Texier,GOALS,3.0,13,6000,Montréal Canadiens,Carolina Hurricanes,2026-05-25,0
Montréal Canadiens,8478133,Jake Evans,BLOCKS,5.0,5,6000,Montréal Canadiens,Carolina Hurricanes,2026-05-25,0
Montréal Canadiens,8480074,Alexandre Texier,SOG,9.0,2,6000,Montréal Canadiens,Carolina Hurricanes,2026-05-25,0
Montréal Canadiens,8481540,Cole Caufield,GOALS,5.0,1,6000,Montréal Canadiens,Carolina Hurricanes,2026-05-25,0
Montréal Canadiens,8481540,Cole Caufield,POINTS,5.0,9,6000,Montréal Canadiens,Carolina Hurricanes,2026-05-25,0
Carolina Hurricanes,8475883,Frederik Andersen,SAVES,16.15,7,6000,Montréal Canadiens,Carolina Hurricanes,2026-05-25,0
Montréal Canadiens,8478133,Jake Evans,SOG,8.0,9,6000,Montréal Canadiens,Carolina Hurricanes,2026-05-25,0
Montréal Canadiens,8483424,Owen Beck,BLOCKS,3.0,27,6000,Montréal Canadiens,Carolina Hurricanes,2026-05-25,0
Carolina Hurricanes,8476921,Jordan Martinook,GOALS,2.0,18,6000,Montréal Canadiens,Carolina Hurricanes,2026-05-25,0
Montréal Canadiens,8476875,Mike Matheson,SOG,11.0,4,6000,Montréal Canadiens,Carolina Hurricanes,2026-05-25,0
Montréal Canadiens,8483515,Juraj Slafkovský,SOG,12.0,3,6000,Montréal Canadiens,Carolina Hurricanes,2026-05-25,0
Carolina Hurricanes,8476921,Jordan Martinook,BLOCKS,6.0,6,6000,Montréal Canadiens,Carolina Hurricanes,2026-05-25,0
Montréal Canadiens,8482087,Kaiden Guhle,SOG,6.0,16,6000,Montréal Canadiens,Carolina Hurricanes,2026-05-25,0
Carolina Hurricanes,8476958,Jaccob Slavin,SOG,11.0,8,6000,Montréal Canadiens,Carolina Hurricanes,2026-05-25,0
Montréal Canadiens,8484984,Ivan Demidov,SOG,9.0,6,6000,Montréal Canadiens,Carolina Hurricanes,2026-05-25,0
Montréal Canadiens,8478851,Alexandre Carrier,BLOCKS,6.0,28,6000,Montréal Canadiens,Carolina Hurricanes,2026-05-25,0
Montréal Canadiens,8483686,Adam Engstrom,SOG,7.0,7,6000,Montréal Canadiens,Carolina Hurricanes,2026-05-25,0
Carolina Hurricanes,8482100,Alexander Nikishin,BLOCKS,5.0,9,6000,Montréal Canadiens,Carolina Hurricanes,2026-05-25,0
Montréal Canadiens,8484403,Florian Xhekaj,SOG,8.0,1,6000,Montréal Canadiens,Carolina Hurricanes,2026-05-25,0
Carolina Hurricanes,8482702,Logan Stankoven,GOALS,4.0,3,6000,Montréal Canadiens,Carolina Hurricanes,2026-05-25,0
Carolina Hurricanes,8482702,Logan Stankoven,POINTS,4.0,30,6000,Montréal Canadiens,Carolina Hurricanes,2026-05-25,0
Carolina Hurricanes,8475883,Frederik Andersen,SAVES,18.7,17,6000,Montréal Canadiens,Carolina Hurricanes,2026-05-25,0
Carolina Hurricanes,8475883,Frederik Andersen,SAVES,52.7,1,6000,Montréal Canadiens,Carolina Hurricanes,2026-05-25,0
Carolina Hurricanes,8476873,Mark Jankowski,GOALS,2.0,39,6000,Montréal Canadiens,Carolina Hurricanes,2026-05-25,0
Montréal Canadiens,8478851,Alexandre Carrier,SOG,9.0,1,6000,Montréal Canadiens,Carolina Hurricanes,2026-05-25,0
Carolina Hurricanes,8476958,Jaccob Slavin,GOALS,3.0,4,6000,Montréal Canadiens,Carolina Hurricanes,2026-05-25,0
Carolina Hurricanes,8480336,Sean Walker,BLOCKS,7.0,2,6000,Montréal Canadiens,Carolina Hurricanes,2026-05-25,0
Montréal Canadiens,8480865,Noah Dobson,SOG,7.0,20,6000,Montréal Canadiens,Carolina Hurricanes,2026-05-25,0
Montréal Canadiens,8478851,Alexandre Carrier,POINTS,4.0,7,6000,Montréal Canadiens,Carolina Hurricanes,2026-05-25,0
Carolina Hurricanes,8482702,Logan Stankoven,ASSISTS,3.0,12,6000,Montréal Canadiens,Carolina Hurricanes,2026-05-25,0
Montréal Canadiens,8483515,Juraj Slafkovský,SOG,13.0,1,6000,Montréal Canadiens,Carolina Hurricanes,2026-05-25,0
Montréal Canadiens,8481618,Alex Newhook,ASSISTS,3.0,10,6000,Montréal Canadiens,Carolina Hurricanes,2026-05-25,0
Montréal Canadiens,8479339,Patrik Laine,SOG,8.0,7,6000,Montréal Canadiens,Carolina Hurricanes,2026-05-25,0
Montréal Canadiens,8482487,Jakub Dobes,SAVES,19.55,12,6000,Montréal Canadiens,Carolina Hurricanes,2026-05-25,0
Montréal Canadiens,8482487,Jakub Dobes,SAVES,56.1,2,6000,Montréal Canadiens,Carolina Hurricanes,2026-05-25,0
Montréal Canadiens,8481618,Alex Newhook,BLOCKS,5.0,6,6000,Montréal Canadiens,Carolina Hurricanes,2026-05-25,0
Carolina Hurricanes,8485563,Charlie Cerrato,GOALS,3.0,16,6000,Montréal Canadiens,Carolina Hurricanes,2026-05-25,0
Carolina Hurricanes,8475883,Frederik Andersen,SAVES,17.0,14,6000,Montréal Canadiens,Carolina Hurricanes,2026-05-25,0
Carolina Hurricanes,8476958,Jaccob Slavin,BLOCKS,10.0,2,6000,Montréal Canadiens,Carolina Hurricanes,2026-05-25,0
Carolina Hurricanes,8475883,Frederik Andersen,SAVES,47.6,5,6000,Montréal Canadiens,Carolina Hurricanes,2026-05-25,0
Montréal Canadiens,8476981,Josh Anderson,SOG,8.0,10,6000,Montréal Canadiens,Carolina Hurricanes,2026-05-25,0
Montréal Canadiens,8481540,Cole Caufield,SOG,11.0,14,6000,Montréal Canadiens,Carolina Hurricanes,2026-05-25,0
Carolina Hurricanes,8482093,Seth Jarvis,BLOCKS,6.0,3,6000,Montréal Canadiens,Carolina Hurricanes,2026-05-25,0
Carolina Hurricanes,8482702,Logan Stankoven,GOALS,3.0,30,6000,Montréal Canadiens,Carolina Hurricanes,2026-05-25,0
Montréal Canadiens,8482487,Jakub Dobes,SAVES,18.7,4,6000,Montréal Canadiens,Carolina Hurricanes,2026-05-25,0
Montréal Canadiens,8480018,Nick Suzuki,BLOCKS,7.0,7,6000,Montréal Canadiens,Carolina Hurricanes,2026-05-25,0
Montréal Canadiens,8482487,Jakub Dobes,SAVES,21.25,16,6000,Montréal Canadiens,Carolina Hurricanes,2026-05-25,0
Carolina Hurricanes,8480830,Andrei Svechnikov,SOG,12.0,1,6000,Montréal Canadiens,Carolina Hurricanes,2026-05-25,0
Carolina Hurricanes,8482809,Jackson Blake,BLOCKS,4.0,8,6000,Montréal Canadiens,Carolina Hurricanes,2026-05-25,0
Carolina Hurricanes,8480830,Andrei Svechnikov,GOALS,3.0,8,6000,Montréal Canadiens,Carolina Hurricanes,2026-05-25,0
Carolina Hurricanes,8478970,Jalen Chatfield,ASSISTS,4.0,3,6000,Montréal Canadiens,Carolina Hurricanes,2026-05-25,0
Montréal Canadiens,8483515,Juraj Slafkovský,BLOCKS,6.0,18,6000,Montréal Canadiens,Carolina Hurricanes,2026-05-25,0
Montréal Canadiens,8479339,Patrik Laine,BLOCKS,5.0,2,6000,Montréal Canadiens,Carolina Hurricanes,2026-05-25,0
Carolina Hurricanes,8480817,K'Andre Miller,SOG,12.0,1,6000,Montréal Canadiens,Carolina Hurricanes,2026-05-25,0
Carolina Hurricanes,8482100,Alexander Nikishin,POINTS,3.0,21,6000,Montréal Canadiens,Carolina Hurricanes,2026-05-25,0
Montréal Canadiens,8479339,Patrik Laine,SOG,9.0,4,6000,Montréal Canadiens,Carolina Hurricanes,2026-05-25,0
Montréal Canadiens,8483424,Owen Beck,SOG,9.0,1,6000,Montréal Canadiens,Carolina Hurricanes,2026-05-25,0
Carolina Hurricanes,8475883,Frederik Andersen,SAVES,48.45,5,6000,Montréal Canadiens,Carolina Hurricanes,2026-05-25,0
Carolina Hurricanes,8476906,Shayne Gostisbehere,POINTS,4.0,10,6000,Montréal Canadiens,Carolina Hurricanes,2026-05-25,0
Carolina Hurricanes,8480829,Jesperi Kotkaniemi,SOG,7.0,4,6000,Montréal Canadiens,Carolina Hurricanes,2026-05-25,0
Montréal Canadiens,8480074,Alexandre Texier,BLOCKS,4.0,3,6000,Montréal Canadiens,Carolina Hurricanes,2026-05-25,0
Montréal Canadiens,8480865,Noah Dobson,BLOCKS,7.0,11,6000,Montréal Canadiens,Carolina Hurricanes,2026-05-25,0
Montréal Canadiens,8483457,Lane Hutson,BLOCKS,8.0,5,6000,Montréal Canadiens,Carolina Hurricanes,2026-05-25,0
Montréal Canadiens,8476981,Josh Anderson,SOG,7.0,21,6000,Montréal Canadiens,Carolina Hurricanes,2026-05-25,0
Carolina Hurricanes,8482093,Seth Jarvis,GOALS,3.0,25,6000,Montréal Canadiens,Carolina Hurricanes,2026-05-25,0
Montréal Canadiens,8478851,Alexandre Carrier,BLOCKS,7.0,6,6000,Montréal Canadiens,Carolina Hurricanes,2026-05-25,0
Montréal Canadiens,8483424,Owen Beck,SOG,7.0,14,6000,Montréal Canadiens,Carolina Hurricanes,2026-05-25,0
Carolina Hurricanes,8480817,K'Andre Miller,SOG,10.0,4,6000,Montréal Canadiens,Carolina Hurricanes,2026-05-25,0
Montréal Canadiens,8483686,Adam Engstrom,ASSISTS,4.0,2,6000,Montréal Canadiens,Carolina Hurricanes,2026-05-25,0
Carolina Hurricanes,8476921,Jordan Martinook,SOG,8.0,5,6000,Montréal Canadiens,Carolina Hurricanes,2026-05-25,0
Montréal Canadiens,8476875,Mike Matheson,GOALS,3.0,1,6000,Montréal Canadiens,Carolina Hurricanes,2026-05-25,0
Carolina Hurricanes,8476873,Mark Jankowski,SOG,8.0,2,6000,Montréal Canadiens,Carolina Hurricanes,2026-05-25,0
Carolina Hurricanes,8475883,Frederik Andersen,SAVES,54.4,2,6000,Montréal Canadiens,Carolina Hurricanes,2026-05-25,0
Carolina Hurricanes,8478970,Jalen Chatfield,SOG,9.0,2,6000,Montréal Canadiens,Carolina Hurricanes,2026-05-25,0
Montréal Canadiens,8478133,Jake Evans,GOALS,3.0,3,6000,Montréal Canadiens,Carolina Hurricanes,2026-05-25,0
Carolina Hurricanes,8482100,Alexander Nikishin,ASSISTS,3.0,9,6000,Montréal Canadiens,Carolina Hurricanes,2026-05-25,0
Montréal Canadiens,8478851,Alexandre Carrier,ASSISTS,5.0,1,6000,Montréal Canadiens,Carolina Hurricanes,2026-05-25,0
Montréal Canadiens,8478851,Alexandre Carrier,POINTS,5.0,1,6000,Montréal Canadiens,Carolina Hurricanes,2026-05-25,0
Carolina Hurricanes,8476958,Jaccob Slavin,SOG,12.0,3,6000,Montréal Canadiens,Carolina Hurricanes,2026-05-25,0
Carolina Hurricanes,8480336,Sean Walker,GOALS,3.0,1,6000,Montréal Canadiens,Carolina Hurricanes,2026-05-25,0
Carolina Hurricanes,8482093,Seth Jarvis,SOG,12.0,8,6000,Montréal Canadiens,Carolina Hurricanes,2026-05-25,0
Carolina Hurricanes,8482809,Jackson Blake,SOG,10.0,1,6000,Montréal Canadiens,Carolina Hurricanes,2026-05-25,0
Carolina Hurricanes,8475791,Taylor Hall,SOG,8.0,6,6000,Montréal Canadiens,Carolina Hurricanes,2026-05-25,0
Carolina Hurricanes,8476906,Shayne Gostisbehere,ASSISTS,4.0,2,6000,Montréal Canadiens,Carolina Hurricanes,2026-05-25,0
Carolina Hurricanes,8476958,Jaccob Slavin,POINTS,5.0,7,6000,Montréal Canadiens,Carolina Hurricanes,2026-05-25,0
Carolina Hurricanes,8485563,Charlie Cerrato,POINTS,4.0,3,6000,Montréal Canadiens,Carolina Hurricanes,2026-05-25,0
Carolina Hurricanes,8476873,Mark Jankowski,POINTS,4.0,4,6000,Montréal Canadiens,Carolina Hurricanes,2026-05-25,0
Carolina Hurricanes,8478427,Sebastian Aho,SOG,14.0,1,6000,Montréal Canadiens,Carolina Hurricanes,2026-05-25,0
Montréal Canadiens,8482087,Kaiden Guhle,ASSISTS,3.0,9,6000,Montréal Canadiens,Carolina Hurricanes,2026-05-25,0
Montréal Canadiens,8476479,Phillip Danault,SOG,8.0,1,6000,Montréal Canadiens,Carolina Hurricanes,2026-05-25,0
Montréal Canadiens,8483457,Lane Hutson,SOG,11.0,1,6000,Montréal Canadiens,Carolina Hurricanes,2026-05-25,0
Montréal Canadiens,8482487,Jakub Dobes,SAVES,17.85,2,6000,Montréal Canadiens,Carolina Hurricanes,2026-05-25,0
Montréal Canadiens,8480018,Nick Suzuki,ASSISTS,5.0,2,6000,Montréal Canadiens,Carolina Hurricanes,2026-05-25,0
Montréal Canadiens,8476981,Josh Anderson,SOG,10.0,1,6000,Montréal Canadiens,Carolina Hurricanes,2026-05-25,0
Montréal Canadiens,8478851,Alexandre Carrier,SOG,7.0,10,6000,Montréal Canadiens,Carolina Hurricanes,2026-05-25,0
Carolina Hurricanes,8480829,Jesperi Kotkaniemi,BLOCKS,4.0,5,6000,Montréal Canadiens,Carolina Hurricanes,2026-05-25,0
Carolina Hurricanes,8482809,Jackson Blake,POINTS,5.0,2,6000,Montréal Canadiens,Carolina Hurricanes,2026-05-25,0
Carolina Hurricanes,8473533,Jordan Staal,SOG,11.0,1,6000,Montréal Canadiens,Carolina Hurricanes,2026-05-25,0
Montréal Canadiens,8476479,Phillip Danault,ASSISTS,3.0,8,6000,Montréal Canadiens,Carolina Hurricanes,2026-05-25,0
Carolina Hurricanes,8477940,Nikolaj Ehlers,POINTS,6.0,2,6000,Montréal Canadiens,Carolina Hurricanes,2026-05-25,0
Montréal Canadiens,8476479,Phillip Danault,GOALS,3.0,3,6000,Montréal Canadiens,Carolina Hurricanes,2026-05-25,0
Carolina Hurricanes,8473533,Jordan Staal,SOG,9.0,1,6000,Montréal Canadiens,Carolina Hurricanes,2026-05-25,0
Montréal Canadiens,8476875,Mike Matheson,SOG,10.0,2,6000,Montréal Canadiens,Carolina Hurricanes,2026-05-25,0
Carolina Hurricanes,8482702,Logan Stankoven,SOG,9.0,4,6000,Montréal Canadiens,Carolina Hurricanes,2026-05-25,0
Montréal Canadiens,8481618,Alex Newhook,SOG,9.0,3,6000,Montréal Canadiens,Carolina Hurricanes,2026-05-25,0
Carolina Hurricanes,8482702,Logan Stankoven,GOALS,5.0,2,6000,Montréal Canadiens,Carolina Hurricanes,2026-05-25,0
Carolina Hurricanes,8482702,Logan Stankoven,POINTS,5.0,1,6000,Montréal Canadiens,Carolina Hurricanes,2026-05-25,0
Carolina Hurricanes,8478427,Sebastian Aho,SOG,12.0,4,6000,Montréal Canadiens,Carolina Hurricanes,2026-05-25,0
Carolina Hurricanes,8480829,Jesperi Kotkaniemi,BLOCKS,5.0,2,6000,Montréal Canadiens,Carolina Hurricanes,2026-05-25,0
Carolina Hurricanes,8480336,Sean Walker,SOG,7.0,14,6000,Montréal Canadiens,Carolina Hurricanes,2026-05-25,0
Carolina Hurricanes,8480829,Jesperi Kotkaniemi,POINTS,4.0,2,6000,Montréal Canadiens,Carolina Hurricanes,2026-05-25,0
Montréal Canadiens,8476479,Phillip Danault,POINTS,4.0,7,6000,Montréal Canadiens,Carolina Hurricanes,2026-05-25,0
Carolina Hurricanes,8482100,Alexander Nikishin,ASSISTS,4.0,1,6000,Montréal Canadiens,Carolina Hurricanes,2026-05-25,0
Carolina Hurricanes,8482100,Alexander Nikishin,POINTS,4.0,1,6000,Montréal Canadiens,Carolina Hurricanes,2026-05-25,0
Montréal Canadiens,8479339,Patrik Laine,ASSISTS,4.0,1,6000,Montréal Canadiens,Carolina Hurricanes,2026-05-25,0
Montréal Canadiens,8480074,Alexandre Texier,POINTS,4.0,11,6000,Montréal Canadiens,Carolina Hurricanes,2026-05-25,0
Montréal Canadiens,8484984,Ivan Demidov,BLOCKS,5.0,6,6000,Montréal Canadiens,Carolina Hurricanes,2026-05-25,0
Carolina Hurricanes,8473533,Jordan Staal,GOALS,3.0,4,6000,Montréal Canadiens,Carolina Hurricanes,2026-05-25,0
Carolina Hurricanes,8478427,Sebastian Aho,ASSISTS,4.0,10,6000,Montréal Canadiens,Carolina Hurricanes,2026-05-25,0
Carolina Hurricanes,8475791,Taylor Hall,GOALS,5.0,1,6000,Montréal Canadiens,Carolina Hurricanes,2026-05-25,0
Montréal Canadiens,8483515,Juraj Slafkovský,POINTS,5.0,7,6000,Montréal Canadiens,Carolina Hurricanes,2026-05-25,0
Montréal Canadiens,8482487,Jakub Dobes,SAVES,54.4,3,6000,Montréal Canadiens,Carolina Hurricanes,2026-05-25,0
Carolina Hurricanes,8482702,Logan Stankoven,BLOCKS,5.0,1,6000,Montréal Canadiens,Carolina Hurricanes,2026-05-25,0
Montréal Canadiens,8483424,Owen Beck,BLOCKS,4.0,5,6000,Montréal Canadiens,Carolina Hurricanes,2026-05-25,0
Carolina Hurricanes,8485563,Charlie Cerrato,SOG,8.0,3,6000,Montréal Canadiens,Carolina Hurricanes,2026-05-25,0
Montréal Canadiens,8483686,Adam Engstrom,BLOCKS,5.0,7,6000,Montréal Canadiens,Carolina Hurricanes,2026-05-25,0
Carolina Hurricanes,8482100,Alexander Nikishin,SOG,7.0,4,6000,Montréal Canadiens,Carolina Hurricanes,2026-05-25,0
Montréal Canadiens,8480018,Nick Suzuki,SOG,11.0,3,6000,Montréal Canadiens,Carolina Hurricanes,2026-05-25,0
Montréal Canadiens,8481618,Alex Newhook,SOG,10.0,1,6000,Montréal Canadiens,Carolina Hurricanes,2026-05-25,0
Montréal Canadiens,8484403,Florian Xhekaj,POINTS,4.0,2,6000,Montréal Canadiens,Carolina Hurricanes,2026-05-25,0
Carolina Hurricanes,8477940,Nikolaj Ehlers,GOALS,5.0,2,6000,Montréal Canadiens,Carolina Hurricanes,2026-05-25,0
Carolina Hurricanes,8477940,Nikolaj Ehlers,POINTS,7.0,1,6000,Montréal Canadiens,Carolina Hurricanes,2026-05-25,0
Carolina Hurricanes,8476921,Jordan Martinook,SOG,9.0,3,6000,Montréal Canadiens,Carolina Hurricanes,2026-05-25,0
Carolina Hurricanes,8473533,Jordan Staal,BLOCKS,6.0,2,6000,Montréal Canadiens,Carolina Hurricanes,2026-05-25,0
Carolina Hurricanes,8480830,Andrei Svechnikov,BLOCKS,7.0,1,6000,Montréal Canadiens,Carolina Hurricanes,2026-05-25,0
Montréal Canadiens,8480018,Nick Suzuki,POINTS,6.0,1,6000,Montréal Canadiens,Carolina Hurricanes,2026-05-25,0
Carolina Hurricanes,8476906,Shayne Gostisbehere,SOG,10.0,1,6000,Montréal Canadiens,Carolina Hurricanes,2026-05-25,0
Carolina Hurricanes,8482100,Alexander Nikishin,POINTS,5.0,1,6000,Montréal Canadiens,Carolina Hurricanes,2026-05-25,0
Montréal Canadiens,8480018,Nick Suzuki,GOALS,4.0,4,6000,Montréal Canadiens,Carolina Hurricanes,2026-05-25,0
Carolina Hurricanes,8477940,Nikolaj Ehlers,SOG,16.0,1,6000,Montréal Canadiens,Carolina Hurricanes,2026-05-25,0
Carolina Hurricanes,8477940,Nikolaj Ehlers,SOG,13.0,1,6000,Montréal Canadiens,Carolina Hurricanes,2026-05-25,0
Carolina Hurricanes,8480817,K'Andre Miller,BLOCKS,7.0,5,6000,Montréal Canadiens,Carolina Hurricanes,2026-05-25,0
Montréal Canadiens,8478851,Alexandre Carrier,ASSISTS,4.0,2,6000,Montréal Canadiens,Carolina Hurricanes,2026-05-25,0
Montréal Canadiens,8480018,Nick Suzuki,SOG,13.0,1,6000,Montréal Canadiens,Carolina Hurricanes,2026-05-25,0
Montréal Canadiens,8484403,Florian Xhekaj,ASSISTS,5.0,1,6000,Montréal Canadiens,Carolina Hurricanes,2026-05-25,0
Montréal Canadiens,8484403,Florian Xhekaj,POINTS,5.0,1,6000,Montréal Canadiens,Carolina Hurricanes,2026-05-25,0
Montréal Canadiens,8480074,Alexandre Texier,POINTS,5.0,1,6000,Montréal Canadiens,Carolina Hurricanes,2026-05-25,0
Carolina Hurricanes,8476921,Jordan Martinook,GOALS,3.0,1,6000,Montréal Canadiens,Carolina Hurricanes,2026-05-25,0
Carolina Hurricanes,8476873,Mark Jankowski,BLOCKS,6.0,1,6000,Montréal Canadiens,Carolina Hurricanes,2026-05-25,0
Carolina Hurricanes,8476906,Shayne Gostisbehere,BLOCKS,5.0,1,6000,Montréal Canadiens,Carolina Hurricanes,2026-05-25,0
Carolina Hurricanes,8480829,Jesperi Kotkaniemi,ASSISTS,4.0,1,6000,Montréal Canadiens,Carolina Hurricanes,2026-05-25,0
Montréal Canadiens,8484403,Florian Xhekaj,ASSISTS,4.0,1,6000,Montréal Canadiens,Carolina Hurricanes,2026-05-25,0
Carolina Hurricanes,8480817,K'Andre Miller,GOALS,3.0,2,6000,Montréal Canadiens,Carolina Hurricanes,2026-05-25,0
Montréal Canadiens,8482487,Jakub Dobes,SAVES,52.7,12,6000,Montréal Canadiens,Carolina Hurricanes,2026-05-25,0
Carolina Hurricanes,8482093,Seth Jarvis,BLOCKS,7.0,2,6000,Montréal Canadiens,Carolina Hurricanes,2026-05-25,0
Carolina Hurricanes,8478427,Sebastian Aho,BLOCKS,6.0,2,6000,Montréal Canadiens,Carolina Hurricanes,2026-05-25,0
Montréal Canadiens,8480865,Noah Dobson,SOG,10.0,2,6000,Montréal Canadiens,Carolina Hurricanes,2026-05-25,0
Carolina Hurricanes,8476958,Jaccob Slavin,BLOCKS,11.0,1,6000,Montréal Canadiens,Carolina Hurricanes,2026-05-25,0
Montréal Canadiens,8480865,Noah Dobson,SOG,9.0,1,6000,Montréal Canadiens,Carolina Hurricanes,2026-05-25,0
Montréal Canadiens,8481618,Alex Newhook,BLOCKS,6.0,2,6000,Montréal Canadiens,Carolina Hurricanes,2026-05-25,0
Montréal Canadiens,8483515,Juraj Slafkovský,BLOCKS,7.0,1,6000,Montréal Canadiens,Carolina Hurricanes,2026-05-25,0
Montréal Canadiens,8478851,Alexandre Carrier,BLOCKS,8.0,1,6000,Montréal Canadiens,Carolina Hurricanes,2026-05-25,0
Carolina Hurricanes,8480817,K'Andre Miller,BLOCKS,8.0,1,6000,Montréal Canadiens,Carolina Hurricanes,2026-05-25,0
Carolina Hurricanes,8476921,Jordan Martinook,ASSISTS,4.0,3,6000,Montréal Canadiens,Carolina Hurricanes,2026-05-25,0
Carolina Hurricanes,8476921,Jordan Martinook,POINTS,4.0,5,6000,Montréal Canadiens,Carolina Hurricanes,2026-05-25,0
Montréal Canadiens,8483515,Juraj Slafkovský,POINTS,6.0,1,6000,Montréal Canadiens,Carolina Hurricanes,2026-05-25,0
Montréal Canadiens,8481540,Cole Caufield,BLOCKS,4.0,3,6000,Montréal Canadiens,Carolina Hurricanes,2026-05-25,0
Montréal Canadiens,8482487,Jakub Dobes,SAVES,16.15,1,6000,Montréal Canadiens,Carolina Hurricanes,2026-05-25,0
Montréal Canadiens,8480865,Noah Dobson,ASSISTS,4.0,2,6000,Montréal Canadiens,Carolina Hurricanes,2026-05-25,0
Carolina Hurricanes,8482093,Seth Jarvis,ASSISTS,5.0,2,6000,Montréal Canadiens,Carolina Hurricanes,2026-05-25,0
Montréal Canadiens,8478133,Jake Evans,BLOCKS,6.0,1,6000,Montréal Canadiens,Carolina Hurricanes,2026-05-25,0
Carolina Hurricanes,8476958,Jaccob Slavin,SOG,13.0,1,6000,Montréal Canadiens,Carolina Hurricanes,2026-05-25,0
Carolina Hurricanes,8477940,Nikolaj Ehlers,SOG,12.0,4,6000,Montréal Canadiens,Carolina Hurricanes,2026-05-25,0
Montréal Canadiens,8480018,Nick Suzuki,ASSISTS,4.0,2,6000,Montréal Canadiens,Carolina Hurricanes,2026-05-25,0
Carolina Hurricanes,8475883,Frederik Andersen,SAVES,49.3,3,6000,Montréal Canadiens,Carolina Hurricanes,2026-05-25,0
Carolina Hurricanes,8480830,Andrei Svechnikov,BLOCKS,6.0,1,6000,Montréal Canadiens,Carolina Hurricanes,2026-05-25,0
Montréal Canadiens,8476981,Josh Anderson,POINTS,5.0,1,6000,Montréal Canadiens,Carolina Hurricanes,2026-05-25,0
Montréal Canadiens,8481618,Alex Newhook,ASSISTS,4.0,1,6000,Montréal Canadiens,Carolina Hurricanes,2026-05-25,0
Montréal Canadiens,8483457,Lane Hutson,SOG,10.0,3,6000,Montréal Canadiens,Carolina Hurricanes,2026-05-25,0
Carolina Hurricanes,8482702,Logan Stankoven,POINTS,6.0,1,6000,Montréal Canadiens,Carolina Hurricanes,2026-05-25,0
Carolina Hurricanes,8482702,Logan Stankoven,SOG,10.0,2,6000,Montréal Canadiens,Carolina Hurricanes,2026-05-25,0
Carolina Hurricanes,8480830,Andrei Svechnikov,POINTS,5.0,2,6000,Montréal Canadiens,Carolina Hurricanes,2026-05-25,0
Montréal Canadiens,8480865,Noah Dobson,POINTS,6.0,1,6000,Montréal Canadiens,Carolina Hurricanes,2026-05-25,0
Carolina Hurricanes,8478970,Jalen Chatfield,BLOCKS,7.0,1,6000,Montréal Canadiens,Carolina Hurricanes,2026-05-25,0
Carolina Hurricanes,8482093,Seth Jarvis,POINTS,6.0,2,6000,Montréal Canadiens,Carolina Hurricanes,2026-05-25,0
Carolina Hurricanes,8475791,Taylor Hall,GOALS,4.0,1,6000,Montréal Canadiens,Carolina Hurricanes,2026-05-25,0
Carolina Hurricanes,8476906,Shayne Gostisbehere,GOALS,3.0,1,6000,Montréal Canadiens,Carolina Hurricanes,2026-05-25,0
Carolina Hurricanes,8482093,Seth Jarvis,GOALS,4.0,1,6000,Montréal Canadiens,Carolina Hurricanes,2026-05-25,0
Montréal Canadiens,8480865,Noah Dobson,BLOCKS,9.0,2,6000,Montréal Canadiens,Carolina Hurricanes,2026-05-25,0
Carolina Hurricanes,8478427,Sebastian Aho,GOALS,5.0,1,6000,Montréal Canadiens,Carolina Hurricanes,2026-05-25,0
Carolina Hurricanes,8476958,Jaccob Slavin,ASSISTS,5.0,1,6000,Montréal Canadiens,Carolina Hurricanes,2026-05-25,0
Montréal Canadiens,8476875,Mike Matheson,SOG,12.0,1,6000,Montréal Canadiens,Carolina Hurricanes,2026-05-25,0
Montréal Canadiens,8481618,Alex Newhook,POINTS,6.0,1,6000,Montréal Canadiens,Carolina Hurricanes,2026-05-25,0
Montréal Canadiens,8483457,Lane Hutson,BLOCKS,9.0,1,6000,Montréal Canadiens,Carolina Hurricanes,2026-05-25,0
Montréal Canadiens,8480074,Alexandre Texier,GOALS,4.0,1,6000,Montréal Canadiens,Carolina Hurricanes,2026-05-25,0
Carolina Hurricanes,8473533,Jordan Staal,ASSISTS,4.0,3,6000,Montréal Canadiens,Carolina Hurricanes,2026-05-25,0
Montréal Canadiens,8483515,Juraj Slafkovský,ASSISTS,4.0,2,6000,Montréal Canadiens,Carolina Hurricanes,2026-05-25,0
Carolina Hurricanes,8478970,Jalen Chatfield,BLOCKS,8.0,1,6000,Montréal Canadiens,Carolina Hurricanes,2026-05-25,0
Montréal Canadiens,8482487,Jakub Dobes,SAVES,17.0,2,6000,Montréal Canadiens,Carolina Hurricanes,2026-05-25,0
Carolina Hurricanes,8476873,Mark Jankowski,GOALS,3.0,1,6000,Montréal Canadiens,Carolina Hurricanes,2026-05-25,0
Montréal Canadiens,8480865,Noah Dobson,GOALS,3.0,1,6000,Montréal Canadiens,Carolina Hurricanes,2026-05-25,0
Montréal Canadiens,8476981,Josh Anderson,SOG,9.0,1,6000,Montréal Canadiens,Carolina Hurricanes,2026-05-25,0
Montréal Canadiens,8482487,Jakub Dobes,SAVES,53.55,1,6000,Montréal Canadiens,Carolina Hurricanes,2026-05-25,0
Carolina Hurricanes,8482809,Jackson Blake,GOALS,4.0,2,6000,Montréal Canadiens,Carolina Hurricanes,2026-05-25,0
Carolina Hurricanes,8480336,Sean Walker,ASSISTS,4.0,2,6000,Montréal Canadiens,Carolina Hurricanes,2026-05-25,0
Montréal Canadiens,8483424,Owen Beck,SOG,11.0,1,6000,Montréal Canadiens,Carolina Hurricanes,2026-05-25,0
Montréal Canadiens,8476479,Phillip Danault,BLOCKS,6.0,1,6000,Montréal Canadiens,Carolina Hurricanes,2026-05-25,0
Carolina Hurricanes,8477940,Nikolaj Ehlers,SOG,14.0,1,6000,Montréal Canadiens,Carolina Hurricanes,2026-05-25,0
Carolina Hurricanes,8475791,Taylor Hall,SOG,9.0,1,6000,Montréal Canadiens,Carolina Hurricanes,2026-05-25,0
Carolina Hurricanes,8480830,Andrei Svechnikov,SOG,11.0,1,6000,Montréal Canadiens,Carolina Hurricanes,2026-05-25,0
Montréal Canadiens,8476479,Phillip Danault,SOG,9.0,1,6000,Montréal Canadiens,Carolina Hurricanes,2026-05-25,0
Carolina Hurricanes,8482702,Logan Stankoven,SOG,12.0,1,6000,Montréal Canadiens,Carolina Hurricanes,2026-05-25,0
Montréal Canadiens,8480865,Noah Dobson,SOG,11.0,1,6000,Montréal Canadiens,Carolina Hurricanes,2026-05-25,0
Carolina Hurricanes,8482809,Jackson Blake,ASSISTS,4.0,1,6000,Montréal Canadiens,Carolina Hurricanes,2026-05-25,0
Carolina Hurricanes,8476921,Jordan Martinook,SOG,10.0,1,6000,Montréal Canadiens,Carolina Hurricanes,2026-05-25,0
Carolina Hurricanes,8482809,Jackson Blake,BLOCKS,5.0,1,6000,Montréal Canadiens,Carolina Hurricanes,2026-05-25,0
Carolina Hurricanes,8478427,Sebastian Aho,GOALS,6.0,1,6000,Montréal Canadiens,Carolina Hurricanes,2026-05-25,0
Montréal Canadiens,8482487,Jakub Dobes,SAVES,57.8,1,6000,Montréal Canadiens,Carolina Hurricanes,2026-05-25,0
Carolina Hurricanes,8478427,Sebastian Aho,SOG,13.0,1,6000,Montréal Canadiens,Carolina Hurricanes,2026-05-25,0
Montréal Canadiens,8482487,Jakub Dobes,SAVES,61.2,1,6000,Montréal Canadiens,Carolina Hurricanes,2026-05-25,0
Montréal Canadiens,8478851,Alexandre Carrier,GOALS,3.0,1,6000,Montréal Canadiens,Carolina Hurricanes,2026-05-25,0
Montréal Canadiens,8476875,Mike Matheson,BLOCKS,11.0,1,6000,Montréal Canadiens,Carolina Hurricanes,2026-05-25,0
Montréal Canadiens,8476875,Mike Matheson,BLOCKS,13.0,1,6000,Montréal Canadiens,Carolina Hurricanes,2026-05-25,0
Carolina Hurricanes,8473533,Jordan Staal,GOALS,4.0,1,6000,Montréal Canadiens,Carolina Hurricanes,2026-05-25,0
Carolina Hurricanes,8476958,Jaccob Slavin,POINTS,6.0,1,6000,Montréal Canadiens,Carolina Hurricanes,2026-05-25,0
Montréal Canadiens,8476479,Phillip Danault,BLOCKS,7.0,1,6000,Montréal Canadiens,Carolina Hurricanes,2026-05-25,0
Montréal Canadiens,8483515,Juraj Slafkovský,ASSISTS,5.0,1,6000,Montréal Canadiens,Carolina Hurricanes,2026-05-25,0
Carolina Hurricanes,8476906,Shayne Gostisbehere,GOALS,4.0,1,6000,Montréal Canadiens,Carolina Hurricanes,2026-05-25,0
Carolina Hurricanes,8478970,Jalen Chatfield,GOALS,3.0,1,6000,Montréal Canadiens,Carolina Hurricanes,2026-05-25,0
Carolina Hurricanes,8482702,Logan Stankoven,ASSISTS,4.0,1,6000,Montréal Canadiens,Carolina Hurricanes,2026-05-25,0
Carolina Hurricanes,8485563,Charlie Cerrato,SOG,9.0,1,6000,Montréal Canadiens,Carolina Hurricanes,2026-05-25,0
Carolina Hurricanes,8480829,Jesperi Kotkaniemi,GOALS,3.0,1,6000,Montréal Canadiens,Carolina Hurricanes,2026-05-25,0
