team,player_id,player,market,value,count,n_sims,game_home,game_away,date,period
Vegas Golden Knights,8478403,Jack Eichel,SOG,4.0,960,6000,Vegas Golden Knights,Colorado Avalanche,2026-05-26,0
Vegas Golden Knights,8478403,Jack Eichel,GOALS,0.0,5373,6000,Vegas Golden Knights,Colorado Avalanche,2026-05-26,0
Vegas Golden Knights,8478403,Jack Eichel,ASSISTS,0.0,3444,6000,Vegas Golden Knights,Colorado Avalanche,2026-05-26,0
Vegas Golden Knights,8478403,Jack Eichel,POINTS,0.0,3082,6000,Vegas Golden Knights,Colorado Avalanche,2026-05-26,0
Vegas Golden Knights,8478403,Jack Eichel,BLOCKS,1.0,2213,6000,Vegas Golden Knights,Colorado Avalanche,2026-05-26,0
Vegas Golden Knights,8478403,Jack Eichel,SAVES,0.0,6000,6000,Vegas Golden Knights,Colorado Avalanche,2026-05-26,0
Vegas Golden Knights,8478483,Mitch Marner,SOG,2.0,1459,6000,Vegas Golden Knights,Colorado Avalanche,2026-05-26,0
Vegas Golden Knights,8478483,Mitch Marner,GOALS,0.0,3588,6000,Vegas Golden Knights,Colorado Avalanche,2026-05-26,0
Vegas Golden Knights,8478483,Mitch Marner,ASSISTS,0.0,4237,6000,Vegas Golden Knights,Colorado Avalanche,2026-05-26,0
Vegas Golden Knights,8478483,Mitch Marner,POINTS,0.0,2518,6000,Vegas Golden Knights,Colorado Avalanche,2026-05-26,0
Vegas Golden Knights,8478483,Mitch Marner,BLOCKS,0.0,3395,6000,Vegas Golden Knights,Colorado Avalanche,2026-05-26,0
Vegas Golden Knights,8478483,Mitch Marner,SAVES,0.0,6000,6000,Vegas Golden Knights,Colorado Avalanche,2026-05-26,0
Vegas Golden Knights,8475913,Mark Stone,SOG,3.0,1145,6000,Vegas Golden Knights,Colorado Avalanche,2026-05-26,0
Vegas Golden Knights,8475913,Mark Stone,GOALS,0.0,4245,6000,Vegas Golden Knights,Colorado Avalanche,2026-05-26,0
Vegas Golden Knights,8475913,Mark Stone,ASSISTS,0.0,4095,6000,Vegas Golden Knights,Colorado Avalanche,2026-05-26,0
Vegas Golden Knights,8475913,Mark Stone,POINTS,0.0,2902,6000,Vegas Golden Knights,Colorado Avalanche,2026-05-26,0
Vegas Golden Knights,8475913,Mark Stone,BLOCKS,0.0,3036,6000,Vegas Golden Knights,Colorado Avalanche,2026-05-26,0
Vegas Golden Knights,8475913,Mark Stone,SAVES,0.0,6000,6000,Vegas Golden Knights,Colorado Avalanche,2026-05-26,0
Vegas Golden Knights,8477447,Shea Theodore,SOG,1.0,1214,6000,Vegas Golden Knights,Colorado Avalanche,2026-05-26,0
Vegas Golden Knights,8477447,Shea Theodore,GOALS,0.0,4355,6000,Vegas Golden Knights,Colorado Avalanche,2026-05-26,0
Vegas Golden Knights,8477447,Shea Theodore,ASSISTS,0.0,3611,6000,Vegas Golden Knights,Colorado Avalanche,2026-05-26,0
Vegas Golden Knights,8477447,Shea Theodore,POINTS,0.0,2607,6000,Vegas Golden Knights,Colorado Avalanche,2026-05-26,0
Vegas Golden Knights,8477447,Shea Theodore,BLOCKS,2.0,1445,6000,Vegas Golden Knights,Colorado Avalanche,2026-05-26,0
Vegas Golden Knights,8477447,Shea Theodore,SAVES,0.0,6000,6000,Vegas Golden Knights,Colorado Avalanche,2026-05-26,0
Vegas Golden Knights,8478396,Noah Hanifin,SOG,1.0,2012,6000,Vegas Golden Knights,Colorado Avalanche,2026-05-26,0
Vegas Golden Knights,8478396,Noah Hanifin,GOALS,0.0,5672,6000,Vegas Golden Knights,Colorado Avalanche,2026-05-26,0
Vegas Golden Knights,8478396,Noah Hanifin,ASSISTS,0.0,4027,6000,Vegas Golden Knights,Colorado Avalanche,2026-05-26,0
Vegas Golden Knights,8478396,Noah Hanifin,POINTS,0.0,3806,6000,Vegas Golden Knights,Colorado Avalanche,2026-05-26,0
Vegas Golden Knights,8478396,Noah Hanifin,BLOCKS,3.0,987,6000,Vegas Golden Knights,Colorado Avalanche,2026-05-26,0
Vegas Golden Knights,8478396,Noah Hanifin,SAVES,0.0,6000,6000,Vegas Golden Knights,Colorado Avalanche,2026-05-26,0
Colorado Avalanche,8477492,Nathan MacKinnon,SOG,3.0,1160,6000,Vegas Golden Knights,Colorado Avalanche,2026-05-26,0
Colorado Avalanche,8477492,Nathan MacKinnon,GOALS,0.0,3779,6000,Vegas Golden Knights,Colorado Avalanche,2026-05-26,0
Colorado Avalanche,8477492,Nathan MacKinnon,ASSISTS,0.0,4031,6000,Vegas Golden Knights,Colorado Avalanche,2026-05-26,0
Colorado Avalanche,8477492,Nathan MacKinnon,POINTS,0.0,2541,6000,Vegas Golden Knights,Colorado Avalanche,2026-05-26,0
Colorado Avalanche,8477492,Nathan MacKinnon,BLOCKS,0.0,3769,6000,Vegas Golden Knights,Colorado Avalanche,2026-05-26,0
Colorado Avalanche,8477492,Nathan MacKinnon,SAVES,0.0,6000,6000,Vegas Golden Knights,Colorado Avalanche,2026-05-26,0
Colorado Avalanche,8480039,Martin Necas,SOG,2.0,1246,6000,Vegas Golden Knights,Colorado Avalanche,2026-05-26,0
Colorado Avalanche,8480039,Martin Necas,GOALS,0.0,5460,6000,Vegas Golden Knights,Colorado Avalanche,2026-05-26,0
Colorado Avalanche,8480039,Martin Necas,ASSISTS,0.0,3441,6000,Vegas Golden Knights,Colorado Avalanche,2026-05-26,0
Colorado Avalanche,8480039,Martin Necas,POINTS,0.0,3131,6000,Vegas Golden Knights,Colorado Avalanche,2026-05-26,0
Colorado Avalanche,8480039,Martin Necas,BLOCKS,0.0,3688,6000,Vegas Golden Knights,Colorado Avalanche,2026-05-26,0
Colorado Avalanche,8480039,Martin Necas,SAVES,0.0,6000,6000,Vegas Golden Knights,Colorado Avalanche,2026-05-26,0
Colorado Avalanche,8476455,Gabriel Landeskog,SOG,2.0,1253,6000,Vegas Golden Knights,Colorado Avalanche,2026-05-26,0
Colorado Avalanche,8476455,Gabriel Landeskog,GOALS,0.0,4389,6000,Vegas Golden Knights,Colorado Avalanche,2026-05-26,0
Colorado Avalanche,8476455,Gabriel Landeskog,ASSISTS,0.0,3847,6000,Vegas Golden Knights,Colorado Avalanche,2026-05-26,0
Colorado Avalanche,8476455,Gabriel Landeskog,POINTS,0.0,2799,6000,Vegas Golden Knights,Colorado Avalanche,2026-05-26,0
Colorado Avalanche,8476455,Gabriel Landeskog,BLOCKS,1.0,2071,6000,Vegas Golden Knights,Colorado Avalanche,2026-05-26,0
Colorado Avalanche,8476455,Gabriel Landeskog,SAVES,0.0,6000,6000,Vegas Golden Knights,Colorado Avalanche,2026-05-26,0
Colorado Avalanche,8478038,Devon Toews,SOG,1.0,1941,6000,Vegas Golden Knights,Colorado Avalanche,2026-05-26,0
Colorado Avalanche,8478038,Devon Toews,GOALS,0.0,4915,6000,Vegas Golden Knights,Colorado Avalanche,2026-05-26,0
Colorado Avalanche,8478038,Devon Toews,ASSISTS,0.0,4428,6000,Vegas Golden Knights,Colorado Avalanche,2026-05-26,0
Colorado Avalanche,8478038,Devon Toews,POINTS,0.0,3644,6000,Vegas Golden Knights,Colorado Avalanche,2026-05-26,0
Colorado Avalanche,8478038,Devon Toews,BLOCKS,0.0,1360,6000,Vegas Golden Knights,Colorado Avalanche,2026-05-26,0
Colorado Avalanche,8478038,Devon Toews,SAVES,0.0,6000,6000,Vegas Golden Knights,Colorado Avalanche,2026-05-26,0
Colorado Avalanche,8480069,Cale Makar,SOG,5.0,545,6000,Vegas Golden Knights,Colorado Avalanche,2026-05-26,0
Colorado Avalanche,8480069,Cale Makar,GOALS,0.0,4558,6000,Vegas Golden Knights,Colorado Avalanche,2026-05-26,0
Colorado Avalanche,8480069,Cale Makar,ASSISTS,0.0,3824,6000,Vegas Golden Knights,Colorado Avalanche,2026-05-26,0
Colorado Avalanche,8480069,Cale Makar,POINTS,0.0,2902,6000,Vegas Golden Knights,Colorado Avalanche,2026-05-26,0
Colorado Avalanche,8480069,Cale Makar,BLOCKS,1.0,1772,6000,Vegas Golden Knights,Colorado Avalanche,2026-05-26,0
Colorado Avalanche,8480069,Cale Makar,SAVES,0.0,6000,6000,Vegas Golden Knights,Colorado Avalanche,2026-05-26,0
Vegas Golden Knights,8479394,Carter Hart,SOG,0.0,6000,6000,Vegas Golden Knights,Colorado Avalanche,2026-05-26,0
Vegas Golden Knights,8479394,Carter Hart,GOALS,0.0,6000,6000,Vegas Golden Knights,Colorado Avalanche,2026-05-26,0
Vegas Golden Knights,8479394,Carter Hart,ASSISTS,0.0,6000,6000,Vegas Golden Knights,Colorado Avalanche,2026-05-26,0
Vegas Golden Knights,8479394,Carter Hart,POINTS,0.0,6000,6000,Vegas Golden Knights,Colorado Avalanche,2026-05-26,0
Vegas Golden Knights,8479394,Carter Hart,BLOCKS,0.0,6000,6000,Vegas Golden Knights,Colorado Avalanche,2026-05-26,0
Vegas Golden Knights,8479394,Carter Hart,SAVES,23.8,351,6000,Vegas Golden Knights,Colorado Avalanche,2026-05-26,0
Colorado Avalanche,8478406,Mackenzie Blackwood,SOG,0.0,6000,6000,Vegas Golden Knights,Colorado Avalanche,2026-05-26,0
Colorado Avalanche,8478406,Mackenzie Blackwood,GOALS,0.0,6000,6000,Vegas Golden Knights,Colorado Avalanche,2026-05-26,0
Colorado Avalanche,8478406,Mackenzie Blackwood,ASSISTS,0.0,6000,6000,Vegas Golden Knights,Colorado Avalanche,2026-05-26,0
Colorado Avalanche,8478406,Mackenzie Blackwood,POINTS,0.0,6000,6000,Vegas Golden Knights,Colorado Avalanche,2026-05-26,0
Colorado Avalanche,8478406,Mackenzie Blackwood,BLOCKS,0.0,6000,6000,Vegas Golden Knights,Colorado Avalanche,2026-05-26,0
Colorado Avalanche,8478406,Mackenzie Blackwood,SAVES,22.1,422,6000,Vegas Golden Knights,Colorado Avalanche,2026-05-26,0
Vegas Golden Knights,8477964,Ivan Barbashev,SOG,1.0,2024,6000,Vegas Golden Knights,Colorado Avalanche,2026-05-26,0
Vegas Golden Knights,8477964,Ivan Barbashev,GOALS,0.0,5439,6000,Vegas Golden Knights,Colorado Avalanche,2026-05-26,0
Vegas Golden Knights,8477964,Ivan Barbashev,ASSISTS,1.0,1359,6000,Vegas Golden Knights,Colorado Avalanche,2026-05-26,0
Vegas Golden Knights,8477964,Ivan Barbashev,POINTS,1.0,1642,6000,Vegas Golden Knights,Colorado Avalanche,2026-05-26,0
Vegas Golden Knights,8477964,Ivan Barbashev,BLOCKS,0.0,3695,6000,Vegas Golden Knights,Colorado Avalanche,2026-05-26,0
Vegas Golden Knights,8477964,Ivan Barbashev,SAVES,0.0,6000,6000,Vegas Golden Knights,Colorado Avalanche,2026-05-26,0
Vegas Golden Knights,8479353,Brett Howden,SOG,4.0,394,6000,Vegas Golden Knights,Colorado Avalanche,2026-05-26,0
Vegas Golden Knights,8479353,Brett Howden,GOALS,2.0,393,6000,Vegas Golden Knights,Colorado Avalanche,2026-05-26,0
Vegas Golden Knights,8479353,Brett Howden,ASSISTS,0.0,5039,6000,Vegas Golden Knights,Colorado Avalanche,2026-05-26,0
Vegas Golden Knights,8479353,Brett Howden,POINTS,2.0,624,6000,Vegas Golden Knights,Colorado Avalanche,2026-05-26,0
Vegas Golden Knights,8479353,Brett Howden,BLOCKS,0.0,4359,6000,Vegas Golden Knights,Colorado Avalanche,2026-05-26,0
Vegas Golden Knights,8479353,Brett Howden,SAVES,0.0,6000,6000,Vegas Golden Knights,Colorado Avalanche,2026-05-26,0
Vegas Golden Knights,8476448,William Karlsson,SOG,0.0,1940,6000,Vegas Golden Knights,Colorado Avalanche,2026-05-26,0
Vegas Golden Knights,8476448,William Karlsson,GOALS,0.0,5630,6000,Vegas Golden Knights,Colorado Avalanche,2026-05-26,0
Vegas Golden Knights,8476448,William Karlsson,ASSISTS,0.0,4479,6000,Vegas Golden Knights,Colorado Avalanche,2026-05-26,0
Vegas Golden Knights,8476448,William Karlsson,POINTS,0.0,4193,6000,Vegas Golden Knights,Colorado Avalanche,2026-05-26,0
Vegas Golden Knights,8476448,William Karlsson,BLOCKS,1.0,2169,6000,Vegas Golden Knights,Colorado Avalanche,2026-05-26,0
Vegas Golden Knights,8476448,William Karlsson,SAVES,0.0,6000,6000,Vegas Golden Knights,Colorado Avalanche,2026-05-26,0
Vegas Golden Knights,8478468,Jeremy Lauzon,SOG,3.0,547,6000,Vegas Golden Knights,Colorado Avalanche,2026-05-26,0
Vegas Golden Knights,8478468,Jeremy Lauzon,GOALS,0.0,5730,6000,Vegas Golden Knights,Colorado Avalanche,2026-05-26,0
Vegas Golden Knights,8478468,Jeremy Lauzon,ASSISTS,1.0,1193,6000,Vegas Golden Knights,Colorado Avalanche,2026-05-26,0
Vegas Golden Knights,8478468,Jeremy Lauzon,POINTS,1.0,1331,6000,Vegas Golden Knights,Colorado Avalanche,2026-05-26,0
Vegas Golden Knights,8478468,Jeremy Lauzon,BLOCKS,0.0,2167,6000,Vegas Golden Knights,Colorado Avalanche,2026-05-26,0
Vegas Golden Knights,8478468,Jeremy Lauzon,SAVES,0.0,6000,6000,Vegas Golden Knights,Colorado Avalanche,2026-05-26,0
Vegas Golden Knights,8479639,Dylan Coghlan,SOG,3.0,423,6000,Vegas Golden Knights,Colorado Avalanche,2026-05-26,0
Vegas Golden Knights,8479639,Dylan Coghlan,GOALS,1.0,520,6000,Vegas Golden Knights,Colorado Avalanche,2026-05-26,0
Vegas Golden Knights,8479639,Dylan Coghlan,ASSISTS,0.0,4814,6000,Vegas Golden Knights,Colorado Avalanche,2026-05-26,0
Vegas Golden Knights,8479639,Dylan Coghlan,POINTS,1.0,1363,6000,Vegas Golden Knights,Colorado Avalanche,2026-05-26,0
Vegas Golden Knights,8479639,Dylan Coghlan,BLOCKS,0.0,2899,6000,Vegas Golden Knights,Colorado Avalanche,2026-05-26,0
Vegas Golden Knights,8479639,Dylan Coghlan,SAVES,0.0,6000,6000,Vegas Golden Knights,Colorado Avalanche,2026-05-26,0
Colorado Avalanche,8475172,Nazem Kadri,SOG,0.0,878,6000,Vegas Golden Knights,Colorado Avalanche,2026-05-26,0
Colorado Avalanche,8475172,Nazem Kadri,GOALS,0.0,5385,6000,Vegas Golden Knights,Colorado Avalanche,2026-05-26,0
Colorado Avalanche,8475172,Nazem Kadri,ASSISTS,0.0,4781,6000,Vegas Golden Knights,Colorado Avalanche,2026-05-26,0
Colorado Avalanche,8475172,Nazem Kadri,POINTS,0.0,4293,6000,Vegas Golden Knights,Colorado Avalanche,2026-05-26,0
Colorado Avalanche,8475172,Nazem Kadri,BLOCKS,1.0,1129,6000,Vegas Golden Knights,Colorado Avalanche,2026-05-26,0
Colorado Avalanche,8475172,Nazem Kadri,SAVES,0.0,6000,6000,Vegas Golden Knights,Colorado Avalanche,2026-05-26,0
Colorado Avalanche,8478462,Nicolas Roy,SOG,0.0,1873,6000,Vegas Golden Knights,Colorado Avalanche,2026-05-26,0
Colorado Avalanche,8478462,Nicolas Roy,GOALS,0.0,4731,6000,Vegas Golden Knights,Colorado Avalanche,2026-05-26,0
Colorado Avalanche,8478462,Nicolas Roy,ASSISTS,0.0,5262,6000,Vegas Golden Knights,Colorado Avalanche,2026-05-26,0
Colorado Avalanche,8478462,Nicolas Roy,POINTS,0.0,4148,6000,Vegas Golden Knights,Colorado Avalanche,2026-05-26,0
Colorado Avalanche,8478462,Nicolas Roy,BLOCKS,2.0,755,6000,Vegas Golden Knights,Colorado Avalanche,2026-05-26,0
Colorado Avalanche,8478462,Nicolas Roy,SAVES,0.0,6000,6000,Vegas Golden Knights,Colorado Avalanche,2026-05-26,0
Colorado Avalanche,8481186,Logan O'Connor,SOG,0.0,1615,6000,Vegas Golden Knights,Colorado Avalanche,2026-05-26,0
Colorado Avalanche,8481186,Logan O'Connor,GOALS,0.0,5484,6000,Vegas Golden Knights,Colorado Avalanche,2026-05-26,0
Colorado Avalanche,8481186,Logan O'Connor,ASSISTS,0.0,4931,6000,Vegas Golden Knights,Colorado Avalanche,2026-05-26,0
Colorado Avalanche,8481186,Logan O'Connor,POINTS,0.0,4515,6000,Vegas Golden Knights,Colorado Avalanche,2026-05-26,0
Colorado Avalanche,8481186,Logan O'Connor,BLOCKS,1.0,1333,6000,Vegas Golden Knights,Colorado Avalanche,2026-05-26,0
Colorado Avalanche,8481186,Logan O'Connor,SAVES,0.0,6000,6000,Vegas Golden Knights,Colorado Avalanche,2026-05-26,0
Colorado Avalanche,8470613,Brent Burns,SOG,1.0,2075,6000,Vegas Golden Knights,Colorado Avalanche,2026-05-26,0
Colorado Avalanche,8470613,Brent Burns,GOALS,0.0,5647,6000,Vegas Golden Knights,Colorado Avalanche,2026-05-26,0
Colorado Avalanche,8470613,Brent Burns,ASSISTS,0.0,4735,6000,Vegas Golden Knights,Colorado Avalanche,2026-05-26,0
Colorado Avalanche,8470613,Brent Burns,POINTS,0.0,4446,6000,Vegas Golden Knights,Colorado Avalanche,2026-05-26,0
Colorado Avalanche,8470613,Brent Burns,BLOCKS,1.0,2154,6000,Vegas Golden Knights,Colorado Avalanche,2026-05-26,0
Colorado Avalanche,8470613,Brent Burns,SAVES,0.0,6000,6000,Vegas Golden Knights,Colorado Avalanche,2026-05-26,0
Colorado Avalanche,8476967,Brett Kulak,SOG,1.0,2237,6000,Vegas Golden Knights,Colorado Avalanche,2026-05-26,0
Colorado Avalanche,8476967,Brett Kulak,GOALS,0.0,5428,6000,Vegas Golden Knights,Colorado Avalanche,2026-05-26,0
Colorado Avalanche,8476967,Brett Kulak,ASSISTS,0.0,4776,6000,Vegas Golden Knights,Colorado Avalanche,2026-05-26,0
Colorado Avalanche,8476967,Brett Kulak,POINTS,0.0,4319,6000,Vegas Golden Knights,Colorado Avalanche,2026-05-26,0
Colorado Avalanche,8476967,Brett Kulak,BLOCKS,0.0,1813,6000,Vegas Golden Knights,Colorado Avalanche,2026-05-26,0
Colorado Avalanche,8476967,Brett Kulak,SAVES,0.0,6000,6000,Vegas Golden Knights,Colorado Avalanche,2026-05-26,0
Colorado Avalanche,8475754,Brock Nelson,SOG,3.0,1159,6000,Vegas Golden Knights,Colorado Avalanche,2026-05-26,0
Colorado Avalanche,8475754,Brock Nelson,GOALS,0.0,5166,6000,Vegas Golden Knights,Colorado Avalanche,2026-05-26,0
Colorado Avalanche,8475754,Brock Nelson,ASSISTS,0.0,4416,6000,Vegas Golden Knights,Colorado Avalanche,2026-05-26,0
Colorado Avalanche,8475754,Brock Nelson,POINTS,0.0,3802,6000,Vegas Golden Knights,Colorado Avalanche,2026-05-26,0
Colorado Avalanche,8475754,Brock Nelson,BLOCKS,1.0,2121,6000,Vegas Golden Knights,Colorado Avalanche,2026-05-26,0
Colorado Avalanche,8475754,Brock Nelson,SAVES,0.0,6000,6000,Vegas Golden Knights,Colorado Avalanche,2026-05-26,0
Colorado Avalanche,8477476,Artturi Lehkonen,SOG,3.0,1118,6000,Vegas Golden Knights,Colorado Avalanche,2026-05-26,0
Colorado Avalanche,8477476,Artturi Lehkonen,GOALS,0.0,4447,6000,Vegas Golden Knights,Colorado Avalanche,2026-05-26,0
Colorado Avalanche,8477476,Artturi Lehkonen,ASSISTS,0.0,4732,6000,Vegas Golden Knights,Colorado Avalanche,2026-05-26,0
Colorado Avalanche,8477476,Artturi Lehkonen,POINTS,0.0,3511,6000,Vegas Golden Knights,Colorado Avalanche,2026-05-26,0
Colorado Avalanche,8477476,Artturi Lehkonen,BLOCKS,3.0,157,6000,Vegas Golden Knights,Colorado Avalanche,2026-05-26,0
Colorado Avalanche,8477476,Artturi Lehkonen,SAVES,0.0,6000,6000,Vegas Golden Knights,Colorado Avalanche,2026-05-26,0
Colorado Avalanche,8477501,Valeri Nichushkin,SOG,1.0,1785,6000,Vegas Golden Knights,Colorado Avalanche,2026-05-26,0
Colorado Avalanche,8477501,Valeri Nichushkin,GOALS,0.0,5059,6000,Vegas Golden Knights,Colorado Avalanche,2026-05-26,0
Colorado Avalanche,8477501,Valeri Nichushkin,ASSISTS,0.0,4608,6000,Vegas Golden Knights,Colorado Avalanche,2026-05-26,0
Colorado Avalanche,8477501,Valeri Nichushkin,POINTS,0.0,3882,6000,Vegas Golden Knights,Colorado Avalanche,2026-05-26,0
Colorado Avalanche,8477501,Valeri Nichushkin,BLOCKS,0.0,3810,6000,Vegas Golden Knights,Colorado Avalanche,2026-05-26,0
Colorado Avalanche,8477501,Valeri Nichushkin,SAVES,0.0,6000,6000,Vegas Golden Knights,Colorado Avalanche,2026-05-26,0
Vegas Golden Knights,8478397,Rasmus Andersson,SOG,1.0,2122,6000,Vegas Golden Knights,Colorado Avalanche,2026-05-26,0
Vegas Golden Knights,8478397,Rasmus Andersson,GOALS,0.0,5670,6000,Vegas Golden Knights,Colorado Avalanche,2026-05-26,0
Vegas Golden Knights,8478397,Rasmus Andersson,ASSISTS,0.0,4322,6000,Vegas Golden Knights,Colorado Avalanche,2026-05-26,0
Vegas Golden Knights,8478397,Rasmus Andersson,POINTS,0.0,4086,6000,Vegas Golden Knights,Colorado Avalanche,2026-05-26,0
Vegas Golden Knights,8478397,Rasmus Andersson,BLOCKS,1.0,2196,6000,Vegas Golden Knights,Colorado Avalanche,2026-05-26,0
Vegas Golden Knights,8478397,Rasmus Andersson,SAVES,0.0,6000,6000,Vegas Golden Knights,Colorado Avalanche,2026-05-26,0
Vegas Golden Knights,8475188,Brayden McNabb,SOG,1.0,1995,6000,Vegas Golden Knights,Colorado Avalanche,2026-05-26,0
Vegas Golden Knights,8475188,Brayden McNabb,GOALS,0.0,5537,6000,Vegas Golden Knights,Colorado Avalanche,2026-05-26,0
Vegas Golden Knights,8475188,Brayden McNabb,ASSISTS,0.0,4040,6000,Vegas Golden Knights,Colorado Avalanche,2026-05-26,0
Vegas Golden Knights,8475188,Brayden McNabb,POINTS,0.0,3713,6000,Vegas Golden Knights,Colorado Avalanche,2026-05-26,0
Vegas Golden Knights,8475188,Brayden McNabb,BLOCKS,1.0,1856,6000,Vegas Golden Knights,Colorado Avalanche,2026-05-26,0
Vegas Golden Knights,8475188,Brayden McNabb,SAVES,0.0,6000,6000,Vegas Golden Knights,Colorado Avalanche,2026-05-26,0
Colorado Avalanche,8484258,Sam Malinski,SOG,1.0,1655,6000,Vegas Golden Knights,Colorado Avalanche,2026-05-26,0
Colorado Avalanche,8484258,Sam Malinski,GOALS,0.0,5561,6000,Vegas Golden Knights,Colorado Avalanche,2026-05-26,0
Colorado Avalanche,8484258,Sam Malinski,ASSISTS,0.0,4402,6000,Vegas Golden Knights,Colorado Avalanche,2026-05-26,0
Colorado Avalanche,8484258,Sam Malinski,POINTS,0.0,4088,6000,Vegas Golden Knights,Colorado Avalanche,2026-05-26,0
Colorado Avalanche,8484258,Sam Malinski,BLOCKS,0.0,2666,6000,Vegas Golden Knights,Colorado Avalanche,2026-05-26,0
Colorado Avalanche,8484258,Sam Malinski,SAVES,0.0,6000,6000,Vegas Golden Knights,Colorado Avalanche,2026-05-26,0
Vegas Golden Knights,8481604,Pavel Dorofeyev,SOG,2.0,1530,6000,Vegas Golden Knights,Colorado Avalanche,2026-05-26,0
Vegas Golden Knights,8481604,Pavel Dorofeyev,GOALS,0.0,4672,6000,Vegas Golden Knights,Colorado Avalanche,2026-05-26,0
Vegas Golden Knights,8481604,Pavel Dorofeyev,ASSISTS,1.0,1115,6000,Vegas Golden Knights,Colorado Avalanche,2026-05-26,0
Vegas Golden Knights,8481604,Pavel Dorofeyev,POINTS,1.0,1798,6000,Vegas Golden Knights,Colorado Avalanche,2026-05-26,0
Vegas Golden Knights,8481604,Pavel Dorofeyev,BLOCKS,1.0,1599,6000,Vegas Golden Knights,Colorado Avalanche,2026-05-26,0
Vegas Golden Knights,8481604,Pavel Dorofeyev,SAVES,0.0,6000,6000,Vegas Golden Knights,Colorado Avalanche,2026-05-26,0
Vegas Golden Knights,8483890,Braeden Bowman,SOG,2.0,1306,6000,Vegas Golden Knights,Colorado Avalanche,2026-05-26,0
Vegas Golden Knights,8483890,Braeden Bowman,GOALS,1.0,968,6000,Vegas Golden Knights,Colorado Avalanche,2026-05-26,0
Vegas Golden Knights,8483890,Braeden Bowman,ASSISTS,0.0,4784,6000,Vegas Golden Knights,Colorado Avalanche,2026-05-26,0
Vegas Golden Knights,8483890,Braeden Bowman,POINTS,1.0,1638,6000,Vegas Golden Knights,Colorado Avalanche,2026-05-26,0
Vegas Golden Knights,8483890,Braeden Bowman,BLOCKS,0.0,3482,6000,Vegas Golden Knights,Colorado Avalanche,2026-05-26,0
Vegas Golden Knights,8483890,Braeden Bowman,SAVES,0.0,6000,6000,Vegas Golden Knights,Colorado Avalanche,2026-05-26,0
Vegas Golden Knights,8484803,Trevor Connelly,SOG,2.0,1234,6000,Vegas Golden Knights,Colorado Avalanche,2026-05-26,0
Vegas Golden Knights,8484803,Trevor Connelly,GOALS,0.0,4969,6000,Vegas Golden Knights,Colorado Avalanche,2026-05-26,0
Vegas Golden Knights,8484803,Trevor Connelly,ASSISTS,1.0,1101,6000,Vegas Golden Knights,Colorado Avalanche,2026-05-26,0
Vegas Golden Knights,8484803,Trevor Connelly,POINTS,1.0,1669,6000,Vegas Golden Knights,Colorado Avalanche,2026-05-26,0
Vegas Golden Knights,8484803,Trevor Connelly,BLOCKS,0.0,3661,6000,Vegas Golden Knights,Colorado Avalanche,2026-05-26,0
Vegas Golden Knights,8484803,Trevor Connelly,SAVES,0.0,6000,6000,Vegas Golden Knights,Colorado Avalanche,2026-05-26,0
Colorado Avalanche,8476312,Josh Manson,SOG,1.0,2006,6000,Vegas Golden Knights,Colorado Avalanche,2026-05-26,0
Colorado Avalanche,8476312,Josh Manson,GOALS,0.0,5542,6000,Vegas Golden Knights,Colorado Avalanche,2026-05-26,0
Colorado Avalanche,8476312,Josh Manson,ASSISTS,0.0,4790,6000,Vegas Golden Knights,Colorado Avalanche,2026-05-26,0
Colorado Avalanche,8476312,Josh Manson,POINTS,0.0,4433,6000,Vegas Golden Knights,Colorado Avalanche,2026-05-26,0
Colorado Avalanche,8476312,Josh Manson,BLOCKS,0.0,3870,6000,Vegas Golden Knights,Colorado Avalanche,2026-05-26,0
Colorado Avalanche,8476312,Josh Manson,SAVES,0.0,6000,6000,Vegas Golden Knights,Colorado Avalanche,2026-05-26,0
Vegas Golden Knights,8482125,Alexander Holtz,SOG,0.0,1767,6000,Vegas Golden Knights,Colorado Avalanche,2026-05-26,0
Vegas Golden Knights,8482125,Alexander Holtz,GOALS,0.0,4955,6000,Vegas Golden Knights,Colorado Avalanche,2026-05-26,0
Vegas Golden Knights,8482125,Alexander Holtz,ASSISTS,0.0,4898,6000,Vegas Golden Knights,Colorado Avalanche,2026-05-26,0
Vegas Golden Knights,8482125,Alexander Holtz,POINTS,0.0,4052,6000,Vegas Golden Knights,Colorado Avalanche,2026-05-26,0
Vegas Golden Knights,8482125,Alexander Holtz,BLOCKS,1.0,1847,6000,Vegas Golden Knights,Colorado Avalanche,2026-05-26,0
Vegas Golden Knights,8482125,Alexander Holtz,SAVES,0.0,6000,6000,Vegas Golden Knights,Colorado Avalanche,2026-05-26,0
Vegas Golden Knights,8479550,Tanner Laczynski,SOG,0.0,1796,6000,Vegas Golden Knights,Colorado Avalanche,2026-05-26,0
Vegas Golden Knights,8479550,Tanner Laczynski,GOALS,0.0,5048,6000,Vegas Golden Knights,Colorado Avalanche,2026-05-26,0
Vegas Golden Knights,8479550,Tanner Laczynski,ASSISTS,0.0,4844,6000,Vegas Golden Knights,Colorado Avalanche,2026-05-26,0
Vegas Golden Knights,8479550,Tanner Laczynski,POINTS,0.0,4089,6000,Vegas Golden Knights,Colorado Avalanche,2026-05-26,0
Vegas Golden Knights,8479550,Tanner Laczynski,BLOCKS,2.0,449,6000,Vegas Golden Knights,Colorado Avalanche,2026-05-26,0
Vegas Golden Knights,8479550,Tanner Laczynski,SAVES,0.0,6000,6000,Vegas Golden Knights,Colorado Avalanche,2026-05-26,0
Vegas Golden Knights,8481534,Raphael Lavoie,SOG,0.0,1877,6000,Vegas Golden Knights,Colorado Avalanche,2026-05-26,0
Vegas Golden Knights,8481534,Raphael Lavoie,GOALS,0.0,5025,6000,Vegas Golden Knights,Colorado Avalanche,2026-05-26,0
Vegas Golden Knights,8481534,Raphael Lavoie,ASSISTS,0.0,4897,6000,Vegas Golden Knights,Colorado Avalanche,2026-05-26,0
Vegas Golden Knights,8481534,Raphael Lavoie,POINTS,0.0,4117,6000,Vegas Golden Knights,Colorado Avalanche,2026-05-26,0
Vegas Golden Knights,8481534,Raphael Lavoie,BLOCKS,0.0,3597,6000,Vegas Golden Knights,Colorado Avalanche,2026-05-26,0
Vegas Golden Knights,8481534,Raphael Lavoie,SAVES,0.0,6000,6000,Vegas Golden Knights,Colorado Avalanche,2026-05-26,0
Colorado Avalanche,8480448,Parker Kelly,SOG,2.0,1258,6000,Vegas Golden Knights,Colorado Avalanche,2026-05-26,0
Colorado Avalanche,8480448,Parker Kelly,GOALS,0.0,5191,6000,Vegas Golden Knights,Colorado Avalanche,2026-05-26,0
Colorado Avalanche,8480448,Parker Kelly,ASSISTS,0.0,5171,6000,Vegas Golden Knights,Colorado Avalanche,2026-05-26,0
Colorado Avalanche,8480448,Parker Kelly,POINTS,0.0,4458,6000,Vegas Golden Knights,Colorado Avalanche,2026-05-26,0
Colorado Avalanche,8480448,Parker Kelly,BLOCKS,1.0,1951,6000,Vegas Golden Knights,Colorado Avalanche,2026-05-26,0
Colorado Avalanche,8480448,Parker Kelly,SAVES,0.0,6000,6000,Vegas Golden Knights,Colorado Avalanche,2026-05-26,0
Colorado Avalanche,8479525,Ross Colton,SOG,1.0,2024,6000,Vegas Golden Knights,Colorado Avalanche,2026-05-26,0
Colorado Avalanche,8479525,Ross Colton,GOALS,0.0,5593,6000,Vegas Golden Knights,Colorado Avalanche,2026-05-26,0
Colorado Avalanche,8479525,Ross Colton,ASSISTS,0.0,4936,6000,Vegas Golden Knights,Colorado Avalanche,2026-05-26,0
Colorado Avalanche,8479525,Ross Colton,POINTS,0.0,4609,6000,Vegas Golden Knights,Colorado Avalanche,2026-05-26,0
Colorado Avalanche,8479525,Ross Colton,BLOCKS,1.0,1687,6000,Vegas Golden Knights,Colorado Avalanche,2026-05-26,0
Colorado Avalanche,8479525,Ross Colton,SAVES,0.0,6000,6000,Vegas Golden Knights,Colorado Avalanche,2026-05-26,0
Colorado Avalanche,8480835,Jack Drury,SOG,1.0,2114,6000,Vegas Golden Knights,Colorado Avalanche,2026-05-26,0
Colorado Avalanche,8480835,Jack Drury,GOALS,0.0,5120,6000,Vegas Golden Knights,Colorado Avalanche,2026-05-26,0
Colorado Avalanche,8480835,Jack Drury,ASSISTS,0.0,5271,6000,Vegas Golden Knights,Colorado Avalanche,2026-05-26,0
Colorado Avalanche,8480835,Jack Drury,POINTS,0.0,4500,6000,Vegas Golden Knights,Colorado Avalanche,2026-05-26,0
Colorado Avalanche,8480835,Jack Drury,BLOCKS,0.0,4593,6000,Vegas Golden Knights,Colorado Avalanche,2026-05-26,0
Colorado Avalanche,8480835,Jack Drury,SAVES,0.0,6000,6000,Vegas Golden Knights,Colorado Avalanche,2026-05-26,0
Vegas Golden Knights,8478403,Jack Eichel,SOG,3.0,1311,6000,Vegas Golden Knights,Colorado Avalanche,2026-05-26,0
Vegas Golden Knights,8478403,Jack Eichel,GOALS,1.0,595,6000,Vegas Golden Knights,Colorado Avalanche,2026-05-26,0
Vegas Golden Knights,8478403,Jack Eichel,POINTS,1.0,2015,6000,Vegas Golden Knights,Colorado Avalanche,2026-05-26,0
Vegas Golden Knights,8478403,Jack Eichel,BLOCKS,0.0,2225,6000,Vegas Golden Knights,Colorado Avalanche,2026-05-26,0
Vegas Golden Knights,8478483,Mitch Marner,SOG,4.0,924,6000,Vegas Golden Knights,Colorado Avalanche,2026-05-26,0
Vegas Golden Knights,8478483,Mitch Marner,BLOCKS,1.0,1962,6000,Vegas Golden Knights,Colorado Avalanche,2026-05-26,0
Vegas Golden Knights,8475913,Mark Stone,BLOCKS,1.0,2090,6000,Vegas Golden Knights,Colorado Avalanche,2026-05-26,0
Vegas Golden Knights,8478397,Rasmus Andersson,SOG,2.0,1339,6000,Vegas Golden Knights,Colorado Avalanche,2026-05-26,0
Vegas Golden Knights,8478397,Rasmus Andersson,ASSISTS,2.0,208,6000,Vegas Golden Knights,Colorado Avalanche,2026-05-26,0
Vegas Golden Knights,8478397,Rasmus Andersson,POINTS,2.0,292,6000,Vegas Golden Knights,Colorado Avalanche,2026-05-26,0
Vegas Golden Knights,8475188,Brayden McNabb,SOG,4.0,333,6000,Vegas Golden Knights,Colorado Avalanche,2026-05-26,0
Vegas Golden Knights,8475188,Brayden McNabb,BLOCKS,0.0,1169,6000,Vegas Golden Knights,Colorado Avalanche,2026-05-26,0
Colorado Avalanche,8475754,Brock Nelson,SOG,2.0,1651,6000,Vegas Golden Knights,Colorado Avalanche,2026-05-26,0
Colorado Avalanche,8475754,Brock Nelson,GOALS,1.0,771,6000,Vegas Golden Knights,Colorado Avalanche,2026-05-26,0
Colorado Avalanche,8475754,Brock Nelson,POINTS,1.0,1727,6000,Vegas Golden Knights,Colorado Avalanche,2026-05-26,0
Colorado Avalanche,8475754,Brock Nelson,BLOCKS,2.0,820,6000,Vegas Golden Knights,Colorado Avalanche,2026-05-26,0
Colorado Avalanche,8477476,Artturi Lehkonen,SOG,1.0,1597,6000,Vegas Golden Knights,Colorado Avalanche,2026-05-26,0
Colorado Avalanche,8477476,Artturi Lehkonen,ASSISTS,2.0,135,6000,Vegas Golden Knights,Colorado Avalanche,2026-05-26,0
Colorado Avalanche,8477476,Artturi Lehkonen,POINTS,2.0,499,6000,Vegas Golden Knights,Colorado Avalanche,2026-05-26,0
Colorado Avalanche,8477476,Artturi Lehkonen,BLOCKS,0.0,3087,6000,Vegas Golden Knights,Colorado Avalanche,2026-05-26,0
Colorado Avalanche,8477501,Valeri Nichushkin,SOG,2.0,1611,6000,Vegas Golden Knights,Colorado Avalanche,2026-05-26,0
Colorado Avalanche,8477501,Valeri Nichushkin,ASSISTS,1.0,1211,6000,Vegas Golden Knights,Colorado Avalanche,2026-05-26,0
Colorado Avalanche,8477501,Valeri Nichushkin,POINTS,1.0,1704,6000,Vegas Golden Knights,Colorado Avalanche,2026-05-26,0
Colorado Avalanche,8470613,Brent Burns,ASSISTS,1.0,1118,6000,Vegas Golden Knights,Colorado Avalanche,2026-05-26,0
Colorado Avalanche,8470613,Brent Burns,POINTS,1.0,1345,6000,Vegas Golden Knights,Colorado Avalanche,2026-05-26,0
Colorado Avalanche,8470613,Brent Burns,BLOCKS,0.0,2527,6000,Vegas Golden Knights,Colorado Avalanche,2026-05-26,0
Vegas Golden Knights,8479394,Carter Hart,SAVES,30.6,297,6000,Vegas Golden Knights,Colorado Avalanche,2026-05-26,0
Colorado Avalanche,8478406,Mackenzie Blackwood,SAVES,23.8,400,6000,Vegas Golden Knights,Colorado Avalanche,2026-05-26,0
Vegas Golden Knights,8477447,Shea Theodore,SOG,2.0,1517,6000,Vegas Golden Knights,Colorado Avalanche,2026-05-26,0
Vegas Golden Knights,8477447,Shea Theodore,GOALS,1.0,1402,6000,Vegas Golden Knights,Colorado Avalanche,2026-05-26,0
Vegas Golden Knights,8477447,Shea Theodore,POINTS,1.0,2187,6000,Vegas Golden Knights,Colorado Avalanche,2026-05-26,0
Vegas Golden Knights,8478396,Noah Hanifin,ASSISTS,1.0,1616,6000,Vegas Golden Knights,Colorado Avalanche,2026-05-26,0
Vegas Golden Knights,8478396,Noah Hanifin,POINTS,1.0,1741,6000,Vegas Golden Knights,Colorado Avalanche,2026-05-26,0
Colorado Avalanche,8477492,Nathan MacKinnon,SOG,1.0,458,6000,Vegas Golden Knights,Colorado Avalanche,2026-05-26,0
Colorado Avalanche,8477492,Nathan MacKinnon,BLOCKS,1.0,1724,6000,Vegas Golden Knights,Colorado Avalanche,2026-05-26,0
Colorado Avalanche,8480039,Martin Necas,SOG,6.0,345,6000,Vegas Golden Knights,Colorado Avalanche,2026-05-26,0
Colorado Avalanche,8476455,Gabriel Landeskog,SOG,4.0,1022,6000,Vegas Golden Knights,Colorado Avalanche,2026-05-26,0
Colorado Avalanche,8476455,Gabriel Landeskog,BLOCKS,4.0,218,6000,Vegas Golden Knights,Colorado Avalanche,2026-05-26,0
Colorado Avalanche,8478038,Devon Toews,SOG,2.0,1552,6000,Vegas Golden Knights,Colorado Avalanche,2026-05-26,0
Colorado Avalanche,8478038,Devon Toews,GOALS,1.0,1006,6000,Vegas Golden Knights,Colorado Avalanche,2026-05-26,0
Colorado Avalanche,8478038,Devon Toews,POINTS,1.0,1818,6000,Vegas Golden Knights,Colorado Avalanche,2026-05-26,0
Colorado Avalanche,8478038,Devon Toews,BLOCKS,2.0,1443,6000,Vegas Golden Knights,Colorado Avalanche,2026-05-26,0
Colorado Avalanche,8480069,Cale Makar,SOG,2.0,1387,6000,Vegas Golden Knights,Colorado Avalanche,2026-05-26,0
Colorado Avalanche,8480069,Cale Makar,BLOCKS,3.0,908,6000,Vegas Golden Knights,Colorado Avalanche,2026-05-26,0
Vegas Golden Knights,8477964,Ivan Barbashev,SOG,3.0,730,6000,Vegas Golden Knights,Colorado Avalanche,2026-05-26,0
Vegas Golden Knights,8477964,Ivan Barbashev,ASSISTS,2.0,239,6000,Vegas Golden Knights,Colorado Avalanche,2026-05-26,0
Vegas Golden Knights,8477964,Ivan Barbashev,POINTS,2.0,353,6000,Vegas Golden Knights,Colorado Avalanche,2026-05-26,0
Vegas Golden Knights,8479353,Brett Howden,SOG,3.0,879,6000,Vegas Golden Knights,Colorado Avalanche,2026-05-26,0
Vegas Golden Knights,8479353,Brett Howden,BLOCKS,3.0,37,6000,Vegas Golden Knights,Colorado Avalanche,2026-05-26,0
Vegas Golden Knights,8476448,William Karlsson,SOG,1.0,2118,6000,Vegas Golden Knights,Colorado Avalanche,2026-05-26,0
Vegas Golden Knights,8476448,William Karlsson,ASSISTS,1.0,1300,6000,Vegas Golden Knights,Colorado Avalanche,2026-05-26,0
Vegas Golden Knights,8476448,William Karlsson,POINTS,1.0,1501,6000,Vegas Golden Knights,Colorado Avalanche,2026-05-26,0
Vegas Golden Knights,8476448,William Karlsson,BLOCKS,0.0,2672,6000,Vegas Golden Knights,Colorado Avalanche,2026-05-26,0
Colorado Avalanche,8476967,Brett Kulak,SOG,3.0,515,6000,Vegas Golden Knights,Colorado Avalanche,2026-05-26,0
Colorado Avalanche,8476967,Brett Kulak,ASSISTS,1.0,1095,6000,Vegas Golden Knights,Colorado Avalanche,2026-05-26,0
Colorado Avalanche,8476967,Brett Kulak,POINTS,1.0,1436,6000,Vegas Golden Knights,Colorado Avalanche,2026-05-26,0
Colorado Avalanche,8484258,Sam Malinski,SOG,2.0,1651,6000,Vegas Golden Knights,Colorado Avalanche,2026-05-26,0
Colorado Avalanche,8484258,Sam Malinski,BLOCKS,2.0,869,6000,Vegas Golden Knights,Colorado Avalanche,2026-05-26,0
Vegas Golden Knights,8481604,Pavel Dorofeyev,GOALS,1.0,1171,6000,Vegas Golden Knights,Colorado Avalanche,2026-05-26,0
Vegas Golden Knights,8481604,Pavel Dorofeyev,ASSISTS,0.0,4730,6000,Vegas Golden Knights,Colorado Avalanche,2026-05-26,0
Vegas Golden Knights,8481604,Pavel Dorofeyev,BLOCKS,2.0,315,6000,Vegas Golden Knights,Colorado Avalanche,2026-05-26,0
Vegas Golden Knights,8483890,Braeden Bowman,SOG,1.0,2155,6000,Vegas Golden Knights,Colorado Avalanche,2026-05-26,0
Vegas Golden Knights,8483890,Braeden Bowman,ASSISTS,2.0,133,6000,Vegas Golden Knights,Colorado Avalanche,2026-05-26,0
Vegas Golden Knights,8483890,Braeden Bowman,POINTS,3.0,60,6000,Vegas Golden Knights,Colorado Avalanche,2026-05-26,0
Vegas Golden Knights,8483890,Braeden Bowman,BLOCKS,2.0,526,6000,Vegas Golden Knights,Colorado Avalanche,2026-05-26,0
Vegas Golden Knights,8484803,Trevor Connelly,SOG,3.0,492,6000,Vegas Golden Knights,Colorado Avalanche,2026-05-26,0
Vegas Golden Knights,8484803,Trevor Connelly,ASSISTS,0.0,4769,6000,Vegas Golden Knights,Colorado Avalanche,2026-05-26,0
Vegas Golden Knights,8484803,Trevor Connelly,POINTS,0.0,3943,6000,Vegas Golden Knights,Colorado Avalanche,2026-05-26,0
Vegas Golden Knights,8484803,Trevor Connelly,BLOCKS,1.0,1767,6000,Vegas Golden Knights,Colorado Avalanche,2026-05-26,0
Colorado Avalanche,8475172,Nazem Kadri,SOG,4.0,542,6000,Vegas Golden Knights,Colorado Avalanche,2026-05-26,0
Colorado Avalanche,8475172,Nazem Kadri,ASSISTS,1.0,1090,6000,Vegas Golden Knights,Colorado Avalanche,2026-05-26,0
Colorado Avalanche,8475172,Nazem Kadri,POINTS,1.0,1430,6000,Vegas Golden Knights,Colorado Avalanche,2026-05-26,0
Colorado Avalanche,8475172,Nazem Kadri,BLOCKS,0.0,4709,6000,Vegas Golden Knights,Colorado Avalanche,2026-05-26,0
Colorado Avalanche,8478462,Nicolas Roy,BLOCKS,0.0,2979,6000,Vegas Golden Knights,Colorado Avalanche,2026-05-26,0
Colorado Avalanche,8481186,Logan O'Connor,SOG,3.0,630,6000,Vegas Golden Knights,Colorado Avalanche,2026-05-26,0
Colorado Avalanche,8481186,Logan O'Connor,GOALS,1.0,495,6000,Vegas Golden Knights,Colorado Avalanche,2026-05-26,0
Colorado Avalanche,8481186,Logan O'Connor,POINTS,1.0,1269,6000,Vegas Golden Knights,Colorado Avalanche,2026-05-26,0
Vegas Golden Knights,8478468,Jeremy Lauzon,SOG,0.0,1780,6000,Vegas Golden Knights,Colorado Avalanche,2026-05-26,0
Vegas Golden Knights,8478468,Jeremy Lauzon,ASSISTS,0.0,4638,6000,Vegas Golden Knights,Colorado Avalanche,2026-05-26,0
Vegas Golden Knights,8478468,Jeremy Lauzon,POINTS,0.0,4438,6000,Vegas Golden Knights,Colorado Avalanche,2026-05-26,0
Vegas Golden Knights,8478468,Jeremy Lauzon,BLOCKS,1.0,2195,6000,Vegas Golden Knights,Colorado Avalanche,2026-05-26,0
Vegas Golden Knights,8479639,Dylan Coghlan,SOG,0.0,2013,6000,Vegas Golden Knights,Colorado Avalanche,2026-05-26,0
Vegas Golden Knights,8479639,Dylan Coghlan,GOALS,0.0,5457,6000,Vegas Golden Knights,Colorado Avalanche,2026-05-26,0
Vegas Golden Knights,8479639,Dylan Coghlan,POINTS,0.0,4379,6000,Vegas Golden Knights,Colorado Avalanche,2026-05-26,0
Vegas Golden Knights,8479639,Dylan Coghlan,BLOCKS,1.0,2076,6000,Vegas Golden Knights,Colorado Avalanche,2026-05-26,0
Colorado Avalanche,8476312,Josh Manson,SOG,3.0,749,6000,Vegas Golden Knights,Colorado Avalanche,2026-05-26,0
Colorado Avalanche,8476312,Josh Manson,GOALS,2.0,27,6000,Vegas Golden Knights,Colorado Avalanche,2026-05-26,0
Colorado Avalanche,8476312,Josh Manson,ASSISTS,1.0,1076,6000,Vegas Golden Knights,Colorado Avalanche,2026-05-26,0
Colorado Avalanche,8476312,Josh Manson,POINTS,3.0,23,6000,Vegas Golden Knights,Colorado Avalanche,2026-05-26,0
Vegas Golden Knights,8482125,Alexander Holtz,SOG,1.0,2179,6000,Vegas Golden Knights,Colorado Avalanche,2026-05-26,0
Vegas Golden Knights,8479550,Tanner Laczynski,BLOCKS,1.0,1879,6000,Vegas Golden Knights,Colorado Avalanche,2026-05-26,0
Vegas Golden Knights,8481534,Raphael Lavoie,SOG,1.0,2101,6000,Vegas Golden Knights,Colorado Avalanche,2026-05-26,0
Colorado Avalanche,8480448,Parker Kelly,SOG,4.0,142,6000,Vegas Golden Knights,Colorado Avalanche,2026-05-26,0
Colorado Avalanche,8480448,Parker Kelly,ASSISTS,1.0,767,6000,Vegas Golden Knights,Colorado Avalanche,2026-05-26,0
Colorado Avalanche,8480448,Parker Kelly,POINTS,1.0,1343,6000,Vegas Golden Knights,Colorado Avalanche,2026-05-26,0
Colorado Avalanche,8480448,Parker Kelly,BLOCKS,0.0,3381,6000,Vegas Golden Knights,Colorado Avalanche,2026-05-26,0
Colorado Avalanche,8479525,Ross Colton,BLOCKS,0.0,3848,6000,Vegas Golden Knights,Colorado Avalanche,2026-05-26,0
Colorado Avalanche,8480835,Jack Drury,SOG,0.0,2193,6000,Vegas Golden Knights,Colorado Avalanche,2026-05-26,0
Colorado Avalanche,8480835,Jack Drury,ASSISTS,2.0,41,6000,Vegas Golden Knights,Colorado Avalanche,2026-05-26,0
Colorado Avalanche,8480835,Jack Drury,POINTS,2.0,186,6000,Vegas Golden Knights,Colorado Avalanche,2026-05-26,0
Vegas Golden Knights,8478483,Mitch Marner,SOG,3.0,1321,6000,Vegas Golden Knights,Colorado Avalanche,2026-05-26,0
Vegas Golden Knights,8475913,Mark Stone,SOG,2.0,1646,6000,Vegas Golden Knights,Colorado Avalanche,2026-05-26,0
Vegas Golden Knights,8475913,Mark Stone,BLOCKS,2.0,690,6000,Vegas Golden Knights,Colorado Avalanche,2026-05-26,0
Vegas Golden Knights,8477447,Shea Theodore,SOG,0.0,492,6000,Vegas Golden Knights,Colorado Avalanche,2026-05-26,0
Vegas Golden Knights,8477447,Shea Theodore,BLOCKS,3.0,1361,6000,Vegas Golden Knights,Colorado Avalanche,2026-05-26,0
Vegas Golden Knights,8478396,Noah Hanifin,SOG,4.0,298,6000,Vegas Golden Knights,Colorado Avalanche,2026-05-26,0
Vegas Golden Knights,8478396,Noah Hanifin,BLOCKS,2.0,1634,6000,Vegas Golden Knights,Colorado Avalanche,2026-05-26,0
Colorado Avalanche,8480039,Martin Necas,SOG,4.0,1038,6000,Vegas Golden Knights,Colorado Avalanche,2026-05-26,0
Colorado Avalanche,8480039,Martin Necas,BLOCKS,1.0,1783,6000,Vegas Golden Knights,Colorado Avalanche,2026-05-26,0
Colorado Avalanche,8476455,Gabriel Landeskog,BLOCKS,0.0,1552,6000,Vegas Golden Knights,Colorado Avalanche,2026-05-26,0
Colorado Avalanche,8478038,Devon Toews,SOG,3.0,817,6000,Vegas Golden Knights,Colorado Avalanche,2026-05-26,0
Colorado Avalanche,8478038,Devon Toews,BLOCKS,3.0,805,6000,Vegas Golden Knights,Colorado Avalanche,2026-05-26,0
Colorado Avalanche,8480069,Cale Makar,SOG,6.0,274,6000,Vegas Golden Knights,Colorado Avalanche,2026-05-26,0
Colorado Avalanche,8480069,Cale Makar,BLOCKS,0.0,1140,6000,Vegas Golden Knights,Colorado Avalanche,2026-05-26,0
Vegas Golden Knights,8479394,Carter Hart,SAVES,34.0,146,6000,Vegas Golden Knights,Colorado Avalanche,2026-05-26,0
Colorado Avalanche,8478406,Mackenzie Blackwood,SAVES,28.9,123,6000,Vegas Golden Knights,Colorado Avalanche,2026-05-26,0
Vegas Golden Knights,8478397,Rasmus Andersson,BLOCKS,0.0,2162,6000,Vegas Golden Knights,Colorado Avalanche,2026-05-26,0
Vegas Golden Knights,8475188,Brayden McNabb,ASSISTS,1.0,1627,6000,Vegas Golden Knights,Colorado Avalanche,2026-05-26,0
Vegas Golden Knights,8475188,Brayden McNabb,POINTS,1.0,1836,6000,Vegas Golden Knights,Colorado Avalanche,2026-05-26,0
Colorado Avalanche,8478462,Nicolas Roy,SOG,1.0,2156,6000,Vegas Golden Knights,Colorado Avalanche,2026-05-26,0
Colorado Avalanche,8478462,Nicolas Roy,GOALS,1.0,1115,6000,Vegas Golden Knights,Colorado Avalanche,2026-05-26,0
Colorado Avalanche,8478462,Nicolas Roy,POINTS,1.0,1510,6000,Vegas Golden Knights,Colorado Avalanche,2026-05-26,0
Colorado Avalanche,8470613,Brent Burns,SOG,3.0,642,6000,Vegas Golden Knights,Colorado Avalanche,2026-05-26,0
Colorado Avalanche,8470613,Brent Burns,BLOCKS,2.0,958,6000,Vegas Golden Knights,Colorado Avalanche,2026-05-26,0
Vegas Golden Knights,8477964,Ivan Barbashev,BLOCKS,1.0,1769,6000,Vegas Golden Knights,Colorado Avalanche,2026-05-26,0
Vegas Golden Knights,8479353,Brett Howden,SOG,1.0,1930,6000,Vegas Golden Knights,Colorado Avalanche,2026-05-26,0
Vegas Golden Knights,8479353,Brett Howden,GOALS,1.0,1627,6000,Vegas Golden Knights,Colorado Avalanche,2026-05-26,0
Vegas Golden Knights,8479353,Brett Howden,POINTS,1.0,1921,6000,Vegas Golden Knights,Colorado Avalanche,2026-05-26,0
Vegas Golden Knights,8476448,William Karlsson,BLOCKS,2.0,847,6000,Vegas Golden Knights,Colorado Avalanche,2026-05-26,0
Colorado Avalanche,8477476,Artturi Lehkonen,SOG,2.0,1591,6000,Vegas Golden Knights,Colorado Avalanche,2026-05-26,0
Colorado Avalanche,8477501,Valeri Nichushkin,SOG,7.0,13,6000,Vegas Golden Knights,Colorado Avalanche,2026-05-26,0
Colorado Avalanche,8476967,Brett Kulak,BLOCKS,4.0,200,6000,Vegas Golden Knights,Colorado Avalanche,2026-05-26,0
Colorado Avalanche,8484258,Sam Malinski,ASSISTS,1.0,1376,6000,Vegas Golden Knights,Colorado Avalanche,2026-05-26,0
Colorado Avalanche,8484258,Sam Malinski,POINTS,1.0,1567,6000,Vegas Golden Knights,Colorado Avalanche,2026-05-26,0
Colorado Avalanche,8484258,Sam Malinski,BLOCKS,1.0,2155,6000,Vegas Golden Knights,Colorado Avalanche,2026-05-26,0
Vegas Golden Knights,8481604,Pavel Dorofeyev,SOG,3.0,959,6000,Vegas Golden Knights,Colorado Avalanche,2026-05-26,0
Vegas Golden Knights,8481604,Pavel Dorofeyev,POINTS,0.0,3685,6000,Vegas Golden Knights,Colorado Avalanche,2026-05-26,0
Vegas Golden Knights,8481604,Pavel Dorofeyev,BLOCKS,0.0,4053,6000,Vegas Golden Knights,Colorado Avalanche,2026-05-26,0
Vegas Golden Knights,8483890,Braeden Bowman,GOALS,0.0,4922,6000,Vegas Golden Knights,Colorado Avalanche,2026-05-26,0
Vegas Golden Knights,8483890,Braeden Bowman,POINTS,0.0,3933,6000,Vegas Golden Knights,Colorado Avalanche,2026-05-26,0
Vegas Golden Knights,8479639,Dylan Coghlan,SOG,2.0,1225,6000,Vegas Golden Knights,Colorado Avalanche,2026-05-26,0
Colorado Avalanche,8476312,Josh Manson,SOG,2.0,1552,6000,Vegas Golden Knights,Colorado Avalanche,2026-05-26,0
Colorado Avalanche,8476312,Josh Manson,GOALS,1.0,430,6000,Vegas Golden Knights,Colorado Avalanche,2026-05-26,0
Colorado Avalanche,8476312,Josh Manson,POINTS,1.0,1323,6000,Vegas Golden Knights,Colorado Avalanche,2026-05-26,0
Vegas Golden Knights,8482125,Alexander Holtz,SOG,2.0,1301,6000,Vegas Golden Knights,Colorado Avalanche,2026-05-26,0
Vegas Golden Knights,8482125,Alexander Holtz,GOALS,1.0,955,6000,Vegas Golden Knights,Colorado Avalanche,2026-05-26,0
Vegas Golden Knights,8482125,Alexander Holtz,POINTS,1.0,1584,6000,Vegas Golden Knights,Colorado Avalanche,2026-05-26,0
Vegas Golden Knights,8482125,Alexander Holtz,BLOCKS,0.0,3584,6000,Vegas Golden Knights,Colorado Avalanche,2026-05-26,0
Vegas Golden Knights,8479550,Tanner Laczynski,SOG,1.0,2218,6000,Vegas Golden Knights,Colorado Avalanche,2026-05-26,0
Vegas Golden Knights,8479550,Tanner Laczynski,ASSISTS,2.0,105,6000,Vegas Golden Knights,Colorado Avalanche,2026-05-26,0
Vegas Golden Knights,8479550,Tanner Laczynski,POINTS,2.0,319,6000,Vegas Golden Knights,Colorado Avalanche,2026-05-26,0
Vegas Golden Knights,8481534,Raphael Lavoie,SOG,2.0,1289,6000,Vegas Golden Knights,Colorado Avalanche,2026-05-26,0
Vegas Golden Knights,8481534,Raphael Lavoie,GOALS,1.0,888,6000,Vegas Golden Knights,Colorado Avalanche,2026-05-26,0
Vegas Golden Knights,8481534,Raphael Lavoie,ASSISTS,1.0,989,6000,Vegas Golden Knights,Colorado Avalanche,2026-05-26,0
Vegas Golden Knights,8481534,Raphael Lavoie,POINTS,2.0,324,6000,Vegas Golden Knights,Colorado Avalanche,2026-05-26,0
Vegas Golden Knights,8481534,Raphael Lavoie,BLOCKS,1.0,1852,6000,Vegas Golden Knights,Colorado Avalanche,2026-05-26,0
Colorado Avalanche,8480448,Parker Kelly,SOG,0.0,1922,6000,Vegas Golden Knights,Colorado Avalanche,2026-05-26,0
Colorado Avalanche,8479525,Ross Colton,SOG,0.0,1499,6000,Vegas Golden Knights,Colorado Avalanche,2026-05-26,0
Colorado Avalanche,8479525,Ross Colton,BLOCKS,2.0,394,6000,Vegas Golden Knights,Colorado Avalanche,2026-05-26,0
Vegas Golden Knights,8481604,Pavel Dorofeyev,SOG,4.0,445,6000,Vegas Golden Knights,Colorado Avalanche,2026-05-26,0
Vegas Golden Knights,8483890,Braeden Bowman,SOG,0.0,1857,6000,Vegas Golden Knights,Colorado Avalanche,2026-05-26,0
Vegas Golden Knights,8483890,Braeden Bowman,ASSISTS,1.0,1073,6000,Vegas Golden Knights,Colorado Avalanche,2026-05-26,0
Vegas Golden Knights,8484803,Trevor Connelly,GOALS,1.0,931,6000,Vegas Golden Knights,Colorado Avalanche,2026-05-26,0
Vegas Golden Knights,8478396,Noah Hanifin,SOG,0.0,1254,6000,Vegas Golden Knights,Colorado Avalanche,2026-05-26,0
Colorado Avalanche,8480039,Martin Necas,SOG,3.0,1309,6000,Vegas Golden Knights,Colorado Avalanche,2026-05-26,0
Colorado Avalanche,8480039,Martin Necas,GOALS,1.0,515,6000,Vegas Golden Knights,Colorado Avalanche,2026-05-26,0
Colorado Avalanche,8480039,Martin Necas,POINTS,1.0,2037,6000,Vegas Golden Knights,Colorado Avalanche,2026-05-26,0
Colorado Avalanche,8476455,Gabriel Landeskog,SOG,3.0,1257,6000,Vegas Golden Knights,Colorado Avalanche,2026-05-26,0
Colorado Avalanche,8476455,Gabriel Landeskog,ASSISTS,1.0,1736,6000,Vegas Golden Knights,Colorado Avalanche,2026-05-26,0
Colorado Avalanche,8476455,Gabriel Landeskog,POINTS,1.0,2179,6000,Vegas Golden Knights,Colorado Avalanche,2026-05-26,0
Colorado Avalanche,8476455,Gabriel Landeskog,BLOCKS,3.0,622,6000,Vegas Golden Knights,Colorado Avalanche,2026-05-26,0
Colorado Avalanche,8478038,Devon Toews,SOG,0.0,1182,6000,Vegas Golden Knights,Colorado Avalanche,2026-05-26,0
Colorado Avalanche,8478038,Devon Toews,ASSISTS,1.0,1348,6000,Vegas Golden Knights,Colorado Avalanche,2026-05-26,0
Vegas Golden Knights,8479394,Carter Hart,SAVES,19.55,136,6000,Vegas Golden Knights,Colorado Avalanche,2026-05-26,0
Vegas Golden Knights,8478403,Jack Eichel,SOG,8.0,53,6000,Vegas Golden Knights,Colorado Avalanche,2026-05-26,0
Vegas Golden Knights,8478483,Mitch Marner,SOG,0.0,386,6000,Vegas Golden Knights,Colorado Avalanche,2026-05-26,0
Colorado Avalanche,8480069,Cale Makar,SOG,4.0,980,6000,Vegas Golden Knights,Colorado Avalanche,2026-05-26,0
Colorado Avalanche,8480069,Cale Makar,BLOCKS,2.0,1605,6000,Vegas Golden Knights,Colorado Avalanche,2026-05-26,0
Vegas Golden Knights,8482125,Alexander Holtz,ASSISTS,2.0,113,6000,Vegas Golden Knights,Colorado Avalanche,2026-05-26,0
Vegas Golden Knights,8482125,Alexander Holtz,POINTS,2.0,316,6000,Vegas Golden Knights,Colorado Avalanche,2026-05-26,0
Vegas Golden Knights,8479550,Tanner Laczynski,SOG,3.0,521,6000,Vegas Golden Knights,Colorado Avalanche,2026-05-26,0
Vegas Golden Knights,8479550,Tanner Laczynski,GOALS,2.0,97,6000,Vegas Golden Knights,Colorado Avalanche,2026-05-26,0
Vegas Golden Knights,8481534,Raphael Lavoie,POINTS,1.0,1517,6000,Vegas Golden Knights,Colorado Avalanche,2026-05-26,0
Vegas Golden Knights,8478468,Jeremy Lauzon,SOG,1.0,2120,6000,Vegas Golden Knights,Colorado Avalanche,2026-05-26,0
Vegas Golden Knights,8478468,Jeremy Lauzon,BLOCKS,3.0,389,6000,Vegas Golden Knights,Colorado Avalanche,2026-05-26,0
Vegas Golden Knights,8479639,Dylan Coghlan,ASSISTS,1.0,1040,6000,Vegas Golden Knights,Colorado Avalanche,2026-05-26,0
Colorado Avalanche,8480448,Parker Kelly,SOG,3.0,505,6000,Vegas Golden Knights,Colorado Avalanche,2026-05-26,0
Colorado Avalanche,8475754,Brock Nelson,SOG,1.0,1466,6000,Vegas Golden Knights,Colorado Avalanche,2026-05-26,0
Colorado Avalanche,8475754,Brock Nelson,BLOCKS,0.0,2780,6000,Vegas Golden Knights,Colorado Avalanche,2026-05-26,0
Colorado Avalanche,8477501,Valeri Nichushkin,SOG,0.0,941,6000,Vegas Golden Knights,Colorado Avalanche,2026-05-26,0
Colorado Avalanche,8477501,Valeri Nichushkin,BLOCKS,1.0,1681,6000,Vegas Golden Knights,Colorado Avalanche,2026-05-26,0
Vegas Golden Knights,8477964,Ivan Barbashev,SOG,0.0,1417,6000,Vegas Golden Knights,Colorado Avalanche,2026-05-26,0
Vegas Golden Knights,8477964,Ivan Barbashev,ASSISTS,0.0,4378,6000,Vegas Golden Knights,Colorado Avalanche,2026-05-26,0
Vegas Golden Knights,8477964,Ivan Barbashev,POINTS,0.0,3957,6000,Vegas Golden Knights,Colorado Avalanche,2026-05-26,0
Vegas Golden Knights,8479353,Brett Howden,GOALS,0.0,3901,6000,Vegas Golden Knights,Colorado Avalanche,2026-05-26,0
Vegas Golden Knights,8479353,Brett Howden,POINTS,0.0,3284,6000,Vegas Golden Knights,Colorado Avalanche,2026-05-26,0
Vegas Golden Knights,8478397,Rasmus Andersson,SOG,0.0,1661,6000,Vegas Golden Knights,Colorado Avalanche,2026-05-26,0
Vegas Golden Knights,8478397,Rasmus Andersson,ASSISTS,1.0,1441,6000,Vegas Golden Knights,Colorado Avalanche,2026-05-26,0
Vegas Golden Knights,8478397,Rasmus Andersson,POINTS,1.0,1581,6000,Vegas Golden Knights,Colorado Avalanche,2026-05-26,0
Colorado Avalanche,8476967,Brett Kulak,BLOCKS,1.0,2094,6000,Vegas Golden Knights,Colorado Avalanche,2026-05-26,0
Colorado Avalanche,8475172,Nazem Kadri,SOG,1.0,1673,6000,Vegas Golden Knights,Colorado Avalanche,2026-05-26,0
Colorado Avalanche,8478462,Nicolas Roy,ASSISTS,1.0,683,6000,Vegas Golden Knights,Colorado Avalanche,2026-05-26,0
Colorado Avalanche,8478462,Nicolas Roy,POINTS,2.0,308,6000,Vegas Golden Knights,Colorado Avalanche,2026-05-26,0
Colorado Avalanche,8478462,Nicolas Roy,BLOCKS,1.0,2034,6000,Vegas Golden Knights,Colorado Avalanche,2026-05-26,0
Colorado Avalanche,8481186,Logan O'Connor,ASSISTS,1.0,961,6000,Vegas Golden Knights,Colorado Avalanche,2026-05-26,0
Colorado Avalanche,8481186,Logan O'Connor,BLOCKS,0.0,4428,6000,Vegas Golden Knights,Colorado Avalanche,2026-05-26,0
Colorado Avalanche,8470613,Brent Burns,SOG,0.0,1607,6000,Vegas Golden Knights,Colorado Avalanche,2026-05-26,0
Colorado Avalanche,8476312,Josh Manson,BLOCKS,3.0,60,6000,Vegas Golden Knights,Colorado Avalanche,2026-05-26,0
Vegas Golden Knights,8478403,Jack Eichel,SOG,1.0,1004,6000,Vegas Golden Knights,Colorado Avalanche,2026-05-26,0
Vegas Golden Knights,8478483,Mitch Marner,ASSISTS,1.0,1486,6000,Vegas Golden Knights,Colorado Avalanche,2026-05-26,0
Vegas Golden Knights,8478483,Mitch Marner,POINTS,1.0,2214,6000,Vegas Golden Knights,Colorado Avalanche,2026-05-26,0
Vegas Golden Knights,8475913,Mark Stone,SOG,4.0,588,6000,Vegas Golden Knights,Colorado Avalanche,2026-05-26,0
Vegas Golden Knights,8475913,Mark Stone,GOALS,1.0,1487,6000,Vegas Golden Knights,Colorado Avalanche,2026-05-26,0
Vegas Golden Knights,8475913,Mark Stone,ASSISTS,1.0,1577,6000,Vegas Golden Knights,Colorado Avalanche,2026-05-26,0
Vegas Golden Knights,8475913,Mark Stone,POINTS,2.0,791,6000,Vegas Golden Knights,Colorado Avalanche,2026-05-26,0
Vegas Golden Knights,8477447,Shea Theodore,BLOCKS,4.0,908,6000,Vegas Golden Knights,Colorado Avalanche,2026-05-26,0
Vegas Golden Knights,8478396,Noah Hanifin,ASSISTS,2.0,323,6000,Vegas Golden Knights,Colorado Avalanche,2026-05-26,0
Vegas Golden Knights,8478396,Noah Hanifin,POINTS,2.0,404,6000,Vegas Golden Knights,Colorado Avalanche,2026-05-26,0
Colorado Avalanche,8477492,Nathan MacKinnon,SOG,2.0,862,6000,Vegas Golden Knights,Colorado Avalanche,2026-05-26,0
Colorado Avalanche,8480039,Martin Necas,SOG,5.0,665,6000,Vegas Golden Knights,Colorado Avalanche,2026-05-26,0
Colorado Avalanche,8480039,Martin Necas,ASSISTS,1.0,1907,6000,Vegas Golden Knights,Colorado Avalanche,2026-05-26,0
Colorado Avalanche,8478038,Devon Toews,SOG,4.0,354,6000,Vegas Golden Knights,Colorado Avalanche,2026-05-26,0
Colorado Avalanche,8480069,Cale Makar,SOG,3.0,1314,6000,Vegas Golden Knights,Colorado Avalanche,2026-05-26,0
Vegas Golden Knights,8479394,Carter Hart,SAVES,34.85,127,6000,Vegas Golden Knights,Colorado Avalanche,2026-05-26,0
Colorado Avalanche,8478406,Mackenzie Blackwood,SAVES,21.25,442,6000,Vegas Golden Knights,Colorado Avalanche,2026-05-26,0
Vegas Golden Knights,8479639,Dylan Coghlan,SOG,1.0,2172,6000,Vegas Golden Knights,Colorado Avalanche,2026-05-26,0
Vegas Golden Knights,8482125,Alexander Holtz,SOG,3.0,506,6000,Vegas Golden Knights,Colorado Avalanche,2026-05-26,0
Colorado Avalanche,8470613,Brent Burns,SOG,2.0,1392,6000,Vegas Golden Knights,Colorado Avalanche,2026-05-26,0
Vegas Golden Knights,8477964,Ivan Barbashev,SOG,2.0,1441,6000,Vegas Golden Knights,Colorado Avalanche,2026-05-26,0
Vegas Golden Knights,8479353,Brett Howden,BLOCKS,1.0,1388,6000,Vegas Golden Knights,Colorado Avalanche,2026-05-26,0
Vegas Golden Knights,8476448,William Karlsson,SOG,3.0,503,6000,Vegas Golden Knights,Colorado Avalanche,2026-05-26,0
Colorado Avalanche,8475754,Brock Nelson,ASSISTS,2.0,211,6000,Vegas Golden Knights,Colorado Avalanche,2026-05-26,0
Colorado Avalanche,8475754,Brock Nelson,POINTS,2.0,399,6000,Vegas Golden Knights,Colorado Avalanche,2026-05-26,0
Colorado Avalanche,8477476,Artturi Lehkonen,SOG,4.0,532,6000,Vegas Golden Knights,Colorado Avalanche,2026-05-26,0
Colorado Avalanche,8477476,Artturi Lehkonen,GOALS,2.0,189,6000,Vegas Golden Knights,Colorado Avalanche,2026-05-26,0
Colorado Avalanche,8477476,Artturi Lehkonen,BLOCKS,2.0,672,6000,Vegas Golden Knights,Colorado Avalanche,2026-05-26,0
Colorado Avalanche,8477501,Valeri Nichushkin,ASSISTS,2.0,169,6000,Vegas Golden Knights,Colorado Avalanche,2026-05-26,0
Colorado Avalanche,8477501,Valeri Nichushkin,POINTS,2.0,365,6000,Vegas Golden Knights,Colorado Avalanche,2026-05-26,0
Vegas Golden Knights,8478397,Rasmus Andersson,GOALS,1.0,316,6000,Vegas Golden Knights,Colorado Avalanche,2026-05-26,0
Colorado Avalanche,8476967,Brett Kulak,SOG,2.0,1245,6000,Vegas Golden Knights,Colorado Avalanche,2026-05-26,0
Vegas Golden Knights,8481604,Pavel Dorofeyev,POINTS,2.0,430,6000,Vegas Golden Knights,Colorado Avalanche,2026-05-26,0
Vegas Golden Knights,8483890,Braeden Bowman,POINTS,2.0,364,6000,Vegas Golden Knights,Colorado Avalanche,2026-05-26,0
Vegas Golden Knights,8483890,Braeden Bowman,BLOCKS,1.0,1896,6000,Vegas Golden Knights,Colorado Avalanche,2026-05-26,0
Vegas Golden Knights,8484803,Trevor Connelly,SOG,0.0,1921,6000,Vegas Golden Knights,Colorado Avalanche,2026-05-26,0
Colorado Avalanche,8475172,Nazem Kadri,SOG,3.0,1067,6000,Vegas Golden Knights,Colorado Avalanche,2026-05-26,0
Colorado Avalanche,8478462,Nicolas Roy,SOG,2.0,1256,6000,Vegas Golden Knights,Colorado Avalanche,2026-05-26,0
Colorado Avalanche,8481186,Logan O'Connor,SOG,2.0,1368,6000,Vegas Golden Knights,Colorado Avalanche,2026-05-26,0
Colorado Avalanche,8476312,Josh Manson,SOG,0.0,1284,6000,Vegas Golden Knights,Colorado Avalanche,2026-05-26,0
Colorado Avalanche,8476312,Josh Manson,BLOCKS,1.0,1644,6000,Vegas Golden Knights,Colorado Avalanche,2026-05-26,0
Colorado Avalanche,8479525,Ross Colton,SOG,3.0,661,6000,Vegas Golden Knights,Colorado Avalanche,2026-05-26,0
Colorado Avalanche,8480835,Jack Drury,SOG,2.0,1127,6000,Vegas Golden Knights,Colorado Avalanche,2026-05-26,0
Vegas Golden Knights,8478403,Jack Eichel,ASSISTS,2.0,573,6000,Vegas Golden Knights,Colorado Avalanche,2026-05-26,0
Vegas Golden Knights,8478403,Jack Eichel,POINTS,2.0,722,6000,Vegas Golden Knights,Colorado Avalanche,2026-05-26,0
Vegas Golden Knights,8478403,Jack Eichel,BLOCKS,2.0,1128,6000,Vegas Golden Knights,Colorado Avalanche,2026-05-26,0
Vegas Golden Knights,8478483,Mitch Marner,SOG,5.0,488,6000,Vegas Golden Knights,Colorado Avalanche,2026-05-26,0
Vegas Golden Knights,8478483,Mitch Marner,GOALS,1.0,1851,6000,Vegas Golden Knights,Colorado Avalanche,2026-05-26,0
Vegas Golden Knights,8478483,Mitch Marner,POINTS,2.0,953,6000,Vegas Golden Knights,Colorado Avalanche,2026-05-26,0
Vegas Golden Knights,8475913,Mark Stone,SOG,0.0,761,6000,Vegas Golden Knights,Colorado Avalanche,2026-05-26,0
Vegas Golden Knights,8475913,Mark Stone,POINTS,1.0,2113,6000,Vegas Golden Knights,Colorado Avalanche,2026-05-26,0
Vegas Golden Knights,8477447,Shea Theodore,BLOCKS,1.0,1040,6000,Vegas Golden Knights,Colorado Avalanche,2026-05-26,0
Colorado Avalanche,8477492,Nathan MacKinnon,SOG,5.0,918,6000,Vegas Golden Knights,Colorado Avalanche,2026-05-26,0
Colorado Avalanche,8480039,Martin Necas,SOG,1.0,833,6000,Vegas Golden Knights,Colorado Avalanche,2026-05-26,0
Colorado Avalanche,8476455,Gabriel Landeskog,SOG,5.0,723,6000,Vegas Golden Knights,Colorado Avalanche,2026-05-26,0
Colorado Avalanche,8476455,Gabriel Landeskog,BLOCKS,2.0,1459,6000,Vegas Golden Knights,Colorado Avalanche,2026-05-26,0
Colorado Avalanche,8478038,Devon Toews,BLOCKS,1.0,2009,6000,Vegas Golden Knights,Colorado Avalanche,2026-05-26,0
Vegas Golden Knights,8479394,Carter Hart,SAVES,27.2,379,6000,Vegas Golden Knights,Colorado Avalanche,2026-05-26,0
Colorado Avalanche,8478406,Mackenzie Blackwood,SAVES,20.4,430,6000,Vegas Golden Knights,Colorado Avalanche,2026-05-26,0
Colorado Avalanche,8480448,Parker Kelly,SOG,1.0,2138,6000,Vegas Golden Knights,Colorado Avalanche,2026-05-26,0
Colorado Avalanche,8479525,Ross Colton,SOG,2.0,1480,6000,Vegas Golden Knights,Colorado Avalanche,2026-05-26,0
Vegas Golden Knights,8477964,Ivan Barbashev,SOG,5.0,64,6000,Vegas Golden Knights,Colorado Avalanche,2026-05-26,0
Vegas Golden Knights,8479353,Brett Howden,SOG,0.0,1092,6000,Vegas Golden Knights,Colorado Avalanche,2026-05-26,0
Colorado Avalanche,8477476,Artturi Lehkonen,BLOCKS,1.0,2053,6000,Vegas Golden Knights,Colorado Avalanche,2026-05-26,0
Colorado Avalanche,8477501,Valeri Nichushkin,SOG,3.0,987,6000,Vegas Golden Knights,Colorado Avalanche,2026-05-26,0
Vegas Golden Knights,8475188,Brayden McNabb,SOG,5.0,118,6000,Vegas Golden Knights,Colorado Avalanche,2026-05-26,0
Vegas Golden Knights,8481604,Pavel Dorofeyev,SOG,0.0,1040,6000,Vegas Golden Knights,Colorado Avalanche,2026-05-26,0
Vegas Golden Knights,8484803,Trevor Connelly,SOG,1.0,2177,6000,Vegas Golden Knights,Colorado Avalanche,2026-05-26,0
Colorado Avalanche,8475172,Nazem Kadri,SOG,2.0,1550,6000,Vegas Golden Knights,Colorado Avalanche,2026-05-26,0
Vegas Golden Knights,8482125,Alexander Holtz,BLOCKS,2.0,476,6000,Vegas Golden Knights,Colorado Avalanche,2026-05-26,0
Vegas Golden Knights,8479550,Tanner Laczynski,BLOCKS,0.0,3578,6000,Vegas Golden Knights,Colorado Avalanche,2026-05-26,0
Vegas Golden Knights,8478403,Jack Eichel,SOG,0.0,373,6000,Vegas Golden Knights,Colorado Avalanche,2026-05-26,0
Vegas Golden Knights,8478403,Jack Eichel,ASSISTS,1.0,1870,6000,Vegas Golden Knights,Colorado Avalanche,2026-05-26,0
Vegas Golden Knights,8478483,Mitch Marner,SOG,1.0,1080,6000,Vegas Golden Knights,Colorado Avalanche,2026-05-26,0
Vegas Golden Knights,8477447,Shea Theodore,BLOCKS,5.0,495,6000,Vegas Golden Knights,Colorado Avalanche,2026-05-26,0
Vegas Golden Knights,8478396,Noah Hanifin,GOALS,1.0,322,6000,Vegas Golden Knights,Colorado Avalanche,2026-05-26,0
Colorado Avalanche,8477492,Nathan MacKinnon,SOG,6.0,639,6000,Vegas Golden Knights,Colorado Avalanche,2026-05-26,0
Colorado Avalanche,8477492,Nathan MacKinnon,GOALS,1.0,1732,6000,Vegas Golden Knights,Colorado Avalanche,2026-05-26,0
Colorado Avalanche,8477492,Nathan MacKinnon,ASSISTS,1.0,1593,6000,Vegas Golden Knights,Colorado Avalanche,2026-05-26,0
Colorado Avalanche,8477492,Nathan MacKinnon,POINTS,2.0,973,6000,Vegas Golden Knights,Colorado Avalanche,2026-05-26,0
Colorado Avalanche,8476455,Gabriel Landeskog,GOALS,1.0,1393,6000,Vegas Golden Knights,Colorado Avalanche,2026-05-26,0
Colorado Avalanche,8476455,Gabriel Landeskog,POINTS,2.0,808,6000,Vegas Golden Knights,Colorado Avalanche,2026-05-26,0
Colorado Avalanche,8480069,Cale Makar,GOALS,2.0,156,6000,Vegas Golden Knights,Colorado Avalanche,2026-05-26,0
Colorado Avalanche,8480069,Cale Makar,ASSISTS,1.0,1745,6000,Vegas Golden Knights,Colorado Avalanche,2026-05-26,0
Colorado Avalanche,8480069,Cale Makar,POINTS,3.0,177,6000,Vegas Golden Knights,Colorado Avalanche,2026-05-26,0
Vegas Golden Knights,8479394,Carter Hart,SAVES,29.75,308,6000,Vegas Golden Knights,Colorado Avalanche,2026-05-26,0
Colorado Avalanche,8478406,Mackenzie Blackwood,SAVES,17.85,329,6000,Vegas Golden Knights,Colorado Avalanche,2026-05-26,0
Vegas Golden Knights,8477964,Ivan Barbashev,BLOCKS,2.0,454,6000,Vegas Golden Knights,Colorado Avalanche,2026-05-26,0
Vegas Golden Knights,8479353,Brett Howden,SOG,2.0,1503,6000,Vegas Golden Knights,Colorado Avalanche,2026-05-26,0
Colorado Avalanche,8477476,Artturi Lehkonen,SOG,5.0,215,6000,Vegas Golden Knights,Colorado Avalanche,2026-05-26,0
Colorado Avalanche,8477476,Artturi Lehkonen,ASSISTS,1.0,1126,6000,Vegas Golden Knights,Colorado Avalanche,2026-05-26,0
Colorado Avalanche,8477476,Artturi Lehkonen,POINTS,1.0,1897,6000,Vegas Golden Knights,Colorado Avalanche,2026-05-26,0
Vegas Golden Knights,8475188,Brayden McNabb,BLOCKS,2.0,1576,6000,Vegas Golden Knights,Colorado Avalanche,2026-05-26,0
Colorado Avalanche,8484258,Sam Malinski,SOG,0.0,808,6000,Vegas Golden Knights,Colorado Avalanche,2026-05-26,0
Vegas Golden Knights,8481604,Pavel Dorofeyev,SOG,1.0,1763,6000,Vegas Golden Knights,Colorado Avalanche,2026-05-26,0
Colorado Avalanche,8481186,Logan O'Connor,SOG,1.0,2158,6000,Vegas Golden Knights,Colorado Avalanche,2026-05-26,0
Vegas Golden Knights,8479550,Tanner Laczynski,GOALS,1.0,851,6000,Vegas Golden Knights,Colorado Avalanche,2026-05-26,0
Vegas Golden Knights,8479550,Tanner Laczynski,ASSISTS,1.0,1045,6000,Vegas Golden Knights,Colorado Avalanche,2026-05-26,0
Vegas Golden Knights,8481534,Raphael Lavoie,BLOCKS,2.0,470,6000,Vegas Golden Knights,Colorado Avalanche,2026-05-26,0
Colorado Avalanche,8480448,Parker Kelly,GOALS,1.0,752,6000,Vegas Golden Knights,Colorado Avalanche,2026-05-26,0
Colorado Avalanche,8480835,Jack Drury,SOG,3.0,425,6000,Vegas Golden Knights,Colorado Avalanche,2026-05-26,0
Colorado Avalanche,8480835,Jack Drury,BLOCKS,1.0,1238,6000,Vegas Golden Knights,Colorado Avalanche,2026-05-26,0
Vegas Golden Knights,8478396,Noah Hanifin,SOG,3.0,816,6000,Vegas Golden Knights,Colorado Avalanche,2026-05-26,0
Vegas Golden Knights,8478396,Noah Hanifin,BLOCKS,4.0,515,6000,Vegas Golden Knights,Colorado Avalanche,2026-05-26,0
Colorado Avalanche,8477492,Nathan MacKinnon,POINTS,1.0,2162,6000,Vegas Golden Knights,Colorado Avalanche,2026-05-26,0
Colorado Avalanche,8480039,Martin Necas,BLOCKS,3.0,76,6000,Vegas Golden Knights,Colorado Avalanche,2026-05-26,0
Colorado Avalanche,8480069,Cale Makar,SOG,1.0,1008,6000,Vegas Golden Knights,Colorado Avalanche,2026-05-26,0
Vegas Golden Knights,8479394,Carter Hart,SAVES,21.25,254,6000,Vegas Golden Knights,Colorado Avalanche,2026-05-26,0
Vegas Golden Knights,8477964,Ivan Barbashev,SOG,4.0,295,6000,Vegas Golden Knights,Colorado Avalanche,2026-05-26,0
Vegas Golden Knights,8476448,William Karlsson,SOG,4.0,145,6000,Vegas Golden Knights,Colorado Avalanche,2026-05-26,0
Vegas Golden Knights,8475188,Brayden McNabb,BLOCKS,3.0,845,6000,Vegas Golden Knights,Colorado Avalanche,2026-05-26,0
Vegas Golden Knights,8478468,Jeremy Lauzon,SOG,2.0,1298,6000,Vegas Golden Knights,Colorado Avalanche,2026-05-26,0
Colorado Avalanche,8478462,Nicolas Roy,GOALS,2.0,137,6000,Vegas Golden Knights,Colorado Avalanche,2026-05-26,0
Colorado Avalanche,8481186,Logan O'Connor,ASSISTS,2.0,99,6000,Vegas Golden Knights,Colorado Avalanche,2026-05-26,0
Colorado Avalanche,8481186,Logan O'Connor,POINTS,2.0,197,6000,Vegas Golden Knights,Colorado Avalanche,2026-05-26,0
Vegas Golden Knights,8482125,Alexander Holtz,ASSISTS,1.0,986,6000,Vegas Golden Knights,Colorado Avalanche,2026-05-26,0
Vegas Golden Knights,8479550,Tanner Laczynski,SOG,2.0,1255,6000,Vegas Golden Knights,Colorado Avalanche,2026-05-26,0
Vegas Golden Knights,8479550,Tanner Laczynski,POINTS,1.0,1545,6000,Vegas Golden Knights,Colorado Avalanche,2026-05-26,0
Vegas Golden Knights,8478403,Jack Eichel,BLOCKS,3.0,343,6000,Vegas Golden Knights,Colorado Avalanche,2026-05-26,0
Vegas Golden Knights,8478396,Noah Hanifin,BLOCKS,1.0,1668,6000,Vegas Golden Knights,Colorado Avalanche,2026-05-26,0
Colorado Avalanche,8477492,Nathan MacKinnon,GOALS,2.0,433,6000,Vegas Golden Knights,Colorado Avalanche,2026-05-26,0
Colorado Avalanche,8476455,Gabriel Landeskog,ASSISTS,2.0,364,6000,Vegas Golden Knights,Colorado Avalanche,2026-05-26,0
Colorado Avalanche,8478406,Mackenzie Blackwood,SAVES,19.55,394,6000,Vegas Golden Knights,Colorado Avalanche,2026-05-26,0
Vegas Golden Knights,8478397,Rasmus Andersson,SOG,3.0,630,6000,Vegas Golden Knights,Colorado Avalanche,2026-05-26,0
Vegas Golden Knights,8478397,Rasmus Andersson,BLOCKS,2.0,1132,6000,Vegas Golden Knights,Colorado Avalanche,2026-05-26,0
Colorado Avalanche,8475754,Brock Nelson,POINTS,3.0,69,6000,Vegas Golden Knights,Colorado Avalanche,2026-05-26,0
Colorado Avalanche,8477476,Artturi Lehkonen,GOALS,1.0,1349,6000,Vegas Golden Knights,Colorado Avalanche,2026-05-26,0
Colorado Avalanche,8477501,Valeri Nichushkin,SOG,4.0,461,6000,Vegas Golden Knights,Colorado Avalanche,2026-05-26,0
Colorado Avalanche,8477501,Valeri Nichushkin,GOALS,2.0,56,6000,Vegas Golden Knights,Colorado Avalanche,2026-05-26,0
Vegas Golden Knights,8482125,Alexander Holtz,GOALS,2.0,83,6000,Vegas Golden Knights,Colorado Avalanche,2026-05-26,0
Vegas Golden Knights,8481534,Raphael Lavoie,ASSISTS,2.0,103,6000,Vegas Golden Knights,Colorado Avalanche,2026-05-26,0
Vegas Golden Knights,8477447,Shea Theodore,SOG,3.0,1305,6000,Vegas Golden Knights,Colorado Avalanche,2026-05-26,0
Vegas Golden Knights,8478396,Noah Hanifin,BLOCKS,0.0,906,6000,Vegas Golden Knights,Colorado Avalanche,2026-05-26,0
Colorado Avalanche,8477501,Valeri Nichushkin,SOG,5.0,150,6000,Vegas Golden Knights,Colorado Avalanche,2026-05-26,0
Vegas Golden Knights,8479394,Carter Hart,SAVES,39.1,24,6000,Vegas Golden Knights,Colorado Avalanche,2026-05-26,0
Colorado Avalanche,8478406,Mackenzie Blackwood,SAVES,22.95,388,6000,Vegas Golden Knights,Colorado Avalanche,2026-05-26,0
Vegas Golden Knights,8478403,Jack Eichel,SOG,5.0,553,6000,Vegas Golden Knights,Colorado Avalanche,2026-05-26,0
Colorado Avalanche,8480039,Martin Necas,SOG,7.0,183,6000,Vegas Golden Knights,Colorado Avalanche,2026-05-26,0
Colorado Avalanche,8480039,Martin Necas,BLOCKS,2.0,444,6000,Vegas Golden Knights,Colorado Avalanche,2026-05-26,0
Colorado Avalanche,8476455,Gabriel Landeskog,SOG,1.0,818,6000,Vegas Golden Knights,Colorado Avalanche,2026-05-26,0
Vegas Golden Knights,8478397,Rasmus Andersson,BLOCKS,4.0,92,6000,Vegas Golden Knights,Colorado Avalanche,2026-05-26,0
Vegas Golden Knights,8475188,Brayden McNabb,SOG,2.0,1452,6000,Vegas Golden Knights,Colorado Avalanche,2026-05-26,0
Vegas Golden Knights,8475188,Brayden McNabb,GOALS,1.0,440,6000,Vegas Golden Knights,Colorado Avalanche,2026-05-26,0
Colorado Avalanche,8480448,Parker Kelly,POINTS,2.0,180,6000,Vegas Golden Knights,Colorado Avalanche,2026-05-26,0
Colorado Avalanche,8480448,Parker Kelly,BLOCKS,2.0,557,6000,Vegas Golden Knights,Colorado Avalanche,2026-05-26,0
Colorado Avalanche,8479525,Ross Colton,ASSISTS,1.0,961,6000,Vegas Golden Knights,Colorado Avalanche,2026-05-26,0
Colorado Avalanche,8479525,Ross Colton,POINTS,1.0,1204,6000,Vegas Golden Knights,Colorado Avalanche,2026-05-26,0
Colorado Avalanche,8480835,Jack Drury,SOG,5.0,36,6000,Vegas Golden Knights,Colorado Avalanche,2026-05-26,0
Colorado Avalanche,8480835,Jack Drury,GOALS,1.0,818,6000,Vegas Golden Knights,Colorado Avalanche,2026-05-26,0
Colorado Avalanche,8480835,Jack Drury,POINTS,1.0,1299,6000,Vegas Golden Knights,Colorado Avalanche,2026-05-26,0
Colorado Avalanche,8484258,Sam Malinski,SOG,3.0,1046,6000,Vegas Golden Knights,Colorado Avalanche,2026-05-26,0
Colorado Avalanche,8475172,Nazem Kadri,ASSISTS,2.0,117,6000,Vegas Golden Knights,Colorado Avalanche,2026-05-26,0
Colorado Avalanche,8475172,Nazem Kadri,POINTS,2.0,252,6000,Vegas Golden Knights,Colorado Avalanche,2026-05-26,0
Colorado Avalanche,8478462,Nicolas Roy,SOG,3.0,489,6000,Vegas Golden Knights,Colorado Avalanche,2026-05-26,0
Colorado Avalanche,8481186,Logan O'Connor,BLOCKS,2.0,219,6000,Vegas Golden Knights,Colorado Avalanche,2026-05-26,0
Vegas Golden Knights,8478468,Jeremy Lauzon,BLOCKS,2.0,1131,6000,Vegas Golden Knights,Colorado Avalanche,2026-05-26,0
Vegas Golden Knights,8479639,Dylan Coghlan,ASSISTS,2.0,138,6000,Vegas Golden Knights,Colorado Avalanche,2026-05-26,0
Vegas Golden Knights,8479639,Dylan Coghlan,POINTS,2.0,233,6000,Vegas Golden Knights,Colorado Avalanche,2026-05-26,0
Vegas Golden Knights,8479639,Dylan Coghlan,BLOCKS,2.0,821,6000,Vegas Golden Knights,Colorado Avalanche,2026-05-26,0
Colorado Avalanche,8476312,Josh Manson,ASSISTS,2.0,128,6000,Vegas Golden Knights,Colorado Avalanche,2026-05-26,0
Colorado Avalanche,8476312,Josh Manson,POINTS,2.0,219,6000,Vegas Golden Knights,Colorado Avalanche,2026-05-26,0
Vegas Golden Knights,8475913,Mark Stone,SOG,5.0,233,6000,Vegas Golden Knights,Colorado Avalanche,2026-05-26,0
Vegas Golden Knights,8478396,Noah Hanifin,SOG,2.0,1501,6000,Vegas Golden Knights,Colorado Avalanche,2026-05-26,0
Colorado Avalanche,8477492,Nathan MacKinnon,SOG,4.0,1164,6000,Vegas Golden Knights,Colorado Avalanche,2026-05-26,0
Colorado Avalanche,8480039,Martin Necas,ASSISTS,2.0,520,6000,Vegas Golden Knights,Colorado Avalanche,2026-05-26,0
Colorado Avalanche,8480039,Martin Necas,POINTS,2.0,639,6000,Vegas Golden Knights,Colorado Avalanche,2026-05-26,0
Colorado Avalanche,8480069,Cale Makar,POINTS,1.0,2134,6000,Vegas Golden Knights,Colorado Avalanche,2026-05-26,0
Vegas Golden Knights,8479394,Carter Hart,SAVES,24.65,386,6000,Vegas Golden Knights,Colorado Avalanche,2026-05-26,0
Colorado Avalanche,8478406,Mackenzie Blackwood,SAVES,12.75,69,6000,Vegas Golden Knights,Colorado Avalanche,2026-05-26,0
Colorado Avalanche,8475754,Brock Nelson,SOG,0.0,754,6000,Vegas Golden Knights,Colorado Avalanche,2026-05-26,0
Colorado Avalanche,8477476,Artturi Lehkonen,SOG,0.0,824,6000,Vegas Golden Knights,Colorado Avalanche,2026-05-26,0
Vegas Golden Knights,8475913,Mark Stone,GOALS,2.0,248,6000,Vegas Golden Knights,Colorado Avalanche,2026-05-26,0
Vegas Golden Knights,8477447,Shea Theodore,SOG,4.0,795,6000,Vegas Golden Knights,Colorado Avalanche,2026-05-26,0
Vegas Golden Knights,8477447,Shea Theodore,ASSISTS,2.0,492,6000,Vegas Golden Knights,Colorado Avalanche,2026-05-26,0
Vegas Golden Knights,8477447,Shea Theodore,POINTS,2.0,899,6000,Vegas Golden Knights,Colorado Avalanche,2026-05-26,0
Colorado Avalanche,8480069,Cale Makar,BLOCKS,4.0,410,6000,Vegas Golden Knights,Colorado Avalanche,2026-05-26,0
Colorado Avalanche,8476967,Brett Kulak,SOG,0.0,1794,6000,Vegas Golden Knights,Colorado Avalanche,2026-05-26,0
Vegas Golden Knights,8475913,Mark Stone,SOG,1.0,1513,6000,Vegas Golden Knights,Colorado Avalanche,2026-05-26,0
Colorado Avalanche,8477492,Nathan MacKinnon,SOG,0.0,129,6000,Vegas Golden Knights,Colorado Avalanche,2026-05-26,0
Vegas Golden Knights,8479394,Carter Hart,SAVES,18.7,91,6000,Vegas Golden Knights,Colorado Avalanche,2026-05-26,0
Vegas Golden Knights,8478397,Rasmus Andersson,SOG,4.0,188,6000,Vegas Golden Knights,Colorado Avalanche,2026-05-26,0
Vegas Golden Knights,8475188,Brayden McNabb,GOALS,2.0,23,6000,Vegas Golden Knights,Colorado Avalanche,2026-05-26,0
Vegas Golden Knights,8475188,Brayden McNabb,POINTS,2.0,382,6000,Vegas Golden Knights,Colorado Avalanche,2026-05-26,0
Colorado Avalanche,8475172,Nazem Kadri,GOALS,1.0,582,6000,Vegas Golden Knights,Colorado Avalanche,2026-05-26,0
Colorado Avalanche,8475754,Brock Nelson,SOG,4.0,589,6000,Vegas Golden Knights,Colorado Avalanche,2026-05-26,0
Colorado Avalanche,8475754,Brock Nelson,ASSISTS,1.0,1348,6000,Vegas Golden Knights,Colorado Avalanche,2026-05-26,0
Vegas Golden Knights,8478397,Rasmus Andersson,BLOCKS,5.0,20,6000,Vegas Golden Knights,Colorado Avalanche,2026-05-26,0
Vegas Golden Knights,8484803,Trevor Connelly,BLOCKS,2.0,494,6000,Vegas Golden Knights,Colorado Avalanche,2026-05-26,0
Colorado Avalanche,8475172,Nazem Kadri,SOG,5.0,195,6000,Vegas Golden Knights,Colorado Avalanche,2026-05-26,0
Colorado Avalanche,8478462,Nicolas Roy,SOG,4.0,173,6000,Vegas Golden Knights,Colorado Avalanche,2026-05-26,0
Vegas Golden Knights,8478468,Jeremy Lauzon,SOG,6.0,10,6000,Vegas Golden Knights,Colorado Avalanche,2026-05-26,0
Vegas Golden Knights,8478403,Jack Eichel,SOG,2.0,1319,6000,Vegas Golden Knights,Colorado Avalanche,2026-05-26,0
Colorado Avalanche,8478406,Mackenzie Blackwood,SAVES,24.65,329,6000,Vegas Golden Knights,Colorado Avalanche,2026-05-26,0
Colorado Avalanche,8476967,Brett Kulak,BLOCKS,2.0,1286,6000,Vegas Golden Knights,Colorado Avalanche,2026-05-26,0
Vegas Golden Knights,8483890,Braeden Bowman,SOG,3.0,490,6000,Vegas Golden Knights,Colorado Avalanche,2026-05-26,0
Vegas Golden Knights,8484803,Trevor Connelly,GOALS,2.0,93,6000,Vegas Golden Knights,Colorado Avalanche,2026-05-26,0
Vegas Golden Knights,8484803,Trevor Connelly,POINTS,2.0,331,6000,Vegas Golden Knights,Colorado Avalanche,2026-05-26,0
Vegas Golden Knights,8475188,Brayden McNabb,ASSISTS,2.0,297,6000,Vegas Golden Knights,Colorado Avalanche,2026-05-26,0
Vegas Golden Knights,8479394,Carter Hart,SAVES,22.95,298,6000,Vegas Golden Knights,Colorado Avalanche,2026-05-26,0
Vegas Golden Knights,8475188,Brayden McNabb,SOG,0.0,1297,6000,Vegas Golden Knights,Colorado Avalanche,2026-05-26,0
Vegas Golden Knights,8481604,Pavel Dorofeyev,BLOCKS,3.0,31,6000,Vegas Golden Knights,Colorado Avalanche,2026-05-26,0
Colorado Avalanche,8470613,Brent Burns,ASSISTS,2.0,137,6000,Vegas Golden Knights,Colorado Avalanche,2026-05-26,0
Colorado Avalanche,8470613,Brent Burns,POINTS,2.0,191,6000,Vegas Golden Knights,Colorado Avalanche,2026-05-26,0
Colorado Avalanche,8476312,Josh Manson,SOG,5.0,87,6000,Vegas Golden Knights,Colorado Avalanche,2026-05-26,0
Vegas Golden Knights,8477447,Shea Theodore,BLOCKS,0.0,355,6000,Vegas Golden Knights,Colorado Avalanche,2026-05-26,0
Vegas Golden Knights,8479394,Carter Hart,SAVES,25.5,371,6000,Vegas Golden Knights,Colorado Avalanche,2026-05-26,0
Colorado Avalanche,8477492,Nathan MacKinnon,SOG,9.0,76,6000,Vegas Golden Knights,Colorado Avalanche,2026-05-26,0
Vegas Golden Knights,8481534,Raphael Lavoie,BLOCKS,4.0,12,6000,Vegas Golden Knights,Colorado Avalanche,2026-05-26,0
Vegas Golden Knights,8478483,Mitch Marner,ASSISTS,2.0,252,6000,Vegas Golden Knights,Colorado Avalanche,2026-05-26,0
Vegas Golden Knights,8478483,Mitch Marner,BLOCKS,3.0,104,6000,Vegas Golden Knights,Colorado Avalanche,2026-05-26,0
Vegas Golden Knights,8477447,Shea Theodore,GOALS,2.0,218,6000,Vegas Golden Knights,Colorado Avalanche,2026-05-26,0
Vegas Golden Knights,8477447,Shea Theodore,POINTS,4.0,48,6000,Vegas Golden Knights,Colorado Avalanche,2026-05-26,0
Colorado Avalanche,8476455,Gabriel Landeskog,SOG,7.0,163,6000,Vegas Golden Knights,Colorado Avalanche,2026-05-26,0
Colorado Avalanche,8480069,Cale Makar,GOALS,1.0,1268,6000,Vegas Golden Knights,Colorado Avalanche,2026-05-26,0
Vegas Golden Knights,8479353,Brett Howden,SOG,6.0,45,6000,Vegas Golden Knights,Colorado Avalanche,2026-05-26,0
Vegas Golden Knights,8478397,Rasmus Andersson,BLOCKS,3.0,396,6000,Vegas Golden Knights,Colorado Avalanche,2026-05-26,0
Colorado Avalanche,8476967,Brett Kulak,BLOCKS,3.0,551,6000,Vegas Golden Knights,Colorado Avalanche,2026-05-26,0
Colorado Avalanche,8478462,Nicolas Roy,BLOCKS,3.0,188,6000,Vegas Golden Knights,Colorado Avalanche,2026-05-26,0
Colorado Avalanche,8478406,Mackenzie Blackwood,SAVES,18.7,404,6000,Vegas Golden Knights,Colorado Avalanche,2026-05-26,0
Vegas Golden Knights,8477447,Shea Theodore,ASSISTS,1.0,1817,6000,Vegas Golden Knights,Colorado Avalanche,2026-05-26,0
Colorado Avalanche,8477492,Nathan MacKinnon,BLOCKS,2.0,426,6000,Vegas Golden Knights,Colorado Avalanche,2026-05-26,0
Colorado Avalanche,8475754,Brock Nelson,BLOCKS,4.0,53,6000,Vegas Golden Knights,Colorado Avalanche,2026-05-26,0
Vegas Golden Knights,8475188,Brayden McNabb,SOG,3.0,766,6000,Vegas Golden Knights,Colorado Avalanche,2026-05-26,0
Vegas Golden Knights,8476448,William Karlsson,SOG,2.0,1244,6000,Vegas Golden Knights,Colorado Avalanche,2026-05-26,0
Colorado Avalanche,8481186,Logan O'Connor,SOG,4.0,178,6000,Vegas Golden Knights,Colorado Avalanche,2026-05-26,0
Vegas Golden Knights,8478403,Jack Eichel,ASSISTS,3.0,103,6000,Vegas Golden Knights,Colorado Avalanche,2026-05-26,0
Vegas Golden Knights,8478403,Jack Eichel,POINTS,3.0,160,6000,Vegas Golden Knights,Colorado Avalanche,2026-05-26,0
Vegas Golden Knights,8478483,Mitch Marner,SOG,8.0,33,6000,Vegas Golden Knights,Colorado Avalanche,2026-05-26,0
Vegas Golden Knights,8478483,Mitch Marner,GOALS,3.0,78,6000,Vegas Golden Knights,Colorado Avalanche,2026-05-26,0
Vegas Golden Knights,8478483,Mitch Marner,POINTS,3.0,259,6000,Vegas Golden Knights,Colorado Avalanche,2026-05-26,0
Vegas Golden Knights,8475913,Mark Stone,ASSISTS,2.0,287,6000,Vegas Golden Knights,Colorado Avalanche,2026-05-26,0
Vegas Golden Knights,8475913,Mark Stone,POINTS,4.0,35,6000,Vegas Golden Knights,Colorado Avalanche,2026-05-26,0
Colorado Avalanche,8478038,Devon Toews,BLOCKS,4.0,284,6000,Vegas Golden Knights,Colorado Avalanche,2026-05-26,0
Colorado Avalanche,8478406,Mackenzie Blackwood,SAVES,17.0,275,6000,Vegas Golden Knights,Colorado Avalanche,2026-05-26,0
Colorado Avalanche,8477492,Nathan MacKinnon,ASSISTS,2.0,334,6000,Vegas Golden Knights,Colorado Avalanche,2026-05-26,0
Colorado Avalanche,8476455,Gabriel Landeskog,GOALS,3.0,23,6000,Vegas Golden Knights,Colorado Avalanche,2026-05-26,0
Colorado Avalanche,8476455,Gabriel Landeskog,POINTS,4.0,34,6000,Vegas Golden Knights,Colorado Avalanche,2026-05-26,0
Colorado Avalanche,8480069,Cale Makar,POINTS,2.0,756,6000,Vegas Golden Knights,Colorado Avalanche,2026-05-26,0
Vegas Golden Knights,8476448,William Karlsson,GOALS,1.0,354,6000,Vegas Golden Knights,Colorado Avalanche,2026-05-26,0
Colorado Avalanche,8477501,Valeri Nichushkin,GOALS,1.0,883,6000,Vegas Golden Knights,Colorado Avalanche,2026-05-26,0
Colorado Avalanche,8480835,Jack Drury,ASSISTS,1.0,687,6000,Vegas Golden Knights,Colorado Avalanche,2026-05-26,0
Colorado Avalanche,8477492,Nathan MacKinnon,POINTS,3.0,255,6000,Vegas Golden Knights,Colorado Avalanche,2026-05-26,0
Colorado Avalanche,8480039,Martin Necas,ASSISTS,3.0,111,6000,Vegas Golden Knights,Colorado Avalanche,2026-05-26,0
Colorado Avalanche,8480039,Martin Necas,POINTS,4.0,27,6000,Vegas Golden Knights,Colorado Avalanche,2026-05-26,0
Vegas Golden Knights,8476448,William Karlsson,GOALS,2.0,16,6000,Vegas Golden Knights,Colorado Avalanche,2026-05-26,0
Vegas Golden Knights,8476448,William Karlsson,POINTS,2.0,264,6000,Vegas Golden Knights,Colorado Avalanche,2026-05-26,0
Colorado Avalanche,8477501,Valeri Nichushkin,BLOCKS,2.0,437,6000,Vegas Golden Knights,Colorado Avalanche,2026-05-26,0
Colorado Avalanche,8476312,Josh Manson,SOG,6.0,24,6000,Vegas Golden Knights,Colorado Avalanche,2026-05-26,0
Colorado Avalanche,8476312,Josh Manson,BLOCKS,2.0,422,6000,Vegas Golden Knights,Colorado Avalanche,2026-05-26,0
Vegas Golden Knights,8475913,Mark Stone,SOG,7.0,32,6000,Vegas Golden Knights,Colorado Avalanche,2026-05-26,0
Colorado Avalanche,8476455,Gabriel Landeskog,SOG,8.0,62,6000,Vegas Golden Knights,Colorado Avalanche,2026-05-26,0
Vegas Golden Knights,8479394,Carter Hart,SAVES,26.35,419,6000,Vegas Golden Knights,Colorado Avalanche,2026-05-26,0
Colorado Avalanche,8478406,Mackenzie Blackwood,SAVES,27.2,214,6000,Vegas Golden Knights,Colorado Avalanche,2026-05-26,0
Vegas Golden Knights,8478403,Jack Eichel,BLOCKS,4.0,74,6000,Vegas Golden Knights,Colorado Avalanche,2026-05-26,0
Colorado Avalanche,8480039,Martin Necas,SOG,0.0,258,6000,Vegas Golden Knights,Colorado Avalanche,2026-05-26,0
Colorado Avalanche,8478406,Mackenzie Blackwood,SAVES,25.5,304,6000,Vegas Golden Knights,Colorado Avalanche,2026-05-26,0
Vegas Golden Knights,8477964,Ivan Barbashev,GOALS,1.0,537,6000,Vegas Golden Knights,Colorado Avalanche,2026-05-26,0
Colorado Avalanche,8476967,Brett Kulak,GOALS,1.0,555,6000,Vegas Golden Knights,Colorado Avalanche,2026-05-26,0
Colorado Avalanche,8480448,Parker Kelly,ASSISTS,2.0,60,6000,Vegas Golden Knights,Colorado Avalanche,2026-05-26,0
Colorado Avalanche,8476455,Gabriel Landeskog,SOG,6.0,395,6000,Vegas Golden Knights,Colorado Avalanche,2026-05-26,0
Colorado Avalanche,8478406,Mackenzie Blackwood,SAVES,30.6,81,6000,Vegas Golden Knights,Colorado Avalanche,2026-05-26,0
Vegas Golden Knights,8481604,Pavel Dorofeyev,SOG,5.0,176,6000,Vegas Golden Knights,Colorado Avalanche,2026-05-26,0
Vegas Golden Knights,8483890,Braeden Bowman,SOG,4.0,143,6000,Vegas Golden Knights,Colorado Avalanche,2026-05-26,0
Colorado Avalanche,8479525,Ross Colton,GOALS,1.0,391,6000,Vegas Golden Knights,Colorado Avalanche,2026-05-26,0
Vegas Golden Knights,8475913,Mark Stone,SOG,8.0,6,6000,Vegas Golden Knights,Colorado Avalanche,2026-05-26,0
Colorado Avalanche,8480069,Cale Makar,SOG,0.0,327,6000,Vegas Golden Knights,Colorado Avalanche,2026-05-26,0
Colorado Avalanche,8484258,Sam Malinski,BLOCKS,3.0,248,6000,Vegas Golden Knights,Colorado Avalanche,2026-05-26,0
Colorado Avalanche,8470613,Brent Burns,GOALS,1.0,345,6000,Vegas Golden Knights,Colorado Avalanche,2026-05-26,0
Vegas Golden Knights,8477447,Shea Theodore,ASSISTS,3.0,68,6000,Vegas Golden Knights,Colorado Avalanche,2026-05-26,0
Vegas Golden Knights,8477447,Shea Theodore,POINTS,3.0,252,6000,Vegas Golden Knights,Colorado Avalanche,2026-05-26,0
Colorado Avalanche,8477492,Nathan MacKinnon,BLOCKS,3.0,71,6000,Vegas Golden Knights,Colorado Avalanche,2026-05-26,0
Vegas Golden Knights,8479394,Carter Hart,SAVES,20.4,197,6000,Vegas Golden Knights,Colorado Avalanche,2026-05-26,0
Colorado Avalanche,8475754,Brock Nelson,SOG,6.0,77,6000,Vegas Golden Knights,Colorado Avalanche,2026-05-26,0
Colorado Avalanche,8484258,Sam Malinski,GOALS,1.0,424,6000,Vegas Golden Knights,Colorado Avalanche,2026-05-26,0
Colorado Avalanche,8484258,Sam Malinski,POINTS,2.0,310,6000,Vegas Golden Knights,Colorado Avalanche,2026-05-26,0
Vegas Golden Knights,8479550,Tanner Laczynski,SOG,6.0,12,6000,Vegas Golden Knights,Colorado Avalanche,2026-05-26,0
Colorado Avalanche,8479525,Ross Colton,BLOCKS,3.0,68,6000,Vegas Golden Knights,Colorado Avalanche,2026-05-26,0
Colorado Avalanche,8478406,Mackenzie Blackwood,SAVES,28.05,176,6000,Vegas Golden Knights,Colorado Avalanche,2026-05-26,0
Colorado Avalanche,8475754,Brock Nelson,BLOCKS,3.0,218,6000,Vegas Golden Knights,Colorado Avalanche,2026-05-26,0
Vegas Golden Knights,8479550,Tanner Laczynski,SOG,4.0,155,6000,Vegas Golden Knights,Colorado Avalanche,2026-05-26,0
Vegas Golden Knights,8481534,Raphael Lavoie,SOG,3.0,526,6000,Vegas Golden Knights,Colorado Avalanche,2026-05-26,0
Vegas Golden Knights,8479639,Dylan Coghlan,SOG,4.0,133,6000,Vegas Golden Knights,Colorado Avalanche,2026-05-26,0
Colorado Avalanche,8478406,Mackenzie Blackwood,SAVES,29.75,93,6000,Vegas Golden Knights,Colorado Avalanche,2026-05-26,0
Vegas Golden Knights,8477447,Shea Theodore,BLOCKS,7.0,103,6000,Vegas Golden Knights,Colorado Avalanche,2026-05-26,0
Vegas Golden Knights,8478403,Jack Eichel,SOG,6.0,287,6000,Vegas Golden Knights,Colorado Avalanche,2026-05-26,0
Vegas Golden Knights,8478483,Mitch Marner,BLOCKS,2.0,522,6000,Vegas Golden Knights,Colorado Avalanche,2026-05-26,0
Vegas Golden Knights,8477447,Shea Theodore,ASSISTS,4.0,12,6000,Vegas Golden Knights,Colorado Avalanche,2026-05-26,0
Colorado Avalanche,8476455,Gabriel Landeskog,SOG,0.0,263,6000,Vegas Golden Knights,Colorado Avalanche,2026-05-26,0
Vegas Golden Knights,8479353,Brett Howden,ASSISTS,1.0,881,6000,Vegas Golden Knights,Colorado Avalanche,2026-05-26,0
Colorado Avalanche,8476967,Brett Kulak,SOG,4.0,148,6000,Vegas Golden Knights,Colorado Avalanche,2026-05-26,0
Vegas Golden Knights,8479639,Dylan Coghlan,BLOCKS,4.0,29,6000,Vegas Golden Knights,Colorado Avalanche,2026-05-26,0
Colorado Avalanche,8479525,Ross Colton,POINTS,2.0,169,6000,Vegas Golden Knights,Colorado Avalanche,2026-05-26,0
Vegas Golden Knights,8477447,Shea Theodore,SOG,6.0,177,6000,Vegas Golden Knights,Colorado Avalanche,2026-05-26,0
Vegas Golden Knights,8478396,Noah Hanifin,BLOCKS,6.0,76,6000,Vegas Golden Knights,Colorado Avalanche,2026-05-26,0
Colorado Avalanche,8478406,Mackenzie Blackwood,SAVES,15.3,155,6000,Vegas Golden Knights,Colorado Avalanche,2026-05-26,0
Colorado Avalanche,8476455,Gabriel Landeskog,BLOCKS,5.0,55,6000,Vegas Golden Knights,Colorado Avalanche,2026-05-26,0
Colorado Avalanche,8475172,Nazem Kadri,GOALS,2.0,32,6000,Vegas Golden Knights,Colorado Avalanche,2026-05-26,0
Vegas Golden Knights,8478403,Jack Eichel,SOG,7.0,127,6000,Vegas Golden Knights,Colorado Avalanche,2026-05-26,0
Colorado Avalanche,8480069,Cale Makar,BLOCKS,5.0,128,6000,Vegas Golden Knights,Colorado Avalanche,2026-05-26,0
Colorado Avalanche,8470613,Brent Burns,SOG,4.0,203,6000,Vegas Golden Knights,Colorado Avalanche,2026-05-26,0
Vegas Golden Knights,8479353,Brett Howden,BLOCKS,2.0,216,6000,Vegas Golden Knights,Colorado Avalanche,2026-05-26,0
Vegas Golden Knights,8475188,Brayden McNabb,BLOCKS,4.0,372,6000,Vegas Golden Knights,Colorado Avalanche,2026-05-26,0
Colorado Avalanche,8484258,Sam Malinski,SOG,4.0,531,6000,Vegas Golden Knights,Colorado Avalanche,2026-05-26,0
Vegas Golden Knights,8481534,Raphael Lavoie,SOG,4.0,145,6000,Vegas Golden Knights,Colorado Avalanche,2026-05-26,0
Vegas Golden Knights,8478468,Jeremy Lauzon,GOALS,1.0,269,6000,Vegas Golden Knights,Colorado Avalanche,2026-05-26,0
Vegas Golden Knights,8478468,Jeremy Lauzon,SOG,4.0,189,6000,Vegas Golden Knights,Colorado Avalanche,2026-05-26,0
Colorado Avalanche,8477492,Nathan MacKinnon,SOG,7.0,367,6000,Vegas Golden Knights,Colorado Avalanche,2026-05-26,0
Vegas Golden Knights,8477447,Shea Theodore,SOG,5.0,392,6000,Vegas Golden Knights,Colorado Avalanche,2026-05-26,0
Vegas Golden Knights,8478396,Noah Hanifin,BLOCKS,5.0,191,6000,Vegas Golden Knights,Colorado Avalanche,2026-05-26,0
Colorado Avalanche,8478038,Devon Toews,POINTS,2.0,456,6000,Vegas Golden Knights,Colorado Avalanche,2026-05-26,0
Vegas Golden Knights,8479394,Carter Hart,SAVES,22.1,270,6000,Vegas Golden Knights,Colorado Avalanche,2026-05-26,0
Vegas Golden Knights,8481534,Raphael Lavoie,BLOCKS,3.0,68,6000,Vegas Golden Knights,Colorado Avalanche,2026-05-26,0
Vegas Golden Knights,8478483,Mitch Marner,GOALS,2.0,478,6000,Vegas Golden Knights,Colorado Avalanche,2026-05-26,0
Vegas Golden Knights,8479394,Carter Hart,SAVES,28.9,370,6000,Vegas Golden Knights,Colorado Avalanche,2026-05-26,0
Vegas Golden Knights,8475188,Brayden McNabb,BLOCKS,7.0,9,6000,Vegas Golden Knights,Colorado Avalanche,2026-05-26,0
Colorado Avalanche,8480835,Jack Drury,BLOCKS,2.0,153,6000,Vegas Golden Knights,Colorado Avalanche,2026-05-26,0
Vegas Golden Knights,8475913,Mark Stone,BLOCKS,3.0,148,6000,Vegas Golden Knights,Colorado Avalanche,2026-05-26,0
Vegas Golden Knights,8477447,Shea Theodore,BLOCKS,6.0,244,6000,Vegas Golden Knights,Colorado Avalanche,2026-05-26,0
Colorado Avalanche,8478406,Mackenzie Blackwood,SAVES,32.3,37,6000,Vegas Golden Knights,Colorado Avalanche,2026-05-26,0
Colorado Avalanche,8477476,Artturi Lehkonen,BLOCKS,4.0,24,6000,Vegas Golden Knights,Colorado Avalanche,2026-05-26,0
Colorado Avalanche,8477501,Valeri Nichushkin,BLOCKS,3.0,64,6000,Vegas Golden Knights,Colorado Avalanche,2026-05-26,0
Vegas Golden Knights,8479639,Dylan Coghlan,BLOCKS,3.0,170,6000,Vegas Golden Knights,Colorado Avalanche,2026-05-26,0
Vegas Golden Knights,8481604,Pavel Dorofeyev,SOG,6.0,58,6000,Vegas Golden Knights,Colorado Avalanche,2026-05-26,0
Vegas Golden Knights,8478396,Noah Hanifin,SOG,6.0,26,6000,Vegas Golden Knights,Colorado Avalanche,2026-05-26,0
Vegas Golden Knights,8483890,Braeden Bowman,SOG,5.0,35,6000,Vegas Golden Knights,Colorado Avalanche,2026-05-26,0
Colorado Avalanche,8475172,Nazem Kadri,POINTS,3.0,24,6000,Vegas Golden Knights,Colorado Avalanche,2026-05-26,0
Colorado Avalanche,8475172,Nazem Kadri,BLOCKS,2.0,149,6000,Vegas Golden Knights,Colorado Avalanche,2026-05-26,0
Colorado Avalanche,8478038,Devon Toews,ASSISTS,2.0,203,6000,Vegas Golden Knights,Colorado Avalanche,2026-05-26,0
Colorado Avalanche,8480069,Cale Makar,ASSISTS,2.0,374,6000,Vegas Golden Knights,Colorado Avalanche,2026-05-26,0
Vegas Golden Knights,8479394,Carter Hart,SAVES,28.05,339,6000,Vegas Golden Knights,Colorado Avalanche,2026-05-26,0
Vegas Golden Knights,8475913,Mark Stone,POINTS,3.0,155,6000,Vegas Golden Knights,Colorado Avalanche,2026-05-26,0
Vegas Golden Knights,8481604,Pavel Dorofeyev,ASSISTS,2.0,141,6000,Vegas Golden Knights,Colorado Avalanche,2026-05-26,0
Vegas Golden Knights,8484803,Trevor Connelly,ASSISTS,2.0,123,6000,Vegas Golden Knights,Colorado Avalanche,2026-05-26,0
Vegas Golden Knights,8484803,Trevor Connelly,POINTS,3.0,52,6000,Vegas Golden Knights,Colorado Avalanche,2026-05-26,0
Vegas Golden Knights,8475188,Brayden McNabb,POINTS,3.0,58,6000,Vegas Golden Knights,Colorado Avalanche,2026-05-26,0
Vegas Golden Knights,8482125,Alexander Holtz,POINTS,3.0,43,6000,Vegas Golden Knights,Colorado Avalanche,2026-05-26,0
Vegas Golden Knights,8481534,Raphael Lavoie,GOALS,2.0,78,6000,Vegas Golden Knights,Colorado Avalanche,2026-05-26,0
Colorado Avalanche,8476455,Gabriel Landeskog,SOG,9.0,32,6000,Vegas Golden Knights,Colorado Avalanche,2026-05-26,0
Colorado Avalanche,8480448,Parker Kelly,GOALS,2.0,55,6000,Vegas Golden Knights,Colorado Avalanche,2026-05-26,0
Vegas Golden Knights,8478483,Mitch Marner,SOG,6.0,208,6000,Vegas Golden Knights,Colorado Avalanche,2026-05-26,0
Vegas Golden Knights,8479394,Carter Hart,SAVES,32.3,246,6000,Vegas Golden Knights,Colorado Avalanche,2026-05-26,0
Colorado Avalanche,8476455,Gabriel Landeskog,POINTS,3.0,176,6000,Vegas Golden Knights,Colorado Avalanche,2026-05-26,0
Vegas Golden Knights,8475913,Mark Stone,GOALS,3.0,20,6000,Vegas Golden Knights,Colorado Avalanche,2026-05-26,0
Colorado Avalanche,8478406,Mackenzie Blackwood,SAVES,11.9,30,6000,Vegas Golden Knights,Colorado Avalanche,2026-05-26,0
Colorado Avalanche,8480039,Martin Necas,POINTS,3.0,158,6000,Vegas Golden Knights,Colorado Avalanche,2026-05-26,0
Vegas Golden Knights,8478397,Rasmus Andersson,SOG,5.0,48,6000,Vegas Golden Knights,Colorado Avalanche,2026-05-26,0
Vegas Golden Knights,8477964,Ivan Barbashev,POINTS,3.0,44,6000,Vegas Golden Knights,Colorado Avalanche,2026-05-26,0
Vegas Golden Knights,8479353,Brett Howden,SOG,5.0,137,6000,Vegas Golden Knights,Colorado Avalanche,2026-05-26,0
Vegas Golden Knights,8476448,William Karlsson,ASSISTS,4.0,4,6000,Vegas Golden Knights,Colorado Avalanche,2026-05-26,0
Vegas Golden Knights,8476448,William Karlsson,POINTS,4.0,7,6000,Vegas Golden Knights,Colorado Avalanche,2026-05-26,0
Colorado Avalanche,8477476,Artturi Lehkonen,POINTS,3.0,78,6000,Vegas Golden Knights,Colorado Avalanche,2026-05-26,0
Colorado Avalanche,8477501,Valeri Nichushkin,POINTS,3.0,43,6000,Vegas Golden Knights,Colorado Avalanche,2026-05-26,0
Colorado Avalanche,8484258,Sam Malinski,ASSISTS,2.0,204,6000,Vegas Golden Knights,Colorado Avalanche,2026-05-26,0
Vegas Golden Knights,8479550,Tanner Laczynski,SOG,5.0,43,6000,Vegas Golden Knights,Colorado Avalanche,2026-05-26,0
Colorado Avalanche,8470613,Brent Burns,BLOCKS,3.0,272,6000,Vegas Golden Knights,Colorado Avalanche,2026-05-26,0
Vegas Golden Knights,8481534,Raphael Lavoie,SOG,5.0,45,6000,Vegas Golden Knights,Colorado Avalanche,2026-05-26,0
Colorado Avalanche,8478038,Devon Toews,SOG,5.0,118,6000,Vegas Golden Knights,Colorado Avalanche,2026-05-26,0
Vegas Golden Knights,8479550,Tanner Laczynski,BLOCKS,3.0,81,6000,Vegas Golden Knights,Colorado Avalanche,2026-05-26,0
Colorado Avalanche,8470613,Brent Burns,BLOCKS,4.0,68,6000,Vegas Golden Knights,Colorado Avalanche,2026-05-26,0
Colorado Avalanche,8475754,Brock Nelson,GOALS,2.0,62,6000,Vegas Golden Knights,Colorado Avalanche,2026-05-26,0
Colorado Avalanche,8481186,Logan O'Connor,SOG,5.0,39,6000,Vegas Golden Knights,Colorado Avalanche,2026-05-26,0
Colorado Avalanche,8484258,Sam Malinski,SOG,5.0,215,6000,Vegas Golden Knights,Colorado Avalanche,2026-05-26,0
Vegas Golden Knights,8478468,Jeremy Lauzon,ASSISTS,2.0,159,6000,Vegas Golden Knights,Colorado Avalanche,2026-05-26,0
Vegas Golden Knights,8478468,Jeremy Lauzon,POINTS,2.0,212,6000,Vegas Golden Knights,Colorado Avalanche,2026-05-26,0
Vegas Golden Knights,8483890,Braeden Bowman,GOALS,2.0,104,6000,Vegas Golden Knights,Colorado Avalanche,2026-05-26,0
Vegas Golden Knights,8475188,Brayden McNabb,BLOCKS,6.0,33,6000,Vegas Golden Knights,Colorado Avalanche,2026-05-26,0
Colorado Avalanche,8480448,Parker Kelly,BLOCKS,3.0,98,6000,Vegas Golden Knights,Colorado Avalanche,2026-05-26,0
Vegas Golden Knights,8482125,Alexander Holtz,POINTS,4.0,5,6000,Vegas Golden Knights,Colorado Avalanche,2026-05-26,0
Vegas Golden Knights,8479550,Tanner Laczynski,POINTS,3.0,41,6000,Vegas Golden Knights,Colorado Avalanche,2026-05-26,0
Vegas Golden Knights,8481534,Raphael Lavoie,ASSISTS,3.0,11,6000,Vegas Golden Knights,Colorado Avalanche,2026-05-26,0
Vegas Golden Knights,8481534,Raphael Lavoie,POINTS,3.0,34,6000,Vegas Golden Knights,Colorado Avalanche,2026-05-26,0
Vegas Golden Knights,8482125,Alexander Holtz,SOG,4.0,182,6000,Vegas Golden Knights,Colorado Avalanche,2026-05-26,0
Vegas Golden Knights,8483890,Braeden Bowman,BLOCKS,3.0,79,6000,Vegas Golden Knights,Colorado Avalanche,2026-05-26,0
Colorado Avalanche,8478406,Mackenzie Blackwood,SAVES,31.45,53,6000,Vegas Golden Knights,Colorado Avalanche,2026-05-26,0
Colorado Avalanche,8476967,Brett Kulak,ASSISTS,2.0,122,6000,Vegas Golden Knights,Colorado Avalanche,2026-05-26,0
Colorado Avalanche,8476967,Brett Kulak,POINTS,2.0,222,6000,Vegas Golden Knights,Colorado Avalanche,2026-05-26,0
Colorado Avalanche,8484258,Sam Malinski,BLOCKS,4.0,58,6000,Vegas Golden Knights,Colorado Avalanche,2026-05-26,0
Colorado Avalanche,8480835,Jack Drury,GOALS,2.0,60,6000,Vegas Golden Knights,Colorado Avalanche,2026-05-26,0
Colorado Avalanche,8480835,Jack Drury,POINTS,3.0,15,6000,Vegas Golden Knights,Colorado Avalanche,2026-05-26,0
Vegas Golden Knights,8475913,Mark Stone,BLOCKS,4.0,29,6000,Vegas Golden Knights,Colorado Avalanche,2026-05-26,0
Colorado Avalanche,8476455,Gabriel Landeskog,GOALS,2.0,195,6000,Vegas Golden Knights,Colorado Avalanche,2026-05-26,0
Colorado Avalanche,8478406,Mackenzie Blackwood,SAVES,14.45,127,6000,Vegas Golden Knights,Colorado Avalanche,2026-05-26,0
Vegas Golden Knights,8475188,Brayden McNabb,BLOCKS,5.0,139,6000,Vegas Golden Knights,Colorado Avalanche,2026-05-26,0
Colorado Avalanche,8478038,Devon Toews,BLOCKS,5.0,79,6000,Vegas Golden Knights,Colorado Avalanche,2026-05-26,0
Colorado Avalanche,8477492,Nathan MacKinnon,SOG,8.0,169,6000,Vegas Golden Knights,Colorado Avalanche,2026-05-26,0
Vegas Golden Knights,8477447,Shea Theodore,BLOCKS,9.0,9,6000,Vegas Golden Knights,Colorado Avalanche,2026-05-26,0
Colorado Avalanche,8478406,Mackenzie Blackwood,SAVES,16.15,234,6000,Vegas Golden Knights,Colorado Avalanche,2026-05-26,0
Colorado Avalanche,8480448,Parker Kelly,SOG,5.0,31,6000,Vegas Golden Knights,Colorado Avalanche,2026-05-26,0
Vegas Golden Knights,8478468,Jeremy Lauzon,BLOCKS,4.0,90,6000,Vegas Golden Knights,Colorado Avalanche,2026-05-26,0
Colorado Avalanche,8477476,Artturi Lehkonen,SOG,6.0,84,6000,Vegas Golden Knights,Colorado Avalanche,2026-05-26,0
Vegas Golden Knights,8479394,Carter Hart,SAVES,40.8,16,6000,Vegas Golden Knights,Colorado Avalanche,2026-05-26,0
Colorado Avalanche,8479525,Ross Colton,SOG,9.0,1,6000,Vegas Golden Knights,Colorado Avalanche,2026-05-26,0
Vegas Golden Knights,8479394,Carter Hart,SAVES,35.7,97,6000,Vegas Golden Knights,Colorado Avalanche,2026-05-26,0
Vegas Golden Knights,8481604,Pavel Dorofeyev,GOALS,2.0,150,6000,Vegas Golden Knights,Colorado Avalanche,2026-05-26,0
Vegas Golden Knights,8481604,Pavel Dorofeyev,POINTS,3.0,75,6000,Vegas Golden Knights,Colorado Avalanche,2026-05-26,0
Vegas Golden Knights,8484803,Trevor Connelly,SOG,5.0,26,6000,Vegas Golden Knights,Colorado Avalanche,2026-05-26,0
Colorado Avalanche,8476312,Josh Manson,SOG,4.0,293,6000,Vegas Golden Knights,Colorado Avalanche,2026-05-26,0
Colorado Avalanche,8479525,Ross Colton,SOG,4.0,244,6000,Vegas Golden Knights,Colorado Avalanche,2026-05-26,0
Colorado Avalanche,8479525,Ross Colton,ASSISTS,2.0,94,6000,Vegas Golden Knights,Colorado Avalanche,2026-05-26,0
Colorado Avalanche,8480835,Jack Drury,SOG,4.0,99,6000,Vegas Golden Knights,Colorado Avalanche,2026-05-26,0
Vegas Golden Knights,8479394,Carter Hart,SAVES,31.45,251,6000,Vegas Golden Knights,Colorado Avalanche,2026-05-26,0
Vegas Golden Knights,8476448,William Karlsson,ASSISTS,2.0,191,6000,Vegas Golden Knights,Colorado Avalanche,2026-05-26,0
Colorado Avalanche,8478038,Devon Toews,GOALS,2.0,75,6000,Vegas Golden Knights,Colorado Avalanche,2026-05-26,0
Colorado Avalanche,8478406,Mackenzie Blackwood,SAVES,26.35,296,6000,Vegas Golden Knights,Colorado Avalanche,2026-05-26,0
Colorado Avalanche,8478462,Nicolas Roy,ASSISTS,2.0,54,6000,Vegas Golden Knights,Colorado Avalanche,2026-05-26,0
Colorado Avalanche,8478462,Nicolas Roy,POINTS,4.0,6,6000,Vegas Golden Knights,Colorado Avalanche,2026-05-26,0
Colorado Avalanche,8481186,Logan O'Connor,ASSISTS,4.0,1,6000,Vegas Golden Knights,Colorado Avalanche,2026-05-26,0
Colorado Avalanche,8481186,Logan O'Connor,POINTS,4.0,4,6000,Vegas Golden Knights,Colorado Avalanche,2026-05-26,0
Colorado Avalanche,8480069,Cale Makar,SOG,7.0,105,6000,Vegas Golden Knights,Colorado Avalanche,2026-05-26,0
Vegas Golden Knights,8476448,William Karlsson,BLOCKS,3.0,241,6000,Vegas Golden Knights,Colorado Avalanche,2026-05-26,0
Colorado Avalanche,8476455,Gabriel Landeskog,ASSISTS,3.0,50,6000,Vegas Golden Knights,Colorado Avalanche,2026-05-26,0
Vegas Golden Knights,8484803,Trevor Connelly,SOG,4.0,138,6000,Vegas Golden Knights,Colorado Avalanche,2026-05-26,0
Colorado Avalanche,8480448,Parker Kelly,POINTS,3.0,18,6000,Vegas Golden Knights,Colorado Avalanche,2026-05-26,0
Colorado Avalanche,8475754,Brock Nelson,SOG,5.0,267,6000,Vegas Golden Knights,Colorado Avalanche,2026-05-26,0
Vegas Golden Knights,8478483,Mitch Marner,POINTS,4.0,50,6000,Vegas Golden Knights,Colorado Avalanche,2026-05-26,0
Vegas Golden Knights,8478396,Noah Hanifin,ASSISTS,3.0,34,6000,Vegas Golden Knights,Colorado Avalanche,2026-05-26,0
Vegas Golden Knights,8478396,Noah Hanifin,POINTS,3.0,47,6000,Vegas Golden Knights,Colorado Avalanche,2026-05-26,0
Colorado Avalanche,8478462,Nicolas Roy,SOG,5.0,46,6000,Vegas Golden Knights,Colorado Avalanche,2026-05-26,0
Vegas Golden Knights,8479639,Dylan Coghlan,SOG,5.0,27,6000,Vegas Golden Knights,Colorado Avalanche,2026-05-26,0
Vegas Golden Knights,8477964,Ivan Barbashev,BLOCKS,3.0,74,6000,Vegas Golden Knights,Colorado Avalanche,2026-05-26,0
Vegas Golden Knights,8478483,Mitch Marner,BLOCKS,5.0,3,6000,Vegas Golden Knights,Colorado Avalanche,2026-05-26,0
Vegas Golden Knights,8478468,Jeremy Lauzon,SOG,5.0,53,6000,Vegas Golden Knights,Colorado Avalanche,2026-05-26,0
Colorado Avalanche,8477476,Artturi Lehkonen,SOG,7.0,33,6000,Vegas Golden Knights,Colorado Avalanche,2026-05-26,0
Colorado Avalanche,8477492,Nathan MacKinnon,BLOCKS,4.0,9,6000,Vegas Golden Knights,Colorado Avalanche,2026-05-26,0
Colorado Avalanche,8478038,Devon Toews,POINTS,3.0,73,6000,Vegas Golden Knights,Colorado Avalanche,2026-05-26,0
Colorado Avalanche,8478406,Mackenzie Blackwood,SAVES,34.0,14,6000,Vegas Golden Knights,Colorado Avalanche,2026-05-26,0
Vegas Golden Knights,8476448,William Karlsson,SOG,5.0,41,6000,Vegas Golden Knights,Colorado Avalanche,2026-05-26,0
Colorado Avalanche,8477501,Valeri Nichushkin,SOG,6.0,50,6000,Vegas Golden Knights,Colorado Avalanche,2026-05-26,0
Colorado Avalanche,8478462,Nicolas Roy,POINTS,3.0,28,6000,Vegas Golden Knights,Colorado Avalanche,2026-05-26,0
Colorado Avalanche,8480069,Cale Makar,SOG,8.0,43,6000,Vegas Golden Knights,Colorado Avalanche,2026-05-26,0
Vegas Golden Knights,8479394,Carter Hart,SAVES,33.15,183,6000,Vegas Golden Knights,Colorado Avalanche,2026-05-26,0
Vegas Golden Knights,8478403,Jack Eichel,ASSISTS,4.0,10,6000,Vegas Golden Knights,Colorado Avalanche,2026-05-26,0
Vegas Golden Knights,8478403,Jack Eichel,POINTS,4.0,19,6000,Vegas Golden Knights,Colorado Avalanche,2026-05-26,0
Vegas Golden Knights,8478483,Mitch Marner,ASSISTS,4.0,2,6000,Vegas Golden Knights,Colorado Avalanche,2026-05-26,0
Vegas Golden Knights,8478483,Mitch Marner,POINTS,5.0,5,6000,Vegas Golden Knights,Colorado Avalanche,2026-05-26,0
Vegas Golden Knights,8478468,Jeremy Lauzon,SOG,7.0,3,6000,Vegas Golden Knights,Colorado Avalanche,2026-05-26,0
Colorado Avalanche,8470613,Brent Burns,POINTS,3.0,16,6000,Vegas Golden Knights,Colorado Avalanche,2026-05-26,0
Colorado Avalanche,8481186,Logan O'Connor,POINTS,3.0,15,6000,Vegas Golden Knights,Colorado Avalanche,2026-05-26,0
Vegas Golden Knights,8479550,Tanner Laczynski,ASSISTS,3.0,6,6000,Vegas Golden Knights,Colorado Avalanche,2026-05-26,0
Colorado Avalanche,8479525,Ross Colton,SOG,5.0,75,6000,Vegas Golden Knights,Colorado Avalanche,2026-05-26,0
Vegas Golden Knights,8479550,Tanner Laczynski,BLOCKS,4.0,12,6000,Vegas Golden Knights,Colorado Avalanche,2026-05-26,0
Vegas Golden Knights,8478483,Mitch Marner,BLOCKS,4.0,14,6000,Vegas Golden Knights,Colorado Avalanche,2026-05-26,0
Vegas Golden Knights,8479353,Brett Howden,GOALS,3.0,73,6000,Vegas Golden Knights,Colorado Avalanche,2026-05-26,0
Vegas Golden Knights,8479353,Brett Howden,POINTS,3.0,151,6000,Vegas Golden Knights,Colorado Avalanche,2026-05-26,0
Vegas Golden Knights,8479394,Carter Hart,SAVES,17.85,60,6000,Vegas Golden Knights,Colorado Avalanche,2026-05-26,0
Vegas Golden Knights,8478396,Noah Hanifin,BLOCKS,7.0,20,6000,Vegas Golden Knights,Colorado Avalanche,2026-05-26,0
Vegas Golden Knights,8478468,Jeremy Lauzon,BLOCKS,5.0,27,6000,Vegas Golden Knights,Colorado Avalanche,2026-05-26,0
Colorado Avalanche,8475172,Nazem Kadri,SOG,6.0,75,6000,Vegas Golden Knights,Colorado Avalanche,2026-05-26,0
Colorado Avalanche,8475754,Brock Nelson,ASSISTS,3.0,24,6000,Vegas Golden Knights,Colorado Avalanche,2026-05-26,0
Colorado Avalanche,8475754,Brock Nelson,POINTS,4.0,3,6000,Vegas Golden Knights,Colorado Avalanche,2026-05-26,0
Colorado Avalanche,8477476,Artturi Lehkonen,POINTS,4.0,15,6000,Vegas Golden Knights,Colorado Avalanche,2026-05-26,0
Colorado Avalanche,8476967,Brett Kulak,BLOCKS,6.0,14,6000,Vegas Golden Knights,Colorado Avalanche,2026-05-26,0
Vegas Golden Knights,8479353,Brett Howden,SOG,7.0,14,6000,Vegas Golden Knights,Colorado Avalanche,2026-05-26,0
Vegas Golden Knights,8481534,Raphael Lavoie,SOG,6.0,14,6000,Vegas Golden Knights,Colorado Avalanche,2026-05-26,0
Colorado Avalanche,8484258,Sam Malinski,SOG,7.0,24,6000,Vegas Golden Knights,Colorado Avalanche,2026-05-26,0
Colorado Avalanche,8479525,Ross Colton,SOG,6.0,13,6000,Vegas Golden Knights,Colorado Avalanche,2026-05-26,0
Vegas Golden Knights,8476448,William Karlsson,BLOCKS,4.0,60,6000,Vegas Golden Knights,Colorado Avalanche,2026-05-26,0
Vegas Golden Knights,8478397,Rasmus Andersson,ASSISTS,3.0,26,6000,Vegas Golden Knights,Colorado Avalanche,2026-05-26,0
Vegas Golden Knights,8478397,Rasmus Andersson,POINTS,3.0,38,6000,Vegas Golden Knights,Colorado Avalanche,2026-05-26,0
Colorado Avalanche,8478406,Mackenzie Blackwood,SAVES,13.6,93,6000,Vegas Golden Knights,Colorado Avalanche,2026-05-26,0
Vegas Golden Knights,8477447,Shea Theodore,SOG,7.0,78,6000,Vegas Golden Knights,Colorado Avalanche,2026-05-26,0
Vegas Golden Knights,8477447,Shea Theodore,BLOCKS,8.0,39,6000,Vegas Golden Knights,Colorado Avalanche,2026-05-26,0
Colorado Avalanche,8477492,Nathan MacKinnon,SOG,10.0,44,6000,Vegas Golden Knights,Colorado Avalanche,2026-05-26,0
Vegas Golden Knights,8475188,Brayden McNabb,SOG,7.0,8,6000,Vegas Golden Knights,Colorado Avalanche,2026-05-26,0
Vegas Golden Knights,8475188,Brayden McNabb,ASSISTS,3.0,32,6000,Vegas Golden Knights,Colorado Avalanche,2026-05-26,0
Vegas Golden Knights,8481604,Pavel Dorofeyev,ASSISTS,3.0,13,6000,Vegas Golden Knights,Colorado Avalanche,2026-05-26,0
Colorado Avalanche,8470613,Brent Burns,ASSISTS,3.0,10,6000,Vegas Golden Knights,Colorado Avalanche,2026-05-26,0
Colorado Avalanche,8478406,Mackenzie Blackwood,SAVES,11.05,18,6000,Vegas Golden Knights,Colorado Avalanche,2026-05-26,0
Vegas Golden Knights,8476448,William Karlsson,SOG,7.0,4,6000,Vegas Golden Knights,Colorado Avalanche,2026-05-26,0
Colorado Avalanche,8476455,Gabriel Landeskog,BLOCKS,6.0,20,6000,Vegas Golden Knights,Colorado Avalanche,2026-05-26,0
Vegas Golden Knights,8483890,Braeden Bowman,ASSISTS,3.0,7,6000,Vegas Golden Knights,Colorado Avalanche,2026-05-26,0
Vegas Golden Knights,8477964,Ivan Barbashev,SOG,6.0,25,6000,Vegas Golden Knights,Colorado Avalanche,2026-05-26,0
Colorado Avalanche,8480069,Cale Makar,POINTS,4.0,26,6000,Vegas Golden Knights,Colorado Avalanche,2026-05-26,0
Colorado Avalanche,8477492,Nathan MacKinnon,GOALS,3.0,47,6000,Vegas Golden Knights,Colorado Avalanche,2026-05-26,0
Vegas Golden Knights,8482125,Alexander Holtz,SOG,6.0,9,6000,Vegas Golden Knights,Colorado Avalanche,2026-05-26,0
Vegas Golden Knights,8478483,Mitch Marner,SOG,7.0,80,6000,Vegas Golden Knights,Colorado Avalanche,2026-05-26,0
Vegas Golden Knights,8483890,Braeden Bowman,BLOCKS,4.0,14,6000,Vegas Golden Knights,Colorado Avalanche,2026-05-26,0
Vegas Golden Knights,8479550,Tanner Laczynski,POINTS,4.0,6,6000,Vegas Golden Knights,Colorado Avalanche,2026-05-26,0
Colorado Avalanche,8470613,Brent Burns,SOG,6.0,14,6000,Vegas Golden Knights,Colorado Avalanche,2026-05-26,0
Colorado Avalanche,8480039,Martin Necas,GOALS,2.0,22,6000,Vegas Golden Knights,Colorado Avalanche,2026-05-26,0
Colorado Avalanche,8481186,Logan O'Connor,SOG,7.0,3,6000,Vegas Golden Knights,Colorado Avalanche,2026-05-26,0
Colorado Avalanche,8481186,Logan O'Connor,GOALS,2.0,21,6000,Vegas Golden Knights,Colorado Avalanche,2026-05-26,0
Vegas Golden Knights,8481604,Pavel Dorofeyev,SOG,7.0,19,6000,Vegas Golden Knights,Colorado Avalanche,2026-05-26,0
Vegas Golden Knights,8479394,Carter Hart,SAVES,17.0,59,6000,Vegas Golden Knights,Colorado Avalanche,2026-05-26,0
Colorado Avalanche,8475754,Brock Nelson,BLOCKS,5.0,5,6000,Vegas Golden Knights,Colorado Avalanche,2026-05-26,0
Colorado Avalanche,8475754,Brock Nelson,SOG,8.0,5,6000,Vegas Golden Knights,Colorado Avalanche,2026-05-26,0
Colorado Avalanche,8480039,Martin Necas,SOG,8.0,79,6000,Vegas Golden Knights,Colorado Avalanche,2026-05-26,0
Colorado Avalanche,8479525,Ross Colton,GOALS,2.0,16,6000,Vegas Golden Knights,Colorado Avalanche,2026-05-26,0
Colorado Avalanche,8479525,Ross Colton,POINTS,3.0,14,6000,Vegas Golden Knights,Colorado Avalanche,2026-05-26,0
Vegas Golden Knights,8478396,Noah Hanifin,SOG,5.0,84,6000,Vegas Golden Knights,Colorado Avalanche,2026-05-26,0
Vegas Golden Knights,8483890,Braeden Bowman,SOG,6.0,11,6000,Vegas Golden Knights,Colorado Avalanche,2026-05-26,0
Colorado Avalanche,8484258,Sam Malinski,POINTS,3.0,33,6000,Vegas Golden Knights,Colorado Avalanche,2026-05-26,0
Vegas Golden Knights,8478483,Mitch Marner,ASSISTS,3.0,23,6000,Vegas Golden Knights,Colorado Avalanche,2026-05-26,0
Vegas Golden Knights,8479394,Carter Hart,SAVES,43.35,6,6000,Vegas Golden Knights,Colorado Avalanche,2026-05-26,0
Vegas Golden Knights,8479353,Brett Howden,ASSISTS,2.0,73,6000,Vegas Golden Knights,Colorado Avalanche,2026-05-26,0
Vegas Golden Knights,8475913,Mark Stone,ASSISTS,3.0,38,6000,Vegas Golden Knights,Colorado Avalanche,2026-05-26,0
Colorado Avalanche,8470613,Brent Burns,GOALS,2.0,8,6000,Vegas Golden Knights,Colorado Avalanche,2026-05-26,0
Vegas Golden Knights,8482125,Alexander Holtz,SOG,5.0,55,6000,Vegas Golden Knights,Colorado Avalanche,2026-05-26,0
Colorado Avalanche,8477492,Nathan MacKinnon,POINTS,4.0,53,6000,Vegas Golden Knights,Colorado Avalanche,2026-05-26,0
Colorado Avalanche,8476455,Gabriel Landeskog,POINTS,5.0,4,6000,Vegas Golden Knights,Colorado Avalanche,2026-05-26,0
Colorado Avalanche,8480069,Cale Makar,ASSISTS,3.0,51,6000,Vegas Golden Knights,Colorado Avalanche,2026-05-26,0
Vegas Golden Knights,8476448,William Karlsson,POINTS,3.0,35,6000,Vegas Golden Knights,Colorado Avalanche,2026-05-26,0
Colorado Avalanche,8470613,Brent Burns,SOG,5.0,65,6000,Vegas Golden Knights,Colorado Avalanche,2026-05-26,0
Vegas Golden Knights,8479394,Carter Hart,SAVES,13.6,9,6000,Vegas Golden Knights,Colorado Avalanche,2026-05-26,0
Colorado Avalanche,8478462,Nicolas Roy,BLOCKS,5.0,7,6000,Vegas Golden Knights,Colorado Avalanche,2026-05-26,0
Vegas Golden Knights,8479394,Carter Hart,SAVES,39.95,21,6000,Vegas Golden Knights,Colorado Avalanche,2026-05-26,0
Vegas Golden Knights,8482125,Alexander Holtz,BLOCKS,3.0,76,6000,Vegas Golden Knights,Colorado Avalanche,2026-05-26,0
Colorado Avalanche,8477492,Nathan MacKinnon,ASSISTS,3.0,40,6000,Vegas Golden Knights,Colorado Avalanche,2026-05-26,0
Vegas Golden Knights,8475188,Brayden McNabb,SOG,6.0,28,6000,Vegas Golden Knights,Colorado Avalanche,2026-05-26,0
Colorado Avalanche,8480069,Cale Makar,SOG,9.0,13,6000,Vegas Golden Knights,Colorado Avalanche,2026-05-26,0
Colorado Avalanche,8480069,Cale Makar,GOALS,3.0,17,6000,Vegas Golden Knights,Colorado Avalanche,2026-05-26,0
Colorado Avalanche,8477492,Nathan MacKinnon,GOALS,4.0,8,6000,Vegas Golden Knights,Colorado Avalanche,2026-05-26,0
Vegas Golden Knights,8484803,Trevor Connelly,BLOCKS,3.0,70,6000,Vegas Golden Knights,Colorado Avalanche,2026-05-26,0
Vegas Golden Knights,8477447,Shea Theodore,SOG,8.0,20,6000,Vegas Golden Knights,Colorado Avalanche,2026-05-26,0
Colorado Avalanche,8480069,Cale Makar,BLOCKS,6.0,31,6000,Vegas Golden Knights,Colorado Avalanche,2026-05-26,0
Vegas Golden Knights,8479394,Carter Hart,SAVES,36.55,82,6000,Vegas Golden Knights,Colorado Avalanche,2026-05-26,0
Colorado Avalanche,8475172,Nazem Kadri,SOG,7.0,15,6000,Vegas Golden Knights,Colorado Avalanche,2026-05-26,0
Vegas Golden Knights,8475913,Mark Stone,SOG,6.0,75,6000,Vegas Golden Knights,Colorado Avalanche,2026-05-26,0
Vegas Golden Knights,8479394,Carter Hart,SAVES,38.25,37,6000,Vegas Golden Knights,Colorado Avalanche,2026-05-26,0
Colorado Avalanche,8477492,Nathan MacKinnon,ASSISTS,4.0,2,6000,Vegas Golden Knights,Colorado Avalanche,2026-05-26,0
Colorado Avalanche,8477492,Nathan MacKinnon,POINTS,5.0,16,6000,Vegas Golden Knights,Colorado Avalanche,2026-05-26,0
Vegas Golden Knights,8478397,Rasmus Andersson,GOALS,2.0,14,6000,Vegas Golden Knights,Colorado Avalanche,2026-05-26,0
Colorado Avalanche,8481186,Logan O'Connor,SOG,6.0,9,6000,Vegas Golden Knights,Colorado Avalanche,2026-05-26,0
Colorado Avalanche,8484258,Sam Malinski,ASSISTS,3.0,16,6000,Vegas Golden Knights,Colorado Avalanche,2026-05-26,0
Colorado Avalanche,8478462,Nicolas Roy,GOALS,3.0,17,6000,Vegas Golden Knights,Colorado Avalanche,2026-05-26,0
Vegas Golden Knights,8478483,Mitch Marner,SOG,9.0,12,6000,Vegas Golden Knights,Colorado Avalanche,2026-05-26,0
Vegas Golden Knights,8476448,William Karlsson,BLOCKS,5.0,10,6000,Vegas Golden Knights,Colorado Avalanche,2026-05-26,0
Vegas Golden Knights,8482125,Alexander Holtz,BLOCKS,4.0,14,6000,Vegas Golden Knights,Colorado Avalanche,2026-05-26,0
Vegas Golden Knights,8478396,Noah Hanifin,GOALS,2.0,6,6000,Vegas Golden Knights,Colorado Avalanche,2026-05-26,0
Vegas Golden Knights,8479353,Brett Howden,POINTS,4.0,19,6000,Vegas Golden Knights,Colorado Avalanche,2026-05-26,0
Colorado Avalanche,8475172,Nazem Kadri,ASSISTS,4.0,1,6000,Vegas Golden Knights,Colorado Avalanche,2026-05-26,0
Colorado Avalanche,8475172,Nazem Kadri,POINTS,4.0,1,6000,Vegas Golden Knights,Colorado Avalanche,2026-05-26,0
Vegas Golden Knights,8478396,Noah Hanifin,BLOCKS,8.0,2,6000,Vegas Golden Knights,Colorado Avalanche,2026-05-26,0
Vegas Golden Knights,8479394,Carter Hart,SAVES,37.4,70,6000,Vegas Golden Knights,Colorado Avalanche,2026-05-26,0
Vegas Golden Knights,8479639,Dylan Coghlan,BLOCKS,5.0,4,6000,Vegas Golden Knights,Colorado Avalanche,2026-05-26,0
Colorado Avalanche,8478462,Nicolas Roy,BLOCKS,4.0,37,6000,Vegas Golden Knights,Colorado Avalanche,2026-05-26,0
Colorado Avalanche,8475172,Nazem Kadri,BLOCKS,3.0,12,6000,Vegas Golden Knights,Colorado Avalanche,2026-05-26,0
Colorado Avalanche,8476967,Brett Kulak,GOALS,2.0,16,6000,Vegas Golden Knights,Colorado Avalanche,2026-05-26,0
Colorado Avalanche,8477492,Nathan MacKinnon,SOG,11.0,9,6000,Vegas Golden Knights,Colorado Avalanche,2026-05-26,0
Colorado Avalanche,8475754,Brock Nelson,SOG,7.0,30,6000,Vegas Golden Knights,Colorado Avalanche,2026-05-26,0
Vegas Golden Knights,8479394,Carter Hart,SAVES,14.45,11,6000,Vegas Golden Knights,Colorado Avalanche,2026-05-26,0
Vegas Golden Knights,8477964,Ivan Barbashev,GOALS,2.0,24,6000,Vegas Golden Knights,Colorado Avalanche,2026-05-26,0
Colorado Avalanche,8476967,Brett Kulak,BLOCKS,5.0,41,6000,Vegas Golden Knights,Colorado Avalanche,2026-05-26,0
Colorado Avalanche,8478038,Devon Toews,BLOCKS,6.0,13,6000,Vegas Golden Knights,Colorado Avalanche,2026-05-26,0
Colorado Avalanche,8480835,Jack Drury,BLOCKS,3.0,14,6000,Vegas Golden Knights,Colorado Avalanche,2026-05-26,0
Colorado Avalanche,8476967,Brett Kulak,SOG,5.0,54,6000,Vegas Golden Knights,Colorado Avalanche,2026-05-26,0
Vegas Golden Knights,8477447,Shea Theodore,SOG,9.0,7,6000,Vegas Golden Knights,Colorado Avalanche,2026-05-26,0
Colorado Avalanche,8484258,Sam Malinski,SOG,6.0,66,6000,Vegas Golden Knights,Colorado Avalanche,2026-05-26,0
Colorado Avalanche,8478406,Mackenzie Blackwood,SAVES,10.2,10,6000,Vegas Golden Knights,Colorado Avalanche,2026-05-26,0
Vegas Golden Knights,8477447,Shea Theodore,GOALS,3.0,23,6000,Vegas Golden Knights,Colorado Avalanche,2026-05-26,0
Vegas Golden Knights,8477964,Ivan Barbashev,SOG,7.0,4,6000,Vegas Golden Knights,Colorado Avalanche,2026-05-26,0
Vegas Golden Knights,8479394,Carter Hart,SAVES,16.15,41,6000,Vegas Golden Knights,Colorado Avalanche,2026-05-26,0
Colorado Avalanche,8476967,Brett Kulak,POINTS,3.0,22,6000,Vegas Golden Knights,Colorado Avalanche,2026-05-26,0
Vegas Golden Knights,8481604,Pavel Dorofeyev,POINTS,5.0,2,6000,Vegas Golden Knights,Colorado Avalanche,2026-05-26,0
Vegas Golden Knights,8484803,Trevor Connelly,POINTS,4.0,4,6000,Vegas Golden Knights,Colorado Avalanche,2026-05-26,0
Vegas Golden Knights,8481604,Pavel Dorofeyev,POINTS,4.0,10,6000,Vegas Golden Knights,Colorado Avalanche,2026-05-26,0
Colorado Avalanche,8480039,Martin Necas,SOG,9.0,31,6000,Vegas Golden Knights,Colorado Avalanche,2026-05-26,0
Vegas Golden Knights,8484803,Trevor Connelly,BLOCKS,4.0,8,6000,Vegas Golden Knights,Colorado Avalanche,2026-05-26,0
Colorado Avalanche,8478406,Mackenzie Blackwood,SAVES,41.65,1,6000,Vegas Golden Knights,Colorado Avalanche,2026-05-26,0
Vegas Golden Knights,8478468,Jeremy Lauzon,ASSISTS,3.0,10,6000,Vegas Golden Knights,Colorado Avalanche,2026-05-26,0
Vegas Golden Knights,8478468,Jeremy Lauzon,POINTS,3.0,19,6000,Vegas Golden Knights,Colorado Avalanche,2026-05-26,0
Vegas Golden Knights,8479639,Dylan Coghlan,POINTS,3.0,23,6000,Vegas Golden Knights,Colorado Avalanche,2026-05-26,0
Vegas Golden Knights,8479394,Carter Hart,SAVES,15.3,21,6000,Vegas Golden Knights,Colorado Avalanche,2026-05-26,0
Vegas Golden Knights,8479394,Carter Hart,SAVES,42.5,3,6000,Vegas Golden Knights,Colorado Avalanche,2026-05-26,0
Colorado Avalanche,8480448,Parker Kelly,BLOCKS,4.0,9,6000,Vegas Golden Knights,Colorado Avalanche,2026-05-26,0
Colorado Avalanche,8479525,Ross Colton,ASSISTS,3.0,8,6000,Vegas Golden Knights,Colorado Avalanche,2026-05-26,0
Colorado Avalanche,8477501,Valeri Nichushkin,ASSISTS,3.0,10,6000,Vegas Golden Knights,Colorado Avalanche,2026-05-26,0
Vegas Golden Knights,8478396,Noah Hanifin,SOG,8.0,3,6000,Vegas Golden Knights,Colorado Avalanche,2026-05-26,0
Vegas Golden Knights,8479639,Dylan Coghlan,ASSISTS,3.0,8,6000,Vegas Golden Knights,Colorado Avalanche,2026-05-26,0
Vegas Golden Knights,8479639,Dylan Coghlan,POINTS,4.0,2,6000,Vegas Golden Knights,Colorado Avalanche,2026-05-26,0
Vegas Golden Knights,8477964,Ivan Barbashev,ASSISTS,3.0,22,6000,Vegas Golden Knights,Colorado Avalanche,2026-05-26,0
Colorado Avalanche,8480039,Martin Necas,BLOCKS,4.0,8,6000,Vegas Golden Knights,Colorado Avalanche,2026-05-26,0
Vegas Golden Knights,8475188,Brayden McNabb,POINTS,4.0,10,6000,Vegas Golden Knights,Colorado Avalanche,2026-05-26,0
Colorado Avalanche,8477476,Artturi Lehkonen,ASSISTS,3.0,7,6000,Vegas Golden Knights,Colorado Avalanche,2026-05-26,0
Vegas Golden Knights,8479394,Carter Hart,SAVES,12.75,6,6000,Vegas Golden Knights,Colorado Avalanche,2026-05-26,0
Colorado Avalanche,8478406,Mackenzie Blackwood,SAVES,36.55,4,6000,Vegas Golden Knights,Colorado Avalanche,2026-05-26,0
Colorado Avalanche,8478038,Devon Toews,SOG,7.0,6,6000,Vegas Golden Knights,Colorado Avalanche,2026-05-26,0
Colorado Avalanche,8476312,Josh Manson,BLOCKS,4.0,4,6000,Vegas Golden Knights,Colorado Avalanche,2026-05-26,0
Colorado Avalanche,8480039,Martin Necas,ASSISTS,4.0,16,6000,Vegas Golden Knights,Colorado Avalanche,2026-05-26,0
Vegas Golden Knights,8478403,Jack Eichel,GOALS,2.0,31,6000,Vegas Golden Knights,Colorado Avalanche,2026-05-26,0
Vegas Golden Knights,8478403,Jack Eichel,POINTS,5.0,2,6000,Vegas Golden Knights,Colorado Avalanche,2026-05-26,0
Vegas Golden Knights,8475913,Mark Stone,POINTS,5.0,4,6000,Vegas Golden Knights,Colorado Avalanche,2026-05-26,0
Colorado Avalanche,8477476,Artturi Lehkonen,SOG,8.0,5,6000,Vegas Golden Knights,Colorado Avalanche,2026-05-26,0
Colorado Avalanche,8478038,Devon Toews,SOG,6.0,25,6000,Vegas Golden Knights,Colorado Avalanche,2026-05-26,0
Colorado Avalanche,8477476,Artturi Lehkonen,BLOCKS,5.0,7,6000,Vegas Golden Knights,Colorado Avalanche,2026-05-26,0
Vegas Golden Knights,8479394,Carter Hart,SAVES,45.05,2,6000,Vegas Golden Knights,Colorado Avalanche,2026-05-26,0
Colorado Avalanche,8478406,Mackenzie Blackwood,SAVES,37.4,4,6000,Vegas Golden Knights,Colorado Avalanche,2026-05-26,0
Vegas Golden Knights,8479639,Dylan Coghlan,SOG,6.0,6,6000,Vegas Golden Knights,Colorado Avalanche,2026-05-26,0
Colorado Avalanche,8478038,Devon Toews,ASSISTS,3.0,21,6000,Vegas Golden Knights,Colorado Avalanche,2026-05-26,0
Colorado Avalanche,8478038,Devon Toews,POINTS,4.0,9,6000,Vegas Golden Knights,Colorado Avalanche,2026-05-26,0
Colorado Avalanche,8477492,Nathan MacKinnon,SOG,13.0,3,6000,Vegas Golden Knights,Colorado Avalanche,2026-05-26,0
Colorado Avalanche,8481186,Logan O'Connor,BLOCKS,3.0,20,6000,Vegas Golden Knights,Colorado Avalanche,2026-05-26,0
Vegas Golden Knights,8475913,Mark Stone,ASSISTS,4.0,3,6000,Vegas Golden Knights,Colorado Avalanche,2026-05-26,0
Colorado Avalanche,8476455,Gabriel Landeskog,SOG,10.0,8,6000,Vegas Golden Knights,Colorado Avalanche,2026-05-26,0
Colorado Avalanche,8478406,Mackenzie Blackwood,SAVES,34.85,9,6000,Vegas Golden Knights,Colorado Avalanche,2026-05-26,0
Vegas Golden Knights,8483890,Braeden Bowman,BLOCKS,5.0,3,6000,Vegas Golden Knights,Colorado Avalanche,2026-05-26,0
Colorado Avalanche,8470613,Brent Burns,BLOCKS,5.0,18,6000,Vegas Golden Knights,Colorado Avalanche,2026-05-26,0
Vegas Golden Knights,8478483,Mitch Marner,POINTS,6.0,1,6000,Vegas Golden Knights,Colorado Avalanche,2026-05-26,0
Colorado Avalanche,8477476,Artturi Lehkonen,GOALS,3.0,15,6000,Vegas Golden Knights,Colorado Avalanche,2026-05-26,0
Colorado Avalanche,8480835,Jack Drury,SOG,6.0,6,6000,Vegas Golden Knights,Colorado Avalanche,2026-05-26,0
Vegas Golden Knights,8478483,Mitch Marner,GOALS,4.0,5,6000,Vegas Golden Knights,Colorado Avalanche,2026-05-26,0
Vegas Golden Knights,8475913,Mark Stone,BLOCKS,5.0,5,6000,Vegas Golden Knights,Colorado Avalanche,2026-05-26,0
Vegas Golden Knights,8479639,Dylan Coghlan,GOALS,2.0,23,6000,Vegas Golden Knights,Colorado Avalanche,2026-05-26,0
Vegas Golden Knights,8479394,Carter Hart,SAVES,11.9,3,6000,Vegas Golden Knights,Colorado Avalanche,2026-05-26,0
Vegas Golden Knights,8479353,Brett Howden,ASSISTS,3.0,7,6000,Vegas Golden Knights,Colorado Avalanche,2026-05-26,0
Colorado Avalanche,8477501,Valeri Nichushkin,BLOCKS,4.0,7,6000,Vegas Golden Knights,Colorado Avalanche,2026-05-26,0
Colorado Avalanche,8476455,Gabriel Landeskog,BLOCKS,7.0,3,6000,Vegas Golden Knights,Colorado Avalanche,2026-05-26,0
Colorado Avalanche,8478406,Mackenzie Blackwood,SAVES,33.15,20,6000,Vegas Golden Knights,Colorado Avalanche,2026-05-26,0
Colorado Avalanche,8476967,Brett Kulak,ASSISTS,3.0,7,6000,Vegas Golden Knights,Colorado Avalanche,2026-05-26,0
Vegas Golden Knights,8475913,Mark Stone,BLOCKS,6.0,2,6000,Vegas Golden Knights,Colorado Avalanche,2026-05-26,0
Vegas Golden Knights,8478397,Rasmus Andersson,SOG,6.0,11,6000,Vegas Golden Knights,Colorado Avalanche,2026-05-26,0
Vegas Golden Knights,8476448,William Karlsson,SOG,6.0,4,6000,Vegas Golden Knights,Colorado Avalanche,2026-05-26,0
Vegas Golden Knights,8478403,Jack Eichel,GOALS,3.0,1,6000,Vegas Golden Knights,Colorado Avalanche,2026-05-26,0
Colorado Avalanche,8476455,Gabriel Landeskog,SOG,12.0,1,6000,Vegas Golden Knights,Colorado Avalanche,2026-05-26,0
Vegas Golden Knights,8478403,Jack Eichel,SOG,9.0,9,6000,Vegas Golden Knights,Colorado Avalanche,2026-05-26,0
Vegas Golden Knights,8476448,William Karlsson,ASSISTS,3.0,26,6000,Vegas Golden Knights,Colorado Avalanche,2026-05-26,0
Vegas Golden Knights,8482125,Alexander Holtz,BLOCKS,5.0,3,6000,Vegas Golden Knights,Colorado Avalanche,2026-05-26,0
Vegas Golden Knights,8478483,Mitch Marner,SOG,10.0,6,6000,Vegas Golden Knights,Colorado Avalanche,2026-05-26,0
Vegas Golden Knights,8478403,Jack Eichel,BLOCKS,5.0,15,6000,Vegas Golden Knights,Colorado Avalanche,2026-05-26,0
Vegas Golden Knights,8484803,Trevor Connelly,SOG,7.0,1,6000,Vegas Golden Knights,Colorado Avalanche,2026-05-26,0
Vegas Golden Knights,8476448,William Karlsson,SOG,8.0,1,6000,Vegas Golden Knights,Colorado Avalanche,2026-05-26,0
Vegas Golden Knights,8478403,Jack Eichel,SOG,10.0,4,6000,Vegas Golden Knights,Colorado Avalanche,2026-05-26,0
Vegas Golden Knights,8484803,Trevor Connelly,GOALS,3.0,5,6000,Vegas Golden Knights,Colorado Avalanche,2026-05-26,0
Vegas Golden Knights,8477964,Ivan Barbashev,BLOCKS,5.0,3,6000,Vegas Golden Knights,Colorado Avalanche,2026-05-26,0
Vegas Golden Knights,8477447,Shea Theodore,POINTS,5.0,7,6000,Vegas Golden Knights,Colorado Avalanche,2026-05-26,0
Vegas Golden Knights,8478397,Rasmus Andersson,BLOCKS,6.0,1,6000,Vegas Golden Knights,Colorado Avalanche,2026-05-26,0
Colorado Avalanche,8480039,Martin Necas,BLOCKS,5.0,1,6000,Vegas Golden Knights,Colorado Avalanche,2026-05-26,0
Vegas Golden Knights,8481604,Pavel Dorofeyev,SOG,8.0,7,6000,Vegas Golden Knights,Colorado Avalanche,2026-05-26,0
Colorado Avalanche,8475172,Nazem Kadri,ASSISTS,3.0,11,6000,Vegas Golden Knights,Colorado Avalanche,2026-05-26,0
Vegas Golden Knights,8482125,Alexander Holtz,SOG,7.0,1,6000,Vegas Golden Knights,Colorado Avalanche,2026-05-26,0
Vegas Golden Knights,8476448,William Karlsson,BLOCKS,6.0,1,6000,Vegas Golden Knights,Colorado Avalanche,2026-05-26,0
Vegas Golden Knights,8479353,Brett Howden,SOG,8.0,5,6000,Vegas Golden Knights,Colorado Avalanche,2026-05-26,0
Vegas Golden Knights,8477964,Ivan Barbashev,POINTS,4.0,4,6000,Vegas Golden Knights,Colorado Avalanche,2026-05-26,0
Colorado Avalanche,8477501,Valeri Nichushkin,BLOCKS,5.0,1,6000,Vegas Golden Knights,Colorado Avalanche,2026-05-26,0
Colorado Avalanche,8480069,Cale Makar,BLOCKS,7.0,5,6000,Vegas Golden Knights,Colorado Avalanche,2026-05-26,0
Colorado Avalanche,8476312,Josh Manson,SOG,7.0,4,6000,Vegas Golden Knights,Colorado Avalanche,2026-05-26,0
Colorado Avalanche,8478406,Mackenzie Blackwood,SAVES,9.35,6,6000,Vegas Golden Knights,Colorado Avalanche,2026-05-26,0
Colorado Avalanche,8478038,Devon Toews,SOG,8.0,4,6000,Vegas Golden Knights,Colorado Avalanche,2026-05-26,0
Colorado Avalanche,8484258,Sam Malinski,SOG,8.0,2,6000,Vegas Golden Knights,Colorado Avalanche,2026-05-26,0
Colorado Avalanche,8478406,Mackenzie Blackwood,SAVES,38.25,2,6000,Vegas Golden Knights,Colorado Avalanche,2026-05-26,0
Vegas Golden Knights,8479550,Tanner Laczynski,GOALS,3.0,4,6000,Vegas Golden Knights,Colorado Avalanche,2026-05-26,0
Colorado Avalanche,8481186,Logan O'Connor,ASSISTS,3.0,8,6000,Vegas Golden Knights,Colorado Avalanche,2026-05-26,0
Vegas Golden Knights,8484803,Trevor Connelly,SOG,6.0,11,6000,Vegas Golden Knights,Colorado Avalanche,2026-05-26,0
Colorado Avalanche,8476967,Brett Kulak,BLOCKS,8.0,1,6000,Vegas Golden Knights,Colorado Avalanche,2026-05-26,0
Colorado Avalanche,8480835,Jack Drury,ASSISTS,3.0,1,6000,Vegas Golden Knights,Colorado Avalanche,2026-05-26,0
Colorado Avalanche,8480039,Martin Necas,SOG,10.0,10,6000,Vegas Golden Knights,Colorado Avalanche,2026-05-26,0
Vegas Golden Knights,8481604,Pavel Dorofeyev,GOALS,3.0,6,6000,Vegas Golden Knights,Colorado Avalanche,2026-05-26,0
Colorado Avalanche,8470613,Brent Burns,SOG,7.0,2,6000,Vegas Golden Knights,Colorado Avalanche,2026-05-26,0
Vegas Golden Knights,8481534,Raphael Lavoie,BLOCKS,5.0,1,6000,Vegas Golden Knights,Colorado Avalanche,2026-05-26,0
Vegas Golden Knights,8475188,Brayden McNabb,ASSISTS,4.0,4,6000,Vegas Golden Knights,Colorado Avalanche,2026-05-26,0
Colorado Avalanche,8478038,Devon Toews,SOG,9.0,1,6000,Vegas Golden Knights,Colorado Avalanche,2026-05-26,0
Colorado Avalanche,8478406,Mackenzie Blackwood,SAVES,35.7,7,6000,Vegas Golden Knights,Colorado Avalanche,2026-05-26,0
Vegas Golden Knights,8479394,Carter Hart,SAVES,45.9,2,6000,Vegas Golden Knights,Colorado Avalanche,2026-05-26,0
Vegas Golden Knights,8479353,Brett Howden,GOALS,4.0,6,6000,Vegas Golden Knights,Colorado Avalanche,2026-05-26,0
Vegas Golden Knights,8481534,Raphael Lavoie,GOALS,3.0,9,6000,Vegas Golden Knights,Colorado Avalanche,2026-05-26,0
Vegas Golden Knights,8478403,Jack Eichel,BLOCKS,6.0,2,6000,Vegas Golden Knights,Colorado Avalanche,2026-05-26,0
Colorado Avalanche,8480835,Jack Drury,GOALS,3.0,2,6000,Vegas Golden Knights,Colorado Avalanche,2026-05-26,0
Colorado Avalanche,8478462,Nicolas Roy,ASSISTS,3.0,1,6000,Vegas Golden Knights,Colorado Avalanche,2026-05-26,0
Colorado Avalanche,8484258,Sam Malinski,GOALS,2.0,15,6000,Vegas Golden Knights,Colorado Avalanche,2026-05-26,0
Vegas Golden Knights,8482125,Alexander Holtz,GOALS,3.0,6,6000,Vegas Golden Knights,Colorado Avalanche,2026-05-26,0
Vegas Golden Knights,8479394,Carter Hart,SAVES,41.65,7,6000,Vegas Golden Knights,Colorado Avalanche,2026-05-26,0
Colorado Avalanche,8476967,Brett Kulak,SOG,6.0,7,6000,Vegas Golden Knights,Colorado Avalanche,2026-05-26,0
Vegas Golden Knights,8481534,Raphael Lavoie,POINTS,4.0,8,6000,Vegas Golden Knights,Colorado Avalanche,2026-05-26,0
Colorado Avalanche,8476312,Josh Manson,ASSISTS,3.0,5,6000,Vegas Golden Knights,Colorado Avalanche,2026-05-26,0
Colorado Avalanche,8476312,Josh Manson,POINTS,4.0,1,6000,Vegas Golden Knights,Colorado Avalanche,2026-05-26,0
Colorado Avalanche,8480448,Parker Kelly,ASSISTS,3.0,2,6000,Vegas Golden Knights,Colorado Avalanche,2026-05-26,0
Colorado Avalanche,8478038,Devon Toews,BLOCKS,7.0,5,6000,Vegas Golden Knights,Colorado Avalanche,2026-05-26,0
Colorado Avalanche,8480069,Cale Makar,POINTS,5.0,4,6000,Vegas Golden Knights,Colorado Avalanche,2026-05-26,0
Vegas Golden Knights,8477964,Ivan Barbashev,ASSISTS,4.0,2,6000,Vegas Golden Knights,Colorado Avalanche,2026-05-26,0
Vegas Golden Knights,8477447,Shea Theodore,GOALS,4.0,2,6000,Vegas Golden Knights,Colorado Avalanche,2026-05-26,0
Colorado Avalanche,8478462,Nicolas Roy,SOG,6.0,7,6000,Vegas Golden Knights,Colorado Avalanche,2026-05-26,0
Vegas Golden Knights,8479394,Carter Hart,SAVES,49.3,1,6000,Vegas Golden Knights,Colorado Avalanche,2026-05-26,0
Colorado Avalanche,8475754,Brock Nelson,SOG,9.0,1,6000,Vegas Golden Knights,Colorado Avalanche,2026-05-26,0
Colorado Avalanche,8475172,Nazem Kadri,SOG,8.0,5,6000,Vegas Golden Knights,Colorado Avalanche,2026-05-26,0
Vegas Golden Knights,8475188,Brayden McNabb,POINTS,5.0,1,6000,Vegas Golden Knights,Colorado Avalanche,2026-05-26,0
Vegas Golden Knights,8481604,Pavel Dorofeyev,SOG,9.0,3,6000,Vegas Golden Knights,Colorado Avalanche,2026-05-26,0
Vegas Golden Knights,8483890,Braeden Bowman,GOALS,3.0,6,6000,Vegas Golden Knights,Colorado Avalanche,2026-05-26,0
Colorado Avalanche,8476312,Josh Manson,ASSISTS,5.0,1,6000,Vegas Golden Knights,Colorado Avalanche,2026-05-26,0
Colorado Avalanche,8476312,Josh Manson,POINTS,5.0,1,6000,Vegas Golden Knights,Colorado Avalanche,2026-05-26,0
Colorado Avalanche,8477492,Nathan MacKinnon,GOALS,5.0,1,6000,Vegas Golden Knights,Colorado Avalanche,2026-05-26,0
Colorado Avalanche,8475754,Brock Nelson,BLOCKS,6.0,3,6000,Vegas Golden Knights,Colorado Avalanche,2026-05-26,0
Vegas Golden Knights,8478396,Noah Hanifin,SOG,7.0,6,6000,Vegas Golden Knights,Colorado Avalanche,2026-05-26,0
Colorado Avalanche,8479525,Ross Colton,SOG,7.0,3,6000,Vegas Golden Knights,Colorado Avalanche,2026-05-26,0
Vegas Golden Knights,8481604,Pavel Dorofeyev,GOALS,4.0,1,6000,Vegas Golden Knights,Colorado Avalanche,2026-05-26,0
Vegas Golden Knights,8477964,Ivan Barbashev,BLOCKS,4.0,5,6000,Vegas Golden Knights,Colorado Avalanche,2026-05-26,0
Colorado Avalanche,8480069,Cale Makar,SOG,11.0,2,6000,Vegas Golden Knights,Colorado Avalanche,2026-05-26,0
Vegas Golden Knights,8478397,Rasmus Andersson,BLOCKS,7.0,1,6000,Vegas Golden Knights,Colorado Avalanche,2026-05-26,0
Colorado Avalanche,8478038,Devon Toews,BLOCKS,8.0,2,6000,Vegas Golden Knights,Colorado Avalanche,2026-05-26,0
Vegas Golden Knights,8484803,Trevor Connelly,ASSISTS,3.0,7,6000,Vegas Golden Knights,Colorado Avalanche,2026-05-26,0
Vegas Golden Knights,8483890,Braeden Bowman,SOG,7.0,3,6000,Vegas Golden Knights,Colorado Avalanche,2026-05-26,0
Colorado Avalanche,8478406,Mackenzie Blackwood,SAVES,40.8,1,6000,Vegas Golden Knights,Colorado Avalanche,2026-05-26,0
Vegas Golden Knights,8475188,Brayden McNabb,SOG,8.0,2,6000,Vegas Golden Knights,Colorado Avalanche,2026-05-26,0
Colorado Avalanche,8476455,Gabriel Landeskog,SOG,11.0,3,6000,Vegas Golden Knights,Colorado Avalanche,2026-05-26,0
Vegas Golden Knights,8478397,Rasmus Andersson,ASSISTS,4.0,3,6000,Vegas Golden Knights,Colorado Avalanche,2026-05-26,0
Vegas Golden Knights,8478397,Rasmus Andersson,POINTS,4.0,3,6000,Vegas Golden Knights,Colorado Avalanche,2026-05-26,0
Colorado Avalanche,8477501,Valeri Nichushkin,ASSISTS,4.0,2,6000,Vegas Golden Knights,Colorado Avalanche,2026-05-26,0
Colorado Avalanche,8477501,Valeri Nichushkin,POINTS,4.0,5,6000,Vegas Golden Knights,Colorado Avalanche,2026-05-26,0
Colorado Avalanche,8480448,Parker Kelly,GOALS,3.0,2,6000,Vegas Golden Knights,Colorado Avalanche,2026-05-26,0
Colorado Avalanche,8480448,Parker Kelly,POINTS,4.0,1,6000,Vegas Golden Knights,Colorado Avalanche,2026-05-26,0
Colorado Avalanche,8479525,Ross Colton,POINTS,4.0,4,6000,Vegas Golden Knights,Colorado Avalanche,2026-05-26,0
Vegas Golden Knights,8481534,Raphael Lavoie,SOG,7.0,3,6000,Vegas Golden Knights,Colorado Avalanche,2026-05-26,0
Vegas Golden Knights,8479353,Brett Howden,POINTS,6.0,1,6000,Vegas Golden Knights,Colorado Avalanche,2026-05-26,0
Colorado Avalanche,8480448,Parker Kelly,SOG,6.0,3,6000,Vegas Golden Knights,Colorado Avalanche,2026-05-26,0
Colorado Avalanche,8477501,Valeri Nichushkin,GOALS,3.0,2,6000,Vegas Golden Knights,Colorado Avalanche,2026-05-26,0
Colorado Avalanche,8480069,Cale Makar,ASSISTS,5.0,2,6000,Vegas Golden Knights,Colorado Avalanche,2026-05-26,0
Colorado Avalanche,8480835,Jack Drury,BLOCKS,4.0,2,6000,Vegas Golden Knights,Colorado Avalanche,2026-05-26,0
Colorado Avalanche,8480069,Cale Makar,ASSISTS,4.0,4,6000,Vegas Golden Knights,Colorado Avalanche,2026-05-26,0
Vegas Golden Knights,8483890,Braeden Bowman,ASSISTS,4.0,3,6000,Vegas Golden Knights,Colorado Avalanche,2026-05-26,0
Vegas Golden Knights,8483890,Braeden Bowman,POINTS,4.0,5,6000,Vegas Golden Knights,Colorado Avalanche,2026-05-26,0
Colorado Avalanche,8476455,Gabriel Landeskog,ASSISTS,5.0,1,6000,Vegas Golden Knights,Colorado Avalanche,2026-05-26,0
Colorado Avalanche,8480039,Martin Necas,SOG,11.0,3,6000,Vegas Golden Knights,Colorado Avalanche,2026-05-26,0
Vegas Golden Knights,8475913,Mark Stone,SOG,9.0,1,6000,Vegas Golden Knights,Colorado Avalanche,2026-05-26,0
Vegas Golden Knights,8479550,Tanner Laczynski,BLOCKS,5.0,1,6000,Vegas Golden Knights,Colorado Avalanche,2026-05-26,0
Colorado Avalanche,8476312,Josh Manson,SOG,8.0,1,6000,Vegas Golden Knights,Colorado Avalanche,2026-05-26,0
Colorado Avalanche,8478406,Mackenzie Blackwood,SAVES,8.5,4,6000,Vegas Golden Knights,Colorado Avalanche,2026-05-26,0
Colorado Avalanche,8480039,Martin Necas,ASSISTS,6.0,1,6000,Vegas Golden Knights,Colorado Avalanche,2026-05-26,0
Colorado Avalanche,8480039,Martin Necas,POINTS,6.0,1,6000,Vegas Golden Knights,Colorado Avalanche,2026-05-26,0
Colorado Avalanche,8475172,Nazem Kadri,BLOCKS,4.0,1,6000,Vegas Golden Knights,Colorado Avalanche,2026-05-26,0
Colorado Avalanche,8479525,Ross Colton,BLOCKS,4.0,3,6000,Vegas Golden Knights,Colorado Avalanche,2026-05-26,0
Vegas Golden Knights,8475188,Brayden McNabb,SOG,9.0,1,6000,Vegas Golden Knights,Colorado Avalanche,2026-05-26,0
Vegas Golden Knights,8481604,Pavel Dorofeyev,BLOCKS,4.0,2,6000,Vegas Golden Knights,Colorado Avalanche,2026-05-26,0
Colorado Avalanche,8480448,Parker Kelly,BLOCKS,5.0,4,6000,Vegas Golden Knights,Colorado Avalanche,2026-05-26,0
Vegas Golden Knights,8479639,Dylan Coghlan,BLOCKS,6.0,1,6000,Vegas Golden Knights,Colorado Avalanche,2026-05-26,0
Colorado Avalanche,8470613,Brent Burns,BLOCKS,7.0,1,6000,Vegas Golden Knights,Colorado Avalanche,2026-05-26,0
Colorado Avalanche,8484258,Sam Malinski,BLOCKS,7.0,1,6000,Vegas Golden Knights,Colorado Avalanche,2026-05-26,0
Colorado Avalanche,8478038,Devon Toews,GOALS,3.0,4,6000,Vegas Golden Knights,Colorado Avalanche,2026-05-26,0
Colorado Avalanche,8480448,Parker Kelly,SOG,7.0,1,6000,Vegas Golden Knights,Colorado Avalanche,2026-05-26,0
Colorado Avalanche,8480039,Martin Necas,GOALS,3.0,3,6000,Vegas Golden Knights,Colorado Avalanche,2026-05-26,0
Vegas Golden Knights,8477447,Shea Theodore,SOG,10.0,2,6000,Vegas Golden Knights,Colorado Avalanche,2026-05-26,0
Colorado Avalanche,8480039,Martin Necas,POINTS,5.0,7,6000,Vegas Golden Knights,Colorado Avalanche,2026-05-26,0
Colorado Avalanche,8480039,Martin Necas,ASSISTS,5.0,4,6000,Vegas Golden Knights,Colorado Avalanche,2026-05-26,0
Colorado Avalanche,8479525,Ross Colton,ASSISTS,4.0,1,6000,Vegas Golden Knights,Colorado Avalanche,2026-05-26,0
Vegas Golden Knights,8478483,Mitch Marner,SOG,11.0,3,6000,Vegas Golden Knights,Colorado Avalanche,2026-05-26,0
Vegas Golden Knights,8478468,Jeremy Lauzon,BLOCKS,6.0,1,6000,Vegas Golden Knights,Colorado Avalanche,2026-05-26,0
Colorado Avalanche,8476967,Brett Kulak,GOALS,3.0,1,6000,Vegas Golden Knights,Colorado Avalanche,2026-05-26,0
Colorado Avalanche,8476967,Brett Kulak,POINTS,4.0,1,6000,Vegas Golden Knights,Colorado Avalanche,2026-05-26,0
Colorado Avalanche,8484258,Sam Malinski,ASSISTS,4.0,2,6000,Vegas Golden Knights,Colorado Avalanche,2026-05-26,0
Colorado Avalanche,8484258,Sam Malinski,POINTS,4.0,2,6000,Vegas Golden Knights,Colorado Avalanche,2026-05-26,0
Colorado Avalanche,8477476,Artturi Lehkonen,SOG,9.0,1,6000,Vegas Golden Knights,Colorado Avalanche,2026-05-26,0
Vegas Golden Knights,8477447,Shea Theodore,SOG,12.0,1,6000,Vegas Golden Knights,Colorado Avalanche,2026-05-26,0
Vegas Golden Knights,8482125,Alexander Holtz,ASSISTS,4.0,1,6000,Vegas Golden Knights,Colorado Avalanche,2026-05-26,0
Colorado Avalanche,8475754,Brock Nelson,GOALS,3.0,1,6000,Vegas Golden Knights,Colorado Avalanche,2026-05-26,0
Vegas Golden Knights,8479639,Dylan Coghlan,SOG,7.0,1,6000,Vegas Golden Knights,Colorado Avalanche,2026-05-26,0
Vegas Golden Knights,8481604,Pavel Dorofeyev,ASSISTS,4.0,1,6000,Vegas Golden Knights,Colorado Avalanche,2026-05-26,0
Vegas Golden Knights,8484803,Trevor Connelly,GOALS,4.0,2,6000,Vegas Golden Knights,Colorado Avalanche,2026-05-26,0
Vegas Golden Knights,8484803,Trevor Connelly,POINTS,5.0,1,6000,Vegas Golden Knights,Colorado Avalanche,2026-05-26,0
Colorado Avalanche,8477501,Valeri Nichushkin,SOG,8.0,2,6000,Vegas Golden Knights,Colorado Avalanche,2026-05-26,0
Colorado Avalanche,8484258,Sam Malinski,BLOCKS,5.0,3,6000,Vegas Golden Knights,Colorado Avalanche,2026-05-26,0
Colorado Avalanche,8477492,Nathan MacKinnon,SOG,12.0,2,6000,Vegas Golden Knights,Colorado Avalanche,2026-05-26,0
Vegas Golden Knights,8478468,Jeremy Lauzon,GOALS,2.0,1,6000,Vegas Golden Knights,Colorado Avalanche,2026-05-26,0
Colorado Avalanche,8480069,Cale Makar,SOG,10.0,2,6000,Vegas Golden Knights,Colorado Avalanche,2026-05-26,0
Vegas Golden Knights,8475188,Brayden McNabb,BLOCKS,8.0,1,6000,Vegas Golden Knights,Colorado Avalanche,2026-05-26,0
Vegas Golden Knights,8482125,Alexander Holtz,ASSISTS,3.0,2,6000,Vegas Golden Knights,Colorado Avalanche,2026-05-26,0
Colorado Avalanche,8484258,Sam Malinski,SOG,9.0,1,6000,Vegas Golden Knights,Colorado Avalanche,2026-05-26,0
Vegas Golden Knights,8479394,Carter Hart,SAVES,11.05,1,6000,Vegas Golden Knights,Colorado Avalanche,2026-05-26,0
Colorado Avalanche,8476455,Gabriel Landeskog,ASSISTS,4.0,2,6000,Vegas Golden Knights,Colorado Avalanche,2026-05-26,0
Colorado Avalanche,8484258,Sam Malinski,SOG,10.0,1,6000,Vegas Golden Knights,Colorado Avalanche,2026-05-26,0
Colorado Avalanche,8478406,Mackenzie Blackwood,SAVES,39.1,2,6000,Vegas Golden Knights,Colorado Avalanche,2026-05-26,0
Vegas Golden Knights,8479394,Carter Hart,SAVES,48.45,1,6000,Vegas Golden Knights,Colorado Avalanche,2026-05-26,0
Vegas Golden Knights,8482125,Alexander Holtz,GOALS,4.0,1,6000,Vegas Golden Knights,Colorado Avalanche,2026-05-26,0
Colorado Avalanche,8470613,Brent Burns,POINTS,4.0,2,6000,Vegas Golden Knights,Colorado Avalanche,2026-05-26,0
Vegas Golden Knights,8479394,Carter Hart,SAVES,10.2,1,6000,Vegas Golden Knights,Colorado Avalanche,2026-05-26,0
Colorado Avalanche,8470613,Brent Burns,BLOCKS,6.0,2,6000,Vegas Golden Knights,Colorado Avalanche,2026-05-26,0
Colorado Avalanche,8477492,Nathan MacKinnon,BLOCKS,5.0,1,6000,Vegas Golden Knights,Colorado Avalanche,2026-05-26,0
Colorado Avalanche,8480069,Cale Makar,BLOCKS,8.0,1,6000,Vegas Golden Knights,Colorado Avalanche,2026-05-26,0
Colorado Avalanche,8475172,Nazem Kadri,GOALS,3.0,1,6000,Vegas Golden Knights,Colorado Avalanche,2026-05-26,0
Vegas Golden Knights,8479353,Brett Howden,SOG,9.0,1,6000,Vegas Golden Knights,Colorado Avalanche,2026-05-26,0
Colorado Avalanche,8480069,Cale Makar,POINTS,6.0,1,6000,Vegas Golden Knights,Colorado Avalanche,2026-05-26,0
Vegas Golden Knights,8478396,Noah Hanifin,BLOCKS,9.0,1,6000,Vegas Golden Knights,Colorado Avalanche,2026-05-26,0
Colorado Avalanche,8477501,Valeri Nichushkin,POINTS,5.0,1,6000,Vegas Golden Knights,Colorado Avalanche,2026-05-26,0
Vegas Golden Knights,8477447,Shea Theodore,BLOCKS,10.0,1,6000,Vegas Golden Knights,Colorado Avalanche,2026-05-26,0
Vegas Golden Knights,8478396,Noah Hanifin,POINTS,4.0,2,6000,Vegas Golden Knights,Colorado Avalanche,2026-05-26,0
Colorado Avalanche,8480069,Cale Makar,GOALS,4.0,1,6000,Vegas Golden Knights,Colorado Avalanche,2026-05-26,0
Vegas Golden Knights,8478397,Rasmus Andersson,SOG,7.0,1,6000,Vegas Golden Knights,Colorado Avalanche,2026-05-26,0
Colorado Avalanche,8475754,Brock Nelson,SOG,10.0,1,6000,Vegas Golden Knights,Colorado Avalanche,2026-05-26,0
Colorado Avalanche,8475754,Brock Nelson,ASSISTS,4.0,1,6000,Vegas Golden Knights,Colorado Avalanche,2026-05-26,0
Colorado Avalanche,8476312,Josh Manson,GOALS,3.0,1,6000,Vegas Golden Knights,Colorado Avalanche,2026-05-26,0
