{
  "Arizona Coyotes": 1480.2570043644942,
  "Los Angeles Kings": 1444.1071873590338,
  "St. Louis Blues": 1433.2753904642684,
  "Pittsburgh Penguins": 1441.8466557490983,
  "Columbus Blue Jackets": 1529.2968432455564,
  "Washington Capitals": 1453.013922916334,
  "Buffalo Sabres": 1604.3978160622141,
  "Ottawa Senators": 1460.931366559856,
  "Toronto Maple Leafs": 1549.8558423113845,
  "Colorado Avalanche": 1658.6552226732654,
  "Minnesota Wild": 1546.113673976703,
  "Boston Bruins": 1609.1806837375573,
  "New York Rangers": 1432.7779104345984,
  "Edmonton Oilers": 1510.6988473295896,
  "Winnipeg Jets": 1454.90306613443,
  "Dallas Stars": 1509.2183331022306,
  "Anaheim Ducks": 1421.323086921038,
  "San Jose Sharks": 1445.0535556273246,
  "Vegas Golden Knights": 1585.2953645407342,
  "Calgary Flames": 1455.3380810862086,
  "Vancouver Canucks": 1386.149958931883,
  "Florida Panthers": 1534.572397459269,
  "Nashville Predators": 1571.2758658055968,
  "Montr\u00e9al Canadiens": 1564.3068661435364,
  "New Jersey Devils": 1377.494875155394,
  "Philadelphia Flyers": 1442.895175265406,
  "Seattle Kraken": 1463.491200987322,
  "New York Islanders": 1506.4744088761563,
  "Detroit Red Wings": 1582.8133223956374,
  "Carolina Hurricanes": 1553.4911798373257,
  "Tampa Bay Lightning": 1666.345979813274,
  "Chicago Blackhawks": 1419.874321430003,
  "Team Kloss Team Kloss": 1483.4940194023939,
  "Team King Team King": 1516.5059805976061,
  "Team McDavid Team McDavid": 1500.0,
  "Team MacKinnon Team MacKinnon": 1486.5059805976061,
  "Team Matthews Team Matthews": 1526.9880388047877,
  "Team Hughes Team Hughes": 1486.5059805976061,
  "Utah Utah Hockey Club": 1508.3243492227573,
  "M\u00fcnchen EHC Red Bull M\u00fcnchen": 1486.5996867231736,
  "Sweden": 1486.2306923690662,
  "Canada": 1532.8949103374614,
  "Finland": 1483.4940194023939,
  "USA": 1497.3803778910785,
  "Utah Mammoth": 1410.3505573573473
}