{
  "Arizona Coyotes": 1480.2570043644942,
  "Los Angeles Kings": 1403.4443665602564,
  "St. Louis Blues": 1536.605131880984,
  "Pittsburgh Penguins": 1524.9177536867062,
  "Columbus Blue Jackets": 1489.058027011341,
  "Washington Capitals": 1507.7749499153501,
  "Buffalo Sabres": 1647.7772029669895,
  "Ottawa Senators": 1601.889721876041,
  "Toronto Maple Leafs": 1467.855450290135,
  "Colorado Avalanche": 1560.5113529830617,
  "Minnesota Wild": 1510.165069208804,
  "Boston Bruins": 1524.7970360314566,
  "New York Rangers": 1455.8082932646928,
  "Edmonton Oilers": 1552.4770284572392,
  "Winnipeg Jets": 1526.7355839928766,
  "Dallas Stars": 1511.7519671521688,
  "Anaheim Ducks": 1549.7672360614588,
  "San Jose Sharks": 1456.3480368150792,
  "Vegas Golden Knights": 1441.3449120767402,
  "Calgary Flames": 1449.5806322352732,
  "Vancouver Canucks": 1239.3416846191544,
  "Florida Panthers": 1390.4948350627926,
  "Nashville Predators": 1478.7866336236716,
  "Montr\u00e9al Canadiens": 1639.582667186425,
  "New Jersey Devils": 1557.922205012814,
  "Philadelphia Flyers": 1623.53894005318,
  "Seattle Kraken": 1392.0686667173554,
  "New York Islanders": 1542.4772231970826,
  "Detroit Red Wings": 1419.807239757662,
  "Carolina Hurricanes": 1610.1098609547928,
  "Tampa Bay Lightning": 1617.436937849641,
  "Chicago Blackhawks": 1335.4739233874625,
  "Team Kloss Team Kloss": 1483.4940194023939,
  "Team King Team King": 1516.5059805976061,
  "Team McDavid Team McDavid": 1500.0,
  "Team MacKinnon Team MacKinnon": 1486.5059805976061,
  "Team Matthews Team Matthews": 1526.9880388047877,
  "Team Hughes Team Hughes": 1486.5059805976061,
  "Utah Utah Hockey Club": 1508.3243492227573,
  "M\u00fcnchen EHC Red Bull M\u00fcnchen": 1486.5996867231736,
  "Sweden": 1486.2306923690662,
  "Canada": 1532.8949103374614,
  "Finland": 1483.4940194023939,
  "USA": 1497.3803778910785,
  "Utah Mammoth": 1459.1683898008878
}