{
  "Arizona Coyotes": 1480.2570043644942,
  "Los Angeles Kings": 1396.3750420176916,
  "St. Louis Blues": 1458.596401145159,
  "Pittsburgh Penguins": 1496.3345165342848,
  "Columbus Blue Jackets": 1574.4516262811137,
  "Washington Capitals": 1541.9098374116766,
  "Buffalo Sabres": 1721.4586444669383,
  "Ottawa Senators": 1614.401589001607,
  "Toronto Maple Leafs": 1445.838209950141,
  "Colorado Avalanche": 1579.6591581116504,
  "Minnesota Wild": 1464.501057290075,
  "Boston Bruins": 1535.9408243612593,
  "New York Rangers": 1368.214926525993,
  "Edmonton Oilers": 1502.6472388490201,
  "Winnipeg Jets": 1457.9701321108987,
  "Dallas Stars": 1606.1356673712623,
  "Anaheim Ducks": 1621.7353216403487,
  "San Jose Sharks": 1412.7612884876517,
  "Vegas Golden Knights": 1420.677362685159,
  "Calgary Flames": 1408.1805843432899,
  "Vancouver Canucks": 1258.306770230062,
  "Florida Panthers": 1396.5841347393841,
  "Nashville Predators": 1484.2619961873177,
  "Montr\u00e9al Canadiens": 1557.6371872776294,
  "New Jersey Devils": 1465.3961913474689,
  "Philadelphia Flyers": 1626.2045539380154,
  "Seattle Kraken": 1460.613630157676,
  "New York Islanders": 1621.8587369450777,
  "Detroit Red Wings": 1459.1533626680282,
  "Carolina Hurricanes": 1659.2252992636122,
  "Tampa Bay Lightning": 1625.4786004383345,
  "Chicago Blackhawks": 1331.802904869801,
  "Team Kloss Team Kloss": 1483.4940194023939,
  "Team King Team King": 1516.5059805976061,
  "Team McDavid Team McDavid": 1500.0,
  "Team MacKinnon Team MacKinnon": 1486.5059805976061,
  "Team Matthews Team Matthews": 1526.9880388047877,
  "Team Hughes Team Hughes": 1486.5059805976061,
  "Utah Utah Hockey Club": 1508.3243492227573,
  "M\u00fcnchen EHC Red Bull M\u00fcnchen": 1486.5996867231736,
  "Sweden": 1486.2306923690662,
  "Canada": 1532.8949103374614,
  "Finland": 1483.4940194023939,
  "USA": 1497.3803778910785,
  "Utah Mammoth": 1450.5061630419486
}