{
  "Arizona Coyotes": 1470.161850487337,
  "Los Angeles Kings": 1540.3010500268367,
  "St. Louis Blues": 1556.2546189175857,
  "Pittsburgh Penguins": 1480.4552504849191,
  "Columbus Blue Jackets": 1509.4127326678679,
  "Washington Capitals": 1630.4542955590189,
  "Buffalo Sabres": 1481.450392813447,
  "Ottawa Senators": 1523.9434268487423,
  "Toronto Maple Leafs": 1543.9183120712319,
  "Colorado Avalanche": 1560.0444358652862,
  "Minnesota Wild": 1484.29234275831,
  "Boston Bruins": 1452.2408898370577,
  "New York Rangers": 1420.1010476120628,
  "Dallas Stars": 1623.4511807833933,
  "Edmonton Oilers": 1605.5881940848376,
  "Winnipeg Jets": 1593.8116369732502,
  "Anaheim Ducks": 1468.2729781196922,
  "San Jose Sharks": 1277.531149748962,
  "Vegas Golden Knights": 1502.7569005016567,
  "Calgary Flames": 1490.2719362504656,
  "Vancouver Canucks": 1509.820646835536,
  "Florida Panthers": 1626.347316898514,
  "Nashville Predators": 1418.5937568770992,
  "New Jersey Devils": 1470.011996362327,
  "Philadelphia Flyers": 1410.0334625479634,
  "Montr\u00e9al Canadiens": 1512.886235481474,
  "Seattle Kraken": 1486.1847581947561,
  "New York Islanders": 1412.513515150364,
  "Detroit Red Wings": 1541.0131660263787,
  "Carolina Hurricanes": 1523.8492186684725,
  "Tampa Bay Lightning": 1539.7668249439535,
  "Chicago Blackhawks": 1340.1201624166583,
  "Utah Mammoth": 1494.1443171845433
}