{
  "Arizona Coyotes": 1480.2570043644942,
  "Los Angeles Kings": 1433.554089177815,
  "St. Louis Blues": 1332.5609302018945,
  "Pittsburgh Penguins": 1461.6053466045123,
  "Columbus Blue Jackets": 1541.5223235102387,
  "Washington Capitals": 1583.3227867948838,
  "Buffalo Sabres": 1626.1807005521243,
  "Ottawa Senators": 1457.7319184703747,
  "Toronto Maple Leafs": 1430.3095189000458,
  "Colorado Avalanche": 1459.3346230112907,
  "Minnesota Wild": 1561.584291396035,
  "Boston Bruins": 1622.1073710170097,
  "New York Rangers": 1316.8709739340743,
  "Edmonton Oilers": 1501.2490410297848,
  "Winnipeg Jets": 1441.8210398467213,
  "Dallas Stars": 1577.464160257172,
  "Anaheim Ducks": 1558.6226488648615,
  "San Jose Sharks": 1545.6649413233856,
  "Vegas Golden Knights": 1702.4680988538394,
  "Calgary Flames": 1325.0292172076586,
  "Vancouver Canucks": 1259.1646503926158,
  "Florida Panthers": 1547.6544237469777,
  "Nashville Predators": 1580.5663183888728,
  "Montr\u00e9al Canadiens": 1549.842393658693,
  "New Jersey Devils": 1521.6661959791306,
  "Philadelphia Flyers": 1634.8973629223137,
  "Seattle Kraken": 1309.0056267590292,
  "New York Islanders": 1506.4744088761563,
  "Detroit Red Wings": 1576.547251286974,
  "Carolina Hurricanes": 1531.7337884451279,
  "Tampa Bay Lightning": 1741.161578069851,
  "Chicago Blackhawks": 1376.750382852765,
  "Team Kloss Team Kloss": 1483.4940194023939,
  "Team King Team King": 1516.5059805976061,
  "Team McDavid Team McDavid": 1500.0,
  "Team MacKinnon Team MacKinnon": 1486.5059805976061,
  "Team Matthews Team Matthews": 1526.9880388047877,
  "Team Hughes Team Hughes": 1486.5059805976061,
  "Utah Utah Hockey Club": 1508.3243492227573,
  "M\u00fcnchen EHC Red Bull M\u00fcnchen": 1486.5996867231736,
  "Sweden": 1486.2306923690662,
  "Canada": 1532.8949103374614,
  "Finland": 1483.4940194023939,
  "USA": 1497.3803778910785,
  "Utah Mammoth": 1410.3505573573473
}