{
  "Arizona Coyotes": 1480.2570043644942,
  "Los Angeles Kings": 1376.7921383361481,
  "St. Louis Blues": 1540.8356200513008,
  "Pittsburgh Penguins": 1460.2956479207442,
  "Columbus Blue Jackets": 1470.9008223093838,
  "Washington Capitals": 1565.0882564669905,
  "Buffalo Sabres": 1656.4160628361767,
  "Ottawa Senators": 1566.5200890882147,
  "Toronto Maple Leafs": 1437.7553889219455,
  "Colorado Avalanche": 1601.7675099916314,
  "Minnesota Wild": 1494.452504237563,
  "Boston Bruins": 1548.8356126580854,
  "New York Rangers": 1445.6069030956394,
  "Edmonton Oilers": 1501.8153406938247,
  "Winnipeg Jets": 1492.4042345761811,
  "Dallas Stars": 1556.3695437463311,
  "Anaheim Ducks": 1514.442064591077,
  "San Jose Sharks": 1441.6932849811026,
  "Vegas Golden Knights": 1437.9347779183117,
  "Calgary Flames": 1447.6958865017662,
  "Vancouver Canucks": 1312.199966892637,
  "Florida Panthers": 1399.9352210416728,
  "Nashville Predators": 1480.803922306466,
  "Montr\u00e9al Canadiens": 1653.183587301023,
  "New Jersey Devils": 1557.7725877990388,
  "Philadelphia Flyers": 1668.1738355659409,
  "Seattle Kraken": 1407.0548283603866,
  "New York Islanders": 1504.082426456505,
  "Detroit Red Wings": 1416.6340516291045,
  "Carolina Hurricanes": 1682.7719335919655,
  "Tampa Bay Lightning": 1594.2362351870047,
  "Chicago Blackhawks": 1320.4562967354484,
  "Team Kloss Team Kloss": 1483.4940194023939,
  "Team King Team King": 1516.5059805976061,
  "Team McDavid Team McDavid": 1500.0,
  "Team MacKinnon Team MacKinnon": 1486.5059805976061,
  "Team Matthews Team Matthews": 1526.9880388047877,
  "Team Hughes Team Hughes": 1486.5059805976061,
  "Utah Utah Hockey Club": 1508.3243492227573,
  "M\u00fcnchen EHC Red Bull M\u00fcnchen": 1486.5996867231736,
  "Sweden": 1486.2306923690662,
  "Canada": 1532.8949103374614,
  "Finland": 1483.4940194023939,
  "USA": 1497.3803778910785,
  "Utah Mammoth": 1469.8923778999651
}