{
  "Arizona Coyotes": 1480.2570043644942,
  "Los Angeles Kings": 1387.9074451933704,
  "St. Louis Blues": 1388.7614837338294,
  "Pittsburgh Penguins": 1481.6869055137931,
  "Columbus Blue Jackets": 1610.2150378374808,
  "Washington Capitals": 1629.4761845197718,
  "Buffalo Sabres": 1656.7815533496305,
  "Ottawa Senators": 1513.9122162525855,
  "Toronto Maple Leafs": 1437.898990890259,
  "Colorado Avalanche": 1482.290484974314,
  "Minnesota Wild": 1625.01388629205,
  "Boston Bruins": 1582.3627334255382,
  "New York Rangers": 1324.4854073754893,
  "Edmonton Oilers": 1474.9889213784556,
  "Winnipeg Jets": 1423.8200749280938,
  "Dallas Stars": 1697.158475479398,
  "Anaheim Ducks": 1542.4961768483595,
  "San Jose Sharks": 1373.96596812013,
  "Vegas Golden Knights": 1469.0404167248732,
  "Calgary Flames": 1357.6099673960866,
  "Vancouver Canucks": 1264.261514226925,
  "Florida Panthers": 1451.1786505592852,
  "Nashville Predators": 1512.231448651698,
  "Montr\u00e9al Canadiens": 1613.3207807325011,
  "New Jersey Devils": 1434.6466522773471,
  "Philadelphia Flyers": 1534.773869101979,
  "Seattle Kraken": 1455.6050664453232,
  "New York Islanders": 1589.1160071657168,
  "Detroit Red Wings": 1478.5055228386834,
  "Carolina Hurricanes": 1645.8260764692996,
  "Tampa Bay Lightning": 1781.4986330997533,
  "Chicago Blackhawks": 1331.9000982139141,
  "Team Kloss Team Kloss": 1483.4940194023939,
  "Team King Team King": 1516.5059805976061,
  "Team McDavid Team McDavid": 1500.0,
  "Team MacKinnon Team MacKinnon": 1486.5059805976061,
  "Team Matthews Team Matthews": 1526.9880388047877,
  "Team Hughes Team Hughes": 1486.5059805976061,
  "Utah Utah Hockey Club": 1508.3243492227573,
  "M\u00fcnchen EHC Red Bull M\u00fcnchen": 1486.5996867231736,
  "Sweden": 1486.2306923690662,
  "Canada": 1532.8949103374614,
  "Finland": 1483.4940194023939,
  "USA": 1497.3803778910785,
  "Utah Mammoth": 1472.082309673641
}