{
  "Arizona Coyotes": 1480.2570043644942,
  "Los Angeles Kings": 1471.7097144038999,
  "St. Louis Blues": 1451.2846273862287,
  "Pittsburgh Penguins": 1497.8963910712062,
  "Columbus Blue Jackets": 1471.7366136616904,
  "Washington Capitals": 1503.6134331828023,
  "Buffalo Sabres": 1584.549953700611,
  "Ottawa Senators": 1500.0139639459417,
  "Toronto Maple Leafs": 1493.7266055772322,
  "Colorado Avalanche": 1655.4749190981313,
  "Minnesota Wild": 1551.8938081931508,
  "Boston Bruins": 1485.9331652311862,
  "New York Rangers": 1495.2666937245385,
  "Edmonton Oilers": 1499.4075888700331,
  "Winnipeg Jets": 1367.1752450316178,
  "Dallas Stars": 1511.6747718979123,
  "Anaheim Ducks": 1432.5644987868066,
  "San Jose Sharks": 1503.1894663794244,
  "Vegas Golden Knights": 1447.217356542889,
  "Calgary Flames": 1494.8106706737083,
  "Vancouver Canucks": 1439.3169224736214,
  "Florida Panthers": 1532.4794594168202,
  "Nashville Predators": 1464.3686315543819,
  "Montr\u00e9al Canadiens": 1549.8051312654597,
  "New Jersey Devils": 1469.3392595432688,
  "Philadelphia Flyers": 1507.3654100764275,
  "Seattle Kraken": 1494.0652168594024,
  "New York Islanders": 1550.932871983381,
  "Detroit Red Wings": 1538.4184064216265,
  "Carolina Hurricanes": 1554.5740481376415,
  "Tampa Bay Lightning": 1640.7810740441098,
  "Chicago Blackhawks": 1411.241758032035,
  "Team Kloss Team Kloss": 1483.4940194023939,
  "Team King Team King": 1516.5059805976061,
  "Team McDavid Team McDavid": 1500.0,
  "Team MacKinnon Team MacKinnon": 1486.5059805976061,
  "Team Matthews Team Matthews": 1526.9880388047877,
  "Team Hughes Team Hughes": 1486.5059805976061,
  "Utah Utah Hockey Club": 1508.3243492227573,
  "M\u00fcnchen EHC Red Bull M\u00fcnchen": 1486.5996867231736,
  "Sweden": 1486.2306923690662,
  "Canada": 1532.8949103374614,
  "Finland": 1483.4940194023939,
  "USA": 1497.3803778910785,
  "Utah Mammoth": 1452.99128252239
}