{
  "Arizona Coyotes": 1480.2570043644942,
  "Los Angeles Kings": 1424.4038364918122,
  "St. Louis Blues": 1472.721946042353,
  "Pittsburgh Penguins": 1485.126648143879,
  "Columbus Blue Jackets": 1559.0410943289255,
  "Washington Capitals": 1550.6672080875042,
  "Buffalo Sabres": 1742.5254929996026,
  "Ottawa Senators": 1589.8368663180204,
  "Toronto Maple Leafs": 1466.1935564468872,
  "Colorado Avalanche": 1566.3729094818432,
  "Minnesota Wild": 1439.3489160022123,
  "Boston Bruins": 1522.9865308181822,
  "New York Rangers": 1435.8984539541298,
  "Edmonton Oilers": 1527.7037556814746,
  "Winnipeg Jets": 1469.717397420379,
  "Dallas Stars": 1720.3871795345385,
  "Anaheim Ducks": 1572.206509810652,
  "San Jose Sharks": 1453.3886062767267,
  "Vegas Golden Knights": 1412.7459399549318,
  "Calgary Flames": 1332.0393587362437,
  "Vancouver Canucks": 1261.0972738683793,
  "Florida Panthers": 1420.769819667085,
  "Nashville Predators": 1411.654929601564,
  "Montr\u00e9al Canadiens": 1541.9477291849612,
  "New Jersey Devils": 1443.557824313376,
  "Philadelphia Flyers": 1581.8954838869206,
  "Seattle Kraken": 1495.6366857217238,
  "New York Islanders": 1636.4535526139773,
  "Detroit Red Wings": 1464.783230966815,
  "Carolina Hurricanes": 1635.0704229684707,
  "Tampa Bay Lightning": 1638.2195318681634,
  "Chicago Blackhawks": 1357.4210282984218,
  "Team Kloss Team Kloss": 1483.4940194023939,
  "Team King Team King": 1516.5059805976061,
  "Team McDavid Team McDavid": 1500.0,
  "Team MacKinnon Team MacKinnon": 1486.5059805976061,
  "Team Matthews Team Matthews": 1526.9880388047877,
  "Team Hughes Team Hughes": 1486.5059805976061,
  "Utah Utah Hockey Club": 1508.3243492227573,
  "M\u00fcnchen EHC Red Bull M\u00fcnchen": 1486.5996867231736,
  "Sweden": 1486.2306923690662,
  "Canada": 1532.8949103374614,
  "Finland": 1483.4940194023939,
  "USA": 1497.3803778910785,
  "Utah Mammoth": 1392.9992401994207
}