{
  "Arizona Coyotes": 1480.2570043644942,
  "Los Angeles Kings": 1553.60422893432,
  "St. Louis Blues": 1437.714775976458,
  "Pittsburgh Penguins": 1585.627513667851,
  "Columbus Blue Jackets": 1506.8920678709783,
  "Washington Capitals": 1618.8693375717146,
  "Buffalo Sabres": 1609.2972237256238,
  "Ottawa Senators": 1527.8626976209268,
  "Toronto Maple Leafs": 1537.1984533237105,
  "Colorado Avalanche": 1521.248417147103,
  "Minnesota Wild": 1344.1175159523962,
  "Boston Bruins": 1366.3455633981482,
  "New York Rangers": 1354.864768739327,
  "Edmonton Oilers": 1537.5048797909647,
  "Winnipeg Jets": 1551.4731514492862,
  "Dallas Stars": 1543.6941915051411,
  "Anaheim Ducks": 1472.31265163837,
  "San Jose Sharks": 1284.2898268218698,
  "Vegas Golden Knights": 1537.2037999397699,
  "Calgary Flames": 1400.1461419347838,
  "Vancouver Canucks": 1588.9011786656822,
  "Florida Panthers": 1538.6491701969362,
  "Nashville Predators": 1385.9718076705255,
  "Montr\u00e9al Canadiens": 1578.929804710111,
  "New Jersey Devils": 1590.6182324378362,
  "Philadelphia Flyers": 1402.8384026399121,
  "Seattle Kraken": 1470.5090476688513,
  "New York Islanders": 1493.9131412645934,
  "Detroit Red Wings": 1583.613545338427,
  "Carolina Hurricanes": 1572.3181141447014,
  "Tampa Bay Lightning": 1510.6136324824956,
  "Chicago Blackhawks": 1402.5609843553511,
  "Team Kloss Team Kloss": 1483.4940194023939,
  "Team King Team King": 1516.5059805976061,
  "Team McDavid Team McDavid": 1500.0,
  "Team MacKinnon Team MacKinnon": 1486.5059805976061,
  "Team Matthews Team Matthews": 1526.9880388047877,
  "Team Hughes Team Hughes": 1486.5059805976061,
  "Utah Utah Hockey Club": 1508.3243492227573,
  "M\u00fcnchen EHC Red Bull M\u00fcnchen": 1486.5996867231736,
  "Sweden": 1486.2306923690662,
  "Canada": 1532.8949103374614,
  "Finland": 1483.4940194023939,
  "USA": 1497.3803778910785,
  "Utah Mammoth": 1615.1146911054102
}