{
  "Arizona Coyotes": 1480.2570043644942,
  "Los Angeles Kings": 1454.4793516258787,
  "St. Louis Blues": 1359.0127671950386,
  "Pittsburgh Penguins": 1500.4154223282276,
  "Columbus Blue Jackets": 1563.1421353004669,
  "Washington Capitals": 1578.0874821118305,
  "Buffalo Sabres": 1657.6519618845468,
  "Ottawa Senators": 1510.355677099845,
  "Toronto Maple Leafs": 1356.5780958886687,
  "Colorado Avalanche": 1479.8328329533576,
  "Minnesota Wild": 1560.5539169609792,
  "Boston Bruins": 1600.6932035609777,
  "New York Rangers": 1369.5436744887736,
  "Edmonton Oilers": 1587.4575928812155,
  "Winnipeg Jets": 1440.6116538416113,
  "Dallas Stars": 1618.434495276686,
  "Anaheim Ducks": 1486.655996041317,
  "San Jose Sharks": 1525.8863283362577,
  "Vegas Golden Knights": 1584.4286638601698,
  "Calgary Flames": 1294.8879982618512,
  "Vancouver Canucks": 1278.944277613161,
  "Florida Panthers": 1521.29497254862,
  "Nashville Predators": 1510.0976827476857,
  "Montr\u00e9al Canadiens": 1578.443879940549,
  "New Jersey Devils": 1476.6512621016034,
  "Philadelphia Flyers": 1547.9774698975737,
  "Seattle Kraken": 1416.9668586530315,
  "New York Islanders": 1574.555515967728,
  "Detroit Red Wings": 1532.0548618061077,
  "Carolina Hurricanes": 1563.2195420679197,
  "Tampa Bay Lightning": 1739.4431779243098,
  "Chicago Blackhawks": 1330.1971654964082,
  "Team Kloss Team Kloss": 1483.4940194023939,
  "Team King Team King": 1516.5059805976061,
  "Team McDavid Team McDavid": 1500.0,
  "Team MacKinnon Team MacKinnon": 1486.5059805976061,
  "Team Matthews Team Matthews": 1526.9880388047877,
  "Team Hughes Team Hughes": 1486.5059805976061,
  "Utah Utah Hockey Club": 1508.3243492227573,
  "M\u00fcnchen EHC Red Bull M\u00fcnchen": 1486.5996867231736,
  "Sweden": 1486.2306923690662,
  "Canada": 1532.8949103374614,
  "Finland": 1483.4940194023939,
  "USA": 1497.3803778910785,
  "Utah Mammoth": 1426.2630430271788
}