{
  "Arizona Coyotes": 1480.2570043644942,
  "Los Angeles Kings": 1581.8092014627289,
  "St. Louis Blues": 1389.5569354675822,
  "Pittsburgh Penguins": 1512.1606913273467,
  "Columbus Blue Jackets": 1551.1924458594776,
  "Washington Capitals": 1518.868124943196,
  "Buffalo Sabres": 1489.1049738367933,
  "Ottawa Senators": 1530.6187440128006,
  "Toronto Maple Leafs": 1434.8365834460567,
  "Colorado Avalanche": 1609.9606644283754,
  "Minnesota Wild": 1388.8724983841405,
  "Boston Bruins": 1518.4887530971928,
  "New York Rangers": 1504.134646494476,
  "Edmonton Oilers": 1489.239869732152,
  "Winnipeg Jets": 1534.6281012753198,
  "Dallas Stars": 1580.7455200480101,
  "Anaheim Ducks": 1522.2258881779153,
  "San Jose Sharks": 1394.0911688917943,
  "Vegas Golden Knights": 1486.671158343177,
  "Calgary Flames": 1375.3939999018914,
  "Vancouver Canucks": 1523.1623335743254,
  "Florida Panthers": 1545.5777571261945,
  "Nashville Predators": 1329.1960725910974,
  "Montr\u00e9al Canadiens": 1506.8453910631993,
  "New Jersey Devils": 1550.0110348914568,
  "Philadelphia Flyers": 1433.309023664966,
  "Seattle Kraken": 1473.5869478611621,
  "New York Islanders": 1537.9913432309395,
  "Detroit Red Wings": 1565.552466403872,
  "Carolina Hurricanes": 1575.0402254168293,
  "Tampa Bay Lightning": 1588.7160260820376,
  "Chicago Blackhawks": 1441.8337042754417,
  "Team Kloss Team Kloss": 1483.4940194023939,
  "Team King Team King": 1516.5059805976061,
  "Team McDavid Team McDavid": 1500.0,
  "Team MacKinnon Team MacKinnon": 1486.5059805976061,
  "Team Matthews Team Matthews": 1526.9880388047877,
  "Team Hughes Team Hughes": 1486.5059805976061,
  "Utah Utah Hockey Club": 1508.3243492227573,
  "M\u00fcnchen EHC Red Bull M\u00fcnchen": 1486.5996867231736,
  "Sweden": 1486.2306923690662,
  "Canada": 1532.8949103374614,
  "Finland": 1483.4940194023939,
  "USA": 1497.3803778910785,
  "Utah Mammoth": 1541.396664377628
}