{
  "Arizona Coyotes": 1480.2570043644942,
  "Los Angeles Kings": 1527.6584291356908,
  "St. Louis Blues": 1393.0328522098,
  "Pittsburgh Penguins": 1513.2443062916557,
  "Columbus Blue Jackets": 1495.4644140929586,
  "Washington Capitals": 1578.8794840743376,
  "Buffalo Sabres": 1480.143243227693,
  "Ottawa Senators": 1537.0126043936598,
  "Toronto Maple Leafs": 1435.2063058972901,
  "Colorado Avalanche": 1627.33388196867,
  "Minnesota Wild": 1502.5063201258788,
  "Boston Bruins": 1495.034399020267,
  "New York Rangers": 1504.4098818557507,
  "Edmonton Oilers": 1463.9082073342402,
  "Winnipeg Jets": 1490.3640979349436,
  "Dallas Stars": 1591.9362639492695,
  "Anaheim Ducks": 1539.2158087820667,
  "San Jose Sharks": 1449.6259095753614,
  "Vegas Golden Knights": 1447.846285679108,
  "Calgary Flames": 1443.1493425705337,
  "Vancouver Canucks": 1494.8896301799812,
  "Florida Panthers": 1515.8574321909957,
  "Nashville Predators": 1354.628364038622,
  "Montr\u00e9al Canadiens": 1524.390391874792,
  "New Jersey Devils": 1547.326857179209,
  "Philadelphia Flyers": 1493.2442214016376,
  "Seattle Kraken": 1473.0095327605281,
  "New York Islanders": 1514.4815233502763,
  "Detroit Red Wings": 1528.2936233359467,
  "Carolina Hurricanes": 1557.480225638781,
  "Tampa Bay Lightning": 1633.71312881509,
  "Chicago Blackhawks": 1383.2589974439106,
  "Team Kloss Team Kloss": 1483.4940194023939,
  "Team King Team King": 1516.5059805976061,
  "Team McDavid Team McDavid": 1500.0,
  "Team MacKinnon Team MacKinnon": 1486.5059805976061,
  "Team Matthews Team Matthews": 1526.9880388047877,
  "Team Hughes Team Hughes": 1486.5059805976061,
  "Utah Utah Hockey Club": 1508.3243492227573,
  "M\u00fcnchen EHC Red Bull M\u00fcnchen": 1486.5996867231736,
  "Sweden": 1486.2306923690662,
  "Canada": 1532.8949103374614,
  "Finland": 1483.4940194023939,
  "USA": 1497.3803778910785,
  "Utah Mammoth": 1488.2729933606313
}