{
  "Arizona Coyotes": 1480.2570043644942,
  "Los Angeles Kings": 1456.5577382802323,
  "St. Louis Blues": 1436.0669245027154,
  "Pittsburgh Penguins": 1510.1826132445797,
  "Columbus Blue Jackets": 1457.1889665017018,
  "Washington Capitals": 1487.4527227334563,
  "Buffalo Sabres": 1597.2252423403556,
  "Ottawa Senators": 1477.474325239796,
  "Toronto Maple Leafs": 1510.8129001049874,
  "Colorado Avalanche": 1662.4957040049696,
  "Minnesota Wild": 1565.9096345870844,
  "Boston Bruins": 1499.3280251961894,
  "New York Rangers": 1482.591405084794,
  "Edmonton Oilers": 1510.3159954607152,
  "Winnipeg Jets": 1356.2668384409358,
  "Dallas Stars": 1527.8354823472582,
  "Anaheim Ducks": 1423.916512867858,
  "San Jose Sharks": 1518.341442503092,
  "Vegas Golden Knights": 1461.7650037028777,
  "Calgary Flames": 1470.216559358648,
  "Vancouver Canucks": 1429.8352007421377,
  "Florida Panthers": 1520.1918921901906,
  "Nashville Predators": 1481.578636204152,
  "Montr\u00e9al Canadiens": 1573.2919498421463,
  "New Jersey Devils": 1457.0530373698953,
  "Philadelphia Flyers": 1490.2791155486723,
  "Seattle Kraken": 1480.0493904654688,
  "New York Islanders": 1533.7228673336108,
  "Detroit Red Wings": 1547.9001281531102,
  "Carolina Hurricanes": 1563.22203405659,
  "Tampa Bay Lightning": 1640.7810740441098,
  "Chicago Blackhawks": 1426.4594609155483,
  "Team Kloss Team Kloss": 1483.4940194023939,
  "Team King Team King": 1516.5059805976061,
  "Team McDavid Team McDavid": 1500.0,
  "Team MacKinnon Team MacKinnon": 1486.5059805976061,
  "Team Matthews Team Matthews": 1526.9880388047877,
  "Team Hughes Team Hughes": 1486.5059805976061,
  "Utah Utah Hockey Club": 1508.3243492227573,
  "M\u00fcnchen EHC Red Bull M\u00fcnchen": 1486.5996867231736,
  "Sweden": 1486.2306923690662,
  "Canada": 1532.8949103374614,
  "Finland": 1483.4940194023939,
  "USA": 1497.3803778910785,
  "Utah Mammoth": 1468.5101363216975
}