{
  "Arizona Coyotes": 1480.2570043644942,
  "Los Angeles Kings": 1401.865851828657,
  "St. Louis Blues": 1370.8788703315236,
  "Pittsburgh Penguins": 1469.1222024351594,
  "Columbus Blue Jackets": 1626.292856771812,
  "Washington Capitals": 1613.1657603555948,
  "Buffalo Sabres": 1638.508227155996,
  "Ottawa Senators": 1533.4917365454232,
  "Toronto Maple Leafs": 1451.1800292016217,
  "Colorado Avalanche": 1491.8062680976525,
  "Minnesota Wild": 1659.9962000652945,
  "Boston Bruins": 1566.284914491207,
  "New York Rangers": 1333.0959622455146,
  "Edmonton Oilers": 1461.030514743169,
  "Winnipeg Jets": 1443.5134912842286,
  "Dallas Stars": 1697.158475479398,
  "Anaheim Ducks": 1522.8027604922247,
  "San Jose Sharks": 1392.7210983319267,
  "Vegas Golden Knights": 1485.3508408890502,
  "Calgary Flames": 1338.8548371842899,
  "Vancouver Canucks": 1264.261514226925,
  "Florida Panthers": 1456.170938441557,
  "Nashville Predators": 1505.0546309940478,
  "Montr\u00e9al Canadiens": 1632.4191319598315,
  "New Jersey Devils": 1447.211355355981,
  "Philadelphia Flyers": 1526.1633142319538,
  "Seattle Kraken": 1473.4876798476291,
  "New York Islanders": 1570.0176559383865,
  "Detroit Red Wings": 1458.9260025458457,
  "Carolina Hurricanes": 1625.0038073403116,
  "Tampa Bay Lightning": 1802.3209022287413,
  "Chicago Blackhawks": 1339.0769158715643,
  "Team Kloss Team Kloss": 1483.4940194023939,
  "Team King Team King": 1516.5059805976061,
  "Team McDavid Team McDavid": 1500.0,
  "Team MacKinnon Team MacKinnon": 1486.5059805976061,
  "Team Matthews Team Matthews": 1526.9880388047877,
  "Team Hughes Team Hughes": 1486.5059805976061,
  "Utah Utah Hockey Club": 1508.3243492227573,
  "M\u00fcnchen EHC Red Bull M\u00fcnchen": 1486.5996867231736,
  "Sweden": 1486.2306923690662,
  "Canada": 1532.8949103374614,
  "Finland": 1483.4940194023939,
  "USA": 1497.3803778910785,
  "Utah Mammoth": 1427.5842127770582
}