{
  "Arizona Coyotes": 1480.2570043644942,
  "Los Angeles Kings": 1447.5713289471003,
  "St. Louis Blues": 1395.2815305504614,
  "Pittsburgh Penguins": 1533.762310802387,
  "Columbus Blue Jackets": 1582.9242842966037,
  "Washington Capitals": 1641.3354032693765,
  "Buffalo Sabres": 1637.6867921048652,
  "Ottawa Senators": 1536.7994731263789,
  "Toronto Maple Leafs": 1358.847396767071,
  "Colorado Avalanche": 1488.0898024991636,
  "Minnesota Wild": 1608.71653524814,
  "Boston Bruins": 1607.4293343618317,
  "New York Rangers": 1333.0959622455146,
  "Edmonton Oilers": 1582.5923744214706,
  "Winnipeg Jets": 1464.0488841040108,
  "Dallas Stars": 1672.536373279031,
  "Anaheim Ducks": 1472.0459301084386,
  "San Jose Sharks": 1452.9316473068995,
  "Vegas Golden Knights": 1457.5341666696504,
  "Calgary Flames": 1324.5452794637936,
  "Vancouver Canucks": 1307.175215751245,
  "Florida Panthers": 1430.7410637168175,
  "Nashville Predators": 1510.6074318043206,
  "Montr\u00e9al Canadiens": 1642.158038445452,
  "New Jersey Devils": 1491.2765710415854,
  "Philadelphia Flyers": 1478.7425114327912,
  "Seattle Kraken": 1486.6029435253772,
  "New York Islanders": 1555.9706976481266,
  "Detroit Red Wings": 1457.3466705938072,
  "Carolina Hurricanes": 1590.354080567769,
  "Tampa Bay Lightning": 1775.050873683763,
  "Chicago Blackhawks": 1310.3039535619585,
  "Team Kloss Team Kloss": 1483.4940194023939,
  "Team King Team King": 1516.5059805976061,
  "Team McDavid Team McDavid": 1500.0,
  "Team MacKinnon Team MacKinnon": 1486.5059805976061,
  "Team Matthews Team Matthews": 1526.9880388047877,
  "Team Hughes Team Hughes": 1486.5059805976061,
  "Utah Utah Hockey Club": 1508.3243492227573,
  "M\u00fcnchen EHC Red Bull M\u00fcnchen": 1486.5996867231736,
  "Sweden": 1486.2306923690662,
  "Canada": 1532.8949103374614,
  "Finland": 1483.4940194023939,
  "USA": 1497.3803778910785,
  "Utah Mammoth": 1390.7140983443746
}