{
  "Arizona Coyotes": 1480.2570043644942,
  "Los Angeles Kings": 1530.5435742500492,
  "St. Louis Blues": 1446.0385561667867,
  "Pittsburgh Penguins": 1577.3037334775222,
  "Columbus Blue Jackets": 1506.8920678709783,
  "Washington Capitals": 1618.8693375717146,
  "Buffalo Sabres": 1609.2972237256238,
  "Ottawa Senators": 1520.034680246471,
  "Toronto Maple Leafs": 1537.1984533237105,
  "Colorado Avalanche": 1545.4031588028563,
  "Minnesota Wild": 1386.8604892095657,
  "Boston Bruins": 1374.173580772604,
  "New York Rangers": 1381.3320469863652,
  "Edmonton Oilers": 1563.3792481772127,
  "Winnipeg Jets": 1583.0198975725364,
  "Dallas Stars": 1521.250029803951,
  "Anaheim Ducks": 1472.31265163837,
  "San Jose Sharks": 1241.5468535647003,
  "Vegas Golden Knights": 1570.7303581595352,
  "Calgary Flames": 1373.6788636877457,
  "Vancouver Canucks": 1563.0268102794341,
  "Florida Panthers": 1538.6491701969362,
  "Nashville Predators": 1408.4159693717156,
  "Montr\u00e9al Canadiens": 1578.929804710111,
  "New Jersey Devils": 1566.463490782083,
  "Philadelphia Flyers": 1402.8384026399121,
  "Seattle Kraken": 1470.5090476688513,
  "New York Islanders": 1493.9131412645934,
  "Detroit Red Wings": 1583.613545338427,
  "Carolina Hurricanes": 1572.3181141447014,
  "Tampa Bay Lightning": 1477.0870742627303,
  "Chicago Blackhawks": 1425.6216390396219,
  "Team Kloss Team Kloss": 1483.4940194023939,
  "Team King Team King": 1516.5059805976061,
  "Team McDavid Team McDavid": 1500.0,
  "Team MacKinnon Team MacKinnon": 1486.5059805976061,
  "Team Matthews Team Matthews": 1526.9880388047877,
  "Team Hughes Team Hughes": 1486.5059805976061,
  "Utah Utah Hockey Club": 1508.3243492227573,
  "M\u00fcnchen EHC Red Bull M\u00fcnchen": 1486.5996867231736,
  "Sweden": 1486.2306923690662,
  "Canada": 1532.8949103374614,
  "Finland": 1483.4940194023939,
  "USA": 1497.3803778910785,
  "Utah Mammoth": 1583.56794498216
}