{
  "Arizona Coyotes": 1480.2570043644942,
  "Los Angeles Kings": 1433.554089177815,
  "St. Louis Blues": 1384.3393947574586,
  "Pittsburgh Penguins": 1461.6053466045123,
  "Columbus Blue Jackets": 1541.5223235102387,
  "Washington Capitals": 1511.3540425665753,
  "Buffalo Sabres": 1626.1807005521243,
  "Ottawa Senators": 1457.7319184703747,
  "Toronto Maple Leafs": 1496.813170084284,
  "Colorado Avalanche": 1569.5736289718034,
  "Minnesota Wild": 1561.584291396035,
  "Boston Bruins": 1622.1073710170097,
  "New York Rangers": 1373.8238358681667,
  "Edmonton Oilers": 1501.2490410297848,
  "Winnipeg Jets": 1441.8210398467213,
  "Dallas Stars": 1525.6856957016078,
  "Anaheim Ducks": 1483.06699005745,
  "San Jose Sharks": 1488.7120793892932,
  "Vegas Golden Knights": 1635.9644476696012,
  "Calgary Flames": 1396.9979614359672,
  "Vancouver Canucks": 1329.4396083955887,
  "Florida Panthers": 1547.6544237469777,
  "Nashville Predators": 1580.5663183888728,
  "Montr\u00e9al Canadiens": 1549.842393658693,
  "New Jersey Devils": 1451.3912379761578,
  "Philadelphia Flyers": 1524.658356961801,
  "Seattle Kraken": 1384.5612855664406,
  "New York Islanders": 1506.4744088761563,
  "Detroit Red Wings": 1576.547251286974,
  "Carolina Hurricanes": 1531.7337884451279,
  "Tampa Bay Lightning": 1702.6570677213772,
  "Chicago Blackhawks": 1415.2548932012387,
  "Team Kloss Team Kloss": 1483.4940194023939,
  "Team King Team King": 1516.5059805976061,
  "Team McDavid Team McDavid": 1500.0,
  "Team MacKinnon Team MacKinnon": 1486.5059805976061,
  "Team Matthews Team Matthews": 1526.9880388047877,
  "Team Hughes Team Hughes": 1486.5059805976061,
  "Utah Utah Hockey Club": 1508.3243492227573,
  "M\u00fcnchen EHC Red Bull M\u00fcnchen": 1486.5996867231736,
  "Sweden": 1486.2306923690662,
  "Canada": 1532.8949103374614,
  "Finland": 1483.4940194023939,
  "USA": 1497.3803778910785,
  "Utah Mammoth": 1410.3505573573473
}