{
  "Arizona Coyotes": 1480.2570043644942,
  "Los Angeles Kings": 1471.7097144038999,
  "St. Louis Blues": 1451.2846273862287,
  "Pittsburgh Penguins": 1497.8963910712062,
  "Columbus Blue Jackets": 1485.022315889529,
  "Washington Capitals": 1503.6134331828023,
  "Buffalo Sabres": 1576.1261037049478,
  "Ottawa Senators": 1500.0139639459417,
  "Toronto Maple Leafs": 1477.1382013264333,
  "Colorado Avalanche": 1670.932833183804,
  "Minnesota Wild": 1551.8938081931508,
  "Boston Bruins": 1500.3130145743035,
  "New York Rangers": 1495.2666937245385,
  "Edmonton Oilers": 1486.288680926104,
  "Winnipeg Jets": 1381.465031543988,
  "Dallas Stars": 1524.4299479018362,
  "Anaheim Ducks": 1443.877931785044,
  "San Jose Sharks": 1489.9037641515858,
  "Vegas Golden Knights": 1432.9275700305188,
  "Calgary Flames": 1494.8106706737083,
  "Vancouver Canucks": 1447.7407724692846,
  "Florida Panthers": 1549.0678636676191,
  "Nashville Predators": 1477.487539498311,
  "Montr\u00e9al Canadiens": 1549.8051312654597,
  "New Jersey Devils": 1480.3545574147558,
  "Philadelphia Flyers": 1496.05197707819,
  "Seattle Kraken": 1479.6853675162852,
  "New York Islanders": 1539.9175741118938,
  "Detroit Red Wings": 1538.4184064216265,
  "Carolina Hurricanes": 1541.8188721337176,
  "Tampa Bay Lightning": 1625.3231599584371,
  "Chicago Blackhawks": 1411.241758032035,
  "Team Kloss Team Kloss": 1483.4940194023939,
  "Team King Team King": 1516.5059805976061,
  "Team McDavid Team McDavid": 1500.0,
  "Team MacKinnon Team MacKinnon": 1486.5059805976061,
  "Team Matthews Team Matthews": 1526.9880388047877,
  "Team Hughes Team Hughes": 1486.5059805976061,
  "Utah Utah Hockey Club": 1508.3243492227573,
  "M\u00fcnchen EHC Red Bull M\u00fcnchen": 1486.5996867231736,
  "Sweden": 1486.2306923690662,
  "Canada": 1532.8949103374614,
  "Finland": 1483.4940194023939,
  "USA": 1497.3803778910785,
  "Utah Mammoth": 1452.99128252239
}