{
  "Carolina Hurricanes": 1467.630472000471,
  "Florida Panthers": 1532.369527999529,
  "Columbus Blue Jackets": 1524.3086439209467,
  "Pittsburgh Penguins": 1475.6913560790533,
  "Edmonton Oilers": 1467.630472000471,
  "Seattle Kraken": 1532.369527999529,
  "Vancouver Canucks": 1524.3086439209467,
  "Calgary Flames": 1475.6913560790533,
  "Anaheim Ducks": 1467.630472000471,
  "Los Angeles Kings": 1532.369527999529,
  "Detroit Red Wings": 1524.3086439209467,
  "Buffalo Sabres": 1475.6913560790533,
  "New York Rangers": 1467.630472000471,
  "New York Islanders": 1532.369527999529,
  "Washington Capitals": 1524.3086439209467,
  "Philadelphia Flyers": 1475.6913560790533,
  "Montr\u00e9al Canadiens": 1467.630472000471,
  "Toronto Maple Leafs": 1532.369527999529,
  "Minnesota Wild": 1467.630472000471,
  "Dallas Stars": 1532.369527999529,
  "Vegas Golden Knights": 1524.3086439209467,
  "Utah Mammoth": 1475.6913560790533
}