{
  "Arizona Coyotes": 1480.2570043644942,
  "Los Angeles Kings": 1453.2277438901149,
  "St. Louis Blues": 1417.2186150748196,
  "Pittsburgh Penguins": 1459.9430676504337,
  "Columbus Blue Jackets": 1484.2710305451806,
  "Washington Capitals": 1526.0199170172477,
  "Buffalo Sabres": 1594.3166175789622,
  "Ottawa Senators": 1490.551756436103,
  "Toronto Maple Leafs": 1488.9874788658854,
  "Colorado Avalanche": 1680.7420753110323,
  "Minnesota Wild": 1558.242709334901,
  "Boston Bruins": 1484.7260854122082,
  "New York Rangers": 1475.7668307045828,
  "Edmonton Oilers": 1503.8704091219067,
  "Winnipeg Jets": 1390.9272390538267,
  "Dallas Stars": 1541.2918032161124,
  "Anaheim Ducks": 1456.0110011570787,
  "San Jose Sharks": 1501.6345177339135,
  "Vegas Golden Knights": 1464.2337716610605,
  "Calgary Flames": 1513.6083497967013,
  "Vancouver Canucks": 1480.6067658104992,
  "Florida Panthers": 1548.3014690576135,
  "Nashville Predators": 1458.689860375318,
  "Montr\u00e9al Canadiens": 1551.4907589481636,
  "New Jersey Devils": 1482.7494377022479,
  "Philadelphia Flyers": 1478.4702488823873,
  "Seattle Kraken": 1462.4063033371658,
  "New York Islanders": 1528.0682965724418,
  "Detroit Red Wings": 1558.932501312733,
  "Carolina Hurricanes": 1537.1088210525497,
  "Tampa Bay Lightning": 1613.5924063761095,
  "Chicago Blackhawks": 1373.047601881477,
  "Team Kloss Team Kloss": 1483.4940194023939,
  "Team King Team King": 1516.5059805976061,
  "Team McDavid Team McDavid": 1500.0,
  "Team MacKinnon Team MacKinnon": 1486.5059805976061,
  "Team Matthews Team Matthews": 1526.9880388047877,
  "Team Hughes Team Hughes": 1486.5059805976061,
  "Utah Utah Hockey Club": 1508.3243492227573,
  "M\u00fcnchen EHC Red Bull M\u00fcnchen": 1486.5996867231736,
  "Sweden": 1486.2306923690662,
  "Canada": 1532.8949103374614,
  "Finland": 1483.4940194023939,
  "USA": 1497.3803778910785,
  "Utah Mammoth": 1465.7634688187989
}