{
  "Arizona Coyotes": 1480.2570043644942,
  "Los Angeles Kings": 1550.8205840198182,
  "St. Louis Blues": 1454.7526945653192,
  "Pittsburgh Penguins": 1598.3123705287537,
  "Columbus Blue Jackets": 1496.747898518175,
  "Washington Capitals": 1630.0807363781316,
  "Buffalo Sabres": 1617.5385781240986,
  "Ottawa Senators": 1497.9588137416258,
  "Toronto Maple Leafs": 1528.9570989252356,
  "Colorado Avalanche": 1567.5648767299565,
  "Minnesota Wild": 1395.9973233599167,
  "Boston Bruins": 1352.0118628455039,
  "New York Rangers": 1381.3320469863652,
  "Edmonton Oilers": 1582.4195809227385,
  "Winnipeg Jets": 1576.7677104316795,
  "Dallas Stars": 1504.0896981890635,
  "Anaheim Ducks": 1486.8509338816432,
  "San Jose Sharks": 1245.0239369353478,
  "Vegas Golden Knights": 1587.006658153455,
  "Calgary Flames": 1379.9310508286026,
  "Vancouver Canucks": 1580.3268127057715,
  "Florida Panthers": 1522.3728702030164,
  "Nashville Predators": 1388.1389596019467,
  "Montr\u00e9al Canadiens": 1561.6298022837736,
  "New Jersey Devils": 1562.9864074114355,
  "Philadelphia Flyers": 1383.8763485942916,
  "Seattle Kraken": 1451.4687149233255,
  "New York Islanders": 1512.875195310214,
  "Detroit Red Wings": 1574.8994069398946,
  "Carolina Hurricanes": 1589.478445759589,
  "Tampa Bay Lightning": 1462.548792019457,
  "Chicago Blackhawks": 1425.6216390396219,
  "Team Kloss Team Kloss": 1483.4940194023939,
  "Team King Team King": 1516.5059805976061,
  "Team McDavid Team McDavid": 1500.0,
  "Team MacKinnon Team MacKinnon": 1486.5059805976061,
  "Team Matthews Team Matthews": 1526.9880388047877,
  "Team Hughes Team Hughes": 1486.5059805976061,
  "Utah Utah Hockey Club": 1508.3243492227573,
  "M\u00fcnchen EHC Red Bull M\u00fcnchen": 1486.5996867231736,
  "Sweden": 1486.2306923690662,
  "Canada": 1532.8949103374614,
  "Finland": 1483.4940194023939,
  "USA": 1497.3803778910785,
  "Utah Mammoth": 1574.431110831809
}