{
  "Arizona Coyotes": 1480.2570043644942,
  "Los Angeles Kings": 1491.2127392133305,
  "St. Louis Blues": 1418.8945873575299,
  "Pittsburgh Penguins": 1470.9594118390028,
  "Columbus Blue Jackets": 1458.0210727057179,
  "Washington Capitals": 1570.232964177716,
  "Buffalo Sabres": 1500.5824351217748,
  "Ottawa Senators": 1487.6529121274175,
  "Toronto Maple Leafs": 1461.85273564733,
  "Colorado Avalanche": 1639.9174600076017,
  "Minnesota Wild": 1517.2971586131075,
  "Boston Bruins": 1544.9429681495797,
  "New York Rangers": 1496.100036456905,
  "Edmonton Oilers": 1506.9296282354367,
  "Winnipeg Jets": 1470.1410108272623,
  "Dallas Stars": 1586.8768594857163,
  "Anaheim Ducks": 1523.8996359869689,
  "San Jose Sharks": 1479.5545099178946,
  "Vegas Golden Knights": 1527.5263958178964,
  "Calgary Flames": 1470.5477088004943,
  "Vancouver Canucks": 1443.6926417024292,
  "Florida Panthers": 1532.6980315474227,
  "Nashville Predators": 1408.4387850744843,
  "Montr\u00e9al Canadiens": 1495.0231428897835,
  "New Jersey Devils": 1489.3602428841493,
  "Philadelphia Flyers": 1479.0203012821648,
  "Seattle Kraken": 1420.1157697512276,
  "New York Islanders": 1582.0087297939942,
  "Detroit Red Wings": 1547.4489374083628,
  "Carolina Hurricanes": 1576.9678808111819,
  "Tampa Bay Lightning": 1578.5870338507564,
  "Chicago Blackhawks": 1388.9485977377294,
  "Team Kloss Team Kloss": 1483.4940194023939,
  "Team King Team King": 1516.5059805976061,
  "Team McDavid Team McDavid": 1500.0,
  "Team MacKinnon Team MacKinnon": 1486.5059805976061,
  "Team Matthews Team Matthews": 1526.9880388047877,
  "Team Hughes Team Hughes": 1486.5059805976061,
  "Utah Utah Hockey Club": 1508.3243492227573,
  "M\u00fcnchen EHC Red Bull M\u00fcnchen": 1486.5996867231736,
  "Sweden": 1486.2306923690662,
  "Canada": 1532.8949103374614,
  "Finland": 1483.4940194023939,
  "USA": 1497.3803778910785,
  "Utah Mammoth": 1459.3666344672076
}