{
  "Carolina Hurricanes": 1467.630472000471,
  "Florida Panthers": 1532.369527999529,
  "Columbus Blue Jackets": 1524.3086439209467,
  "Pittsburgh Penguins": 1475.6913560790533,
  "Edmonton Oilers": 1467.630472000471,
  "Seattle Kraken": 1532.369527999529,
  "Vancouver Canucks": 1524.3086439209467,
  "Calgary Flames": 1475.6913560790533,
  "Anaheim Ducks": 1467.630472000471,
  "Los Angeles Kings": 1532.369527999529,
  "Detroit Red Wings": 1516.6619529286288,
  "Buffalo Sabres": 1483.3380470713712,
  "New York Rangers": 1477.7911284450092,
  "New York Islanders": 1522.2088715549908,
  "Washington Capitals": 1516.6619529286288,
  "Philadelphia Flyers": 1483.3380470713712,
  "Montr\u00e9al Canadiens": 1477.7911284450092,
  "Toronto Maple Leafs": 1522.2088715549908,
  "Minnesota Wild": 1477.7911284450092,
  "Dallas Stars": 1522.2088715549908,
  "Vegas Golden Knights": 1516.6619529286288,
  "Utah Mammoth": 1483.3380470713712
}