{
  "Carolina Hurricanes": 1459.9578163479725,
  "Florida Panthers": 1523.3352711818434,
  "Columbus Blue Jackets": 1514.6350033070146,
  "Pittsburgh Penguins": 1514.1483379855133,
  "Edmonton Oilers": 1463.2252962714786,
  "Seattle Kraken": 1530.8640008008567,
  "Vancouver Canucks": 1549.2644432627992,
  "Calgary Flames": 1447.7152435045045,
  "Anaheim Ducks": 1492.4843508238773,
  "Los Angeles Kings": 1509.3694431570239,
  "Detroit Red Wings": 1516.5104260953158,
  "Buffalo Sabres": 1466.541857955529,
  "New York Rangers": 1457.4778475695166,
  "New York Islanders": 1529.8957226754326,
  "Washington Capitals": 1512.4990856312997,
  "Philadelphia Flyers": 1455.0997052188184,
  "Montr\u00e9al Canadiens": 1480.8178859721443,
  "Toronto Maple Leafs": 1507.3464886844831,
  "Minnesota Wild": 1480.266484196819,
  "Dallas Stars": 1522.8765386631464,
  "Vegas Golden Knights": 1529.703606863826,
  "Utah Mammoth": 1485.5040269498852,
  "Tampa Bay Lightning": 1525.0620401607357,
  "New Jersey Devils": 1522.479968778456,
  "Winnipeg Jets": 1508.931016160361,
  "San Jose Sharks": 1490.7976024617362,
  "Boston Bruins": 1522.5476701264768,
  "St. Louis Blues": 1497.4651208918806,
  "Chicago Blackhawks": 1498.7932501518196,
  "Colorado Avalanche": 1501.633959080034,
  "Nashville Predators": 1491.6448723094484,
  "Ottawa Senators": 1491.1056167599518
}