{
  "Arizona Coyotes": 1480.2570043644942,
  "Los Angeles Kings": 1413.2717144051107,
  "St. Louis Blues": 1529.0361066213895,
  "Pittsburgh Penguins": 1471.4051148781532,
  "Columbus Blue Jackets": 1540.0014497944135,
  "Washington Capitals": 1569.915990384853,
  "Buffalo Sabres": 1739.5282830048868,
  "Ottawa Senators": 1538.057518010982,
  "Toronto Maple Leafs": 1392.6516962595724,
  "Colorado Avalanche": 1588.3130852643455,
  "Minnesota Wild": 1537.2660588995896,
  "Boston Bruins": 1503.7377485208333,
  "New York Rangers": 1414.520381238783,
  "Edmonton Oilers": 1496.3888702011375,
  "Winnipeg Jets": 1379.3472721807316,
  "Dallas Stars": 1715.4127201065028,
  "Anaheim Ducks": 1508.5794568196675,
  "San Jose Sharks": 1469.9448844786748,
  "Vegas Golden Knights": 1400.5596128789061,
  "Calgary Flames": 1335.9113210424057,
  "Vancouver Canucks": 1270.7966862503754,
  "Florida Panthers": 1472.6051328141955,
  "Nashville Predators": 1455.0856039600096,
  "Montr\u00e9al Canadiens": 1640.797852281036,
  "New Jersey Devils": 1429.6967850863587,
  "Philadelphia Flyers": 1600.9351284214326,
  "Seattle Kraken": 1434.101960192617,
  "New York Islanders": 1657.574751621534,
  "Detroit Red Wings": 1469.7576903948507,
  "Carolina Hurricanes": 1616.9030737275993,
  "Tampa Bay Lightning": 1656.3868811090347,
  "Chicago Blackhawks": 1369.6073553744475,
  "Team Kloss Team Kloss": 1483.4940194023939,
  "Team King Team King": 1516.5059805976061,
  "Team McDavid Team McDavid": 1500.0,
  "Team MacKinnon Team MacKinnon": 1486.5059805976061,
  "Team Matthews Team Matthews": 1526.9880388047877,
  "Team Hughes Team Hughes": 1486.5059805976061,
  "Utah Utah Hockey Club": 1508.3243492227573,
  "M\u00fcnchen EHC Red Bull M\u00fcnchen": 1486.5996867231736,
  "Sweden": 1486.2306923690662,
  "Canada": 1532.8949103374614,
  "Finland": 1483.4940194023939,
  "USA": 1497.3803778910785,
  "Utah Mammoth": 1406.7207734651465
}