{
  "Arizona Coyotes": 1480.2570043644942,
  "Los Angeles Kings": 1539.8458443945874,
  "St. Louis Blues": 1419.2891614510445,
  "Pittsburgh Penguins": 1534.7337008051684,
  "Columbus Blue Jackets": 1550.2523948944674,
  "Washington Capitals": 1563.801868337583,
  "Buffalo Sabres": 1496.9583429980942,
  "Ottawa Senators": 1519.803215891829,
  "Toronto Maple Leafs": 1475.5812260332762,
  "Colorado Avalanche": 1592.2149609844598,
  "Minnesota Wild": 1368.1422769423361,
  "Boston Bruins": 1527.46071659016,
  "New York Rangers": 1462.3639224257624,
  "Edmonton Oilers": 1473.567843819646,
  "Winnipeg Jets": 1560.7897343663515,
  "Dallas Stars": 1539.3303366250948,
  "Anaheim Ducks": 1569.563726865506,
  "San Jose Sharks": 1437.9968290071654,
  "Vegas Golden Knights": 1506.3964205863927,
  "Calgary Flames": 1353.2796453624492,
  "Vancouver Canucks": 1534.53435383181,
  "Florida Panthers": 1533.2685467867457,
  "Nashville Predators": 1306.6230631132757,
  "Montr\u00e9al Canadiens": 1557.4147335337352,
  "New Jersey Devils": 1520.3442810167237,
  "Philadelphia Flyers": 1440.4893863720774,
  "Seattle Kraken": 1425.6340091942016,
  "New York Islanders": 1486.5990925416177,
  "Detroit Red Wings": 1560.1874375781288,
  "Carolina Hurricanes": 1585.2656067633689,
  "Tampa Bay Lightning": 1594.3872027768014,
  "Chicago Blackhawks": 1440.4738018319665,
  "Team Kloss Team Kloss": 1483.4940194023939,
  "Team King Team King": 1516.5059805976061,
  "Team McDavid Team McDavid": 1500.0,
  "Team MacKinnon Team MacKinnon": 1486.5059805976061,
  "Team Matthews Team Matthews": 1526.9880388047877,
  "Team Hughes Team Hughes": 1486.5059805976061,
  "Utah Utah Hockey Club": 1508.3243492227573,
  "M\u00fcnchen EHC Red Bull M\u00fcnchen": 1486.5996867231736,
  "Sweden": 1486.2306923690662,
  "Canada": 1532.8949103374614,
  "Finland": 1483.4940194023939,
  "USA": 1497.3803778910785,
  "Utah Mammoth": 1548.22527596775
}