{
  "Carolina Hurricanes": 1459.9578163479725,
  "Florida Panthers": 1532.369527999529,
  "Columbus Blue Jackets": 1514.6350033070146,
  "Pittsburgh Penguins": 1495.3251992480568,
  "Edmonton Oilers": 1477.1234613368536,
  "Seattle Kraken": 1523.5708038439202,
  "Vancouver Canucks": 1533.1073680765555,
  "Calgary Flames": 1467.5355557622133,
  "Anaheim Ducks": 1480.8178859721443,
  "Los Angeles Kings": 1519.1821140278557,
  "Detroit Red Wings": 1504.6748007519432,
  "Buffalo Sabres": 1485.3649966929854,
  "New York Rangers": 1467.630472000471,
  "New York Islanders": 1520.0421836520275,
  "Washington Capitals": 1524.3086439209467,
  "Philadelphia Flyers": 1464.9532442422235,
  "Montr\u00e9al Canadiens": 1480.8178859721443,
  "Toronto Maple Leafs": 1519.1821140278557,
  "Minnesota Wild": 1467.630472000471,
  "Dallas Stars": 1522.8765386631464,
  "Vegas Golden Knights": 1535.0467557577765,
  "Utah Mammoth": 1475.6913560790533,
  "Tampa Bay Lightning": 1516.02778334305,
  "New Jersey Devils": 1512.3273443475016,
  "Winnipeg Jets": 1498.6628109804574,
  "San Jose Sharks": 1489.2618881631702,
  "Boston Bruins": 1510.7381118368298,
  "St. Louis Blues": 1488.5707376518324,
  "Chicago Blackhawks": 1511.4292623481676,
  "Colorado Avalanche": 1509.4929893363826,
  "Nashville Predators": 1491.6448723094484
}