{
  "Toronto Maple Leafs": 1544.1676811570476,
  "Ottawa Senators": 1497.7657323750677,
  "Philadelphia Flyers": 1437.481035232389,
  "Boston Bruins": 1553.8400275389654,
  "Arizona Coyotes": 1459.1973705315997,
  "St. Louis Blues": 1506.8047413782692,
  "Pittsburgh Penguins": 1484.3512613380674,
  "Columbus Blue Jackets": 1389.6664093506406,
  "Washington Capitals": 1478.5915970634032,
  "Buffalo Sabres": 1512.657612422739,
  "Minnesota Wild": 1487.949106899777,
  "Colorado Avalanche": 1586.5652783045393,
  "Anaheim Ducks": 1347.3588198081975,
  "Edmonton Oilers": 1619.3298772136043,
  "Winnipeg Jets": 1563.7966060054368,
  "San Jose Sharks": 1275.0364868709728,
  "Los Angeles Kings": 1500.3938761345098,
  "Vancouver Canucks": 1554.374740166962,
  "Calgary Flames": 1465.942153779109,
  "Vegas Golden Knights": 1535.0178815064203,
  "Nashville Predators": 1537.1017278264371,
  "Florida Panthers": 1650.6444778783605,
  "Montr\u00e9al Canadiens": 1390.947170127026,
  "New Jersey Devils": 1463.3205691012147,
  "New York Rangers": 1632.917680404475,
  "New York Islanders": 1512.0151515826874,
  "Dallas Stars": 1600.5694724084672,
  "Seattle Kraken": 1435.052599605382,
  "Carolina Hurricanes": 1620.7338747059298,
  "Tampa Bay Lightning": 1529.726429138562,
  "Detroit Red Wings": 1496.3439541364435,
  "Chicago Blackhawks": 1330.338598007297
}