{
  "Arizona Coyotes": 1480.2570043644942,
  "Los Angeles Kings": 1385.1785763162507,
  "St. Louis Blues": 1496.840420634001,
  "Pittsburgh Penguins": 1506.5475249262233,
  "Columbus Blue Jackets": 1489.058027011341,
  "Washington Capitals": 1543.732520688384,
  "Buffalo Sabres": 1634.4396550948295,
  "Ottawa Senators": 1570.1598211854034,
  "Toronto Maple Leafs": 1467.855450290135,
  "Colorado Avalanche": 1600.2760642300445,
  "Minnesota Wild": 1481.2541620770662,
  "Boston Bruins": 1546.2408828098035,
  "New York Rangers": 1419.8507224916589,
  "Edmonton Oilers": 1552.4770284572392,
  "Winnipeg Jets": 1517.9095578414012,
  "Dallas Stars": 1511.7519671521688,
  "Anaheim Ducks": 1549.7672360614588,
  "San Jose Sharks": 1446.979249031583,
  "Vegas Golden Knights": 1441.3449120767402,
  "Calgary Flames": 1449.5806322352732,
  "Vancouver Canucks": 1239.3416846191544,
  "Florida Panthers": 1408.8650638232755,
  "Nashville Predators": 1497.0524238676774,
  "Montr\u00e9al Canadiens": 1683.987616487292,
  "New Jersey Devils": 1513.517255711947,
  "Philadelphia Flyers": 1602.0950932748333,
  "Seattle Kraken": 1400.8946928688308,
  "New York Islanders": 1542.4772231970826,
  "Detroit Red Wings": 1448.7181468893998,
  "Carolina Hurricanes": 1641.8397616454304,
  "Tampa Bay Lightning": 1630.774485721801,
  "Chicago Blackhawks": 1344.8427111709586,
  "Team Kloss Team Kloss": 1483.4940194023939,
  "Team King Team King": 1516.5059805976061,
  "Team McDavid Team McDavid": 1500.0,
  "Team MacKinnon Team MacKinnon": 1486.5059805976061,
  "Team Matthews Team Matthews": 1526.9880388047877,
  "Team Hughes Team Hughes": 1486.5059805976061,
  "Utah Utah Hockey Club": 1508.3243492227573,
  "M\u00fcnchen EHC Red Bull M\u00fcnchen": 1486.5996867231736,
  "Sweden": 1486.2306923690662,
  "Canada": 1532.8949103374614,
  "Finland": 1483.4940194023939,
  "USA": 1497.3803778910785,
  "Utah Mammoth": 1459.1683898008878
}