{
  "Arizona Coyotes": 1480.2570043644942,
  "Los Angeles Kings": 1520.088846120725,
  "St. Louis Blues": 1482.0659994330604,
  "Pittsburgh Penguins": 1568.1499380079738,
  "Columbus Blue Jackets": 1490.037191110924,
  "Washington Capitals": 1611.3839752075583,
  "Buffalo Sabres": 1560.4457299961236,
  "Ottawa Senators": 1502.5923469376603,
  "Toronto Maple Leafs": 1557.9350756833708,
  "Colorado Avalanche": 1600.418041380242,
  "Minnesota Wild": 1421.0450672778336,
  "Boston Bruins": 1373.865503033589,
  "New York Rangers": 1404.5613118505767,
  "Edmonton Oilers": 1554.358614317904,
  "Winnipeg Jets": 1592.8957818866133,
  "Dallas Stars": 1538.4870388760971,
  "Anaheim Ducks": 1462.1977678187645,
  "San Jose Sharks": 1230.030167541031,
  "Vegas Golden Knights": 1587.006658153455,
  "Calgary Flames": 1417.3563808497358,
  "Vancouver Canucks": 1618.8912012519675,
  "Florida Panthers": 1526.7592901196376,
  "Nashville Predators": 1378.150109534703,
  "Montr\u00e9al Canadiens": 1544.6276356013036,
  "New Jersey Devils": 1516.066298369962,
  "Philadelphia Flyers": 1393.5195188217426,
  "Seattle Kraken": 1435.5741125903091,
  "New York Islanders": 1490.583106813801,
  "Detroit Red Wings": 1638.9432364598094,
  "Carolina Hurricanes": 1572.4560148222704,
  "Tampa Bay Lightning": 1482.192791998335,
  "Chicago Blackhawks": 1405.977639060744,
  "Team Kloss Team Kloss": 1483.4940194023939,
  "Team King Team King": 1516.5059805976061,
  "Team McDavid Team McDavid": 1500.0,
  "Team MacKinnon Team MacKinnon": 1486.5059805976061,
  "Team Matthews Team Matthews": 1526.9880388047877,
  "Team Hughes Team Hughes": 1486.5059805976061,
  "Utah Utah Hockey Club": 1508.3243492227573,
  "M\u00fcnchen EHC Red Bull M\u00fcnchen": 1486.5996867231736,
  "Sweden": 1486.2306923690662,
  "Canada": 1532.8949103374614,
  "Finland": 1483.4940194023939,
  "USA": 1497.3803778910785,
  "Utah Mammoth": 1546.156568761753
}