{
  "Arizona Coyotes": 1480.2570043644942,
  "Los Angeles Kings": 1545.721692464056,
  "St. Louis Blues": 1366.7774623839416,
  "Pittsburgh Penguins": 1518.8172925728911,
  "Columbus Blue Jackets": 1560.2744738695744,
  "Washington Capitals": 1560.4111469204481,
  "Buffalo Sabres": 1480.6990430147562,
  "Ottawa Senators": 1547.891956320623,
  "Toronto Maple Leafs": 1434.2753227154044,
  "Colorado Avalanche": 1628.3525050005908,
  "Minnesota Wild": 1427.5678450999485,
  "Boston Bruins": 1492.280502805545,
  "New York Rangers": 1467.9953826144629,
  "Edmonton Oilers": 1455.9048426319398,
  "Winnipeg Jets": 1549.334429596097,
  "Dallas Stars": 1577.101227600607,
  "Anaheim Ducks": 1531.407256405968,
  "San Jose Sharks": 1433.096747884405,
  "Vegas Golden Knights": 1500.9437450386395,
  "Calgary Flames": 1386.5588782208708,
  "Vancouver Canucks": 1513.9415883038844,
  "Florida Panthers": 1571.5136406587733,
  "Nashville Predators": 1322.539471345553,
  "Montr\u00e9al Canadiens": 1480.8980142105554,
  "New Jersey Devils": 1524.7659465960414,
  "Philadelphia Flyers": 1444.4940544847227,
  "Seattle Kraken": 1480.3554922727706,
  "New York Islanders": 1564.489566467725,
  "Detroit Red Wings": 1570.357240136603,
  "Carolina Hurricanes": 1568.0977097241168,
  "Tampa Bay Lightning": 1590.9696764917896,
  "Chicago Blackhawks": 1436.573541414493,
  "Team Kloss Team Kloss": 1483.4940194023939,
  "Team King Team King": 1516.5059805976061,
  "Team McDavid Team McDavid": 1500.0,
  "Team MacKinnon Team MacKinnon": 1486.5059805976061,
  "Team Matthews Team Matthews": 1526.9880388047877,
  "Team Hughes Team Hughes": 1486.5059805976061,
  "Utah Utah Hockey Club": 1508.3243492227573,
  "M\u00fcnchen EHC Red Bull M\u00fcnchen": 1486.5996867231736,
  "Sweden": 1486.2306923690662,
  "Canada": 1532.8949103374614,
  "Finland": 1483.4940194023939,
  "USA": 1497.3803778910785,
  "Utah Mammoth": 1490.4112644217792
}