{
  "Arizona Coyotes": 1480.2570043644942,
  "Los Angeles Kings": 1442.663837908951,
  "St. Louis Blues": 1397.9443626407544,
  "Pittsburgh Penguins": 1514.076471623955,
  "Columbus Blue Jackets": 1563.1421353004669,
  "Washington Capitals": 1605.888555120687,
  "Buffalo Sabres": 1669.4674756014745,
  "Ottawa Senators": 1510.355677099845,
  "Toronto Maple Leafs": 1335.478180772092,
  "Colorado Avalanche": 1461.5281337606266,
  "Minnesota Wild": 1569.3875021492133,
  "Boston Bruins": 1622.376475382417,
  "New York Rangers": 1353.7040597798516,
  "Edmonton Oilers": 1608.468215297893,
  "Winnipeg Jets": 1433.0961843097612,
  "Dallas Stars": 1647.2243554092852,
  "Anaheim Ducks": 1444.4347731697599,
  "San Jose Sharks": 1504.8757059195802,
  "Vegas Golden Knights": 1555.6388037275706,
  "Calgary Flames": 1286.054413073617,
  "Vancouver Canucks": 1321.165500484718,
  "Florida Panthers": 1482.3633771029042,
  "Nashville Predators": 1481.5175559619306,
  "Montr\u00e9al Canadiens": 1596.7485791332801,
  "New Jersey Devils": 1505.2313888873584,
  "Philadelphia Flyers": 1526.2941980761343,
  "Seattle Kraken": 1438.0667737696083,
  "New York Islanders": 1590.39513067665,
  "Detroit Red Wings": 1504.2537887972512,
  "Carolina Hurricanes": 1578.933392369528,
  "Tampa Bay Lightning": 1746.95864745616,
  "Chicago Blackhawks": 1316.5361162006807,
  "Team Kloss Team Kloss": 1483.4940194023939,
  "Team King Team King": 1516.5059805976061,
  "Team McDavid Team McDavid": 1500.0,
  "Team MacKinnon Team MacKinnon": 1486.5059805976061,
  "Team Matthews Team Matthews": 1526.9880388047877,
  "Team Hughes Team Hughes": 1486.5059805976061,
  "Utah Utah Hockey Club": 1508.3243492227573,
  "M\u00fcnchen EHC Red Bull M\u00fcnchen": 1486.5996867231736,
  "Sweden": 1486.2306923690662,
  "Canada": 1532.8949103374614,
  "Finland": 1483.4940194023939,
  "USA": 1497.3803778910785,
  "Utah Mammoth": 1410.5491927255705
}