{
  "Arizona Coyotes": 1480.2570043644942,
  "Los Angeles Kings": 1573.6404875111486,
  "St. Louis Blues": 1546.7118549224272,
  "Pittsburgh Penguins": 1536.4240535046713,
  "Columbus Blue Jackets": 1489.8243212314599,
  "Washington Capitals": 1548.507624123862,
  "Buffalo Sabres": 1505.5183182117707,
  "Ottawa Senators": 1549.0320988850654,
  "Toronto Maple Leafs": 1556.6097603843427,
  "Colorado Avalanche": 1576.659445076211,
  "Minnesota Wild": 1493.3214609355916,
  "Boston Bruins": 1422.1686639994407,
  "New York Rangers": 1425.589153036862,
  "Edmonton Oilers": 1603.3741978448984,
  "Winnipeg Jets": 1558.2697351478246,
  "Dallas Stars": 1609.109520889566,
  "Anaheim Ducks": 1464.274353922677,
  "San Jose Sharks": 1281.628599099783,
  "Vegas Golden Knights": 1511.6254783098643,
  "Calgary Flames": 1506.5084130395942,
  "Vancouver Canucks": 1526.5018959101744,
  "Florida Panthers": 1632.42380381327,
  "Nashville Predators": 1448.681812653054,
  "Montr\u00e9al Canadiens": 1509.3516294466326,
  "New Jersey Devils": 1423.0235934790896,
  "Philadelphia Flyers": 1405.5638614479403,
  "Seattle Kraken": 1484.8949396618632,
  "New York Islanders": 1403.5067117028373,
  "Detroit Red Wings": 1540.2137082487448,
  "Carolina Hurricanes": 1489.8660710588883,
  "Tampa Bay Lightning": 1578.7466152007185,
  "Chicago Blackhawks": 1358.5356313007228,
  "Team Kloss Team Kloss": 1483.4940194023939,
  "Team King Team King": 1516.5059805976061,
  "Team McDavid Team McDavid": 1500.0,
  "Team MacKinnon Team MacKinnon": 1486.5059805976061,
  "Team Matthews Team Matthews": 1526.9880388047877,
  "Team Hughes Team Hughes": 1486.5059805976061,
  "Utah Utah Hockey Club": 1508.3243492227573,
  "M\u00fcnchen EHC Red Bull M\u00fcnchen": 1486.5996867231736,
  "Sweden": 1486.2306923690662,
  "Canada": 1532.8949103374614,
  "Finland": 1483.4940194023939,
  "USA": 1497.3803778910785,
  "Utah Mammoth": 1464.71114568858
}