{
  "Arizona Coyotes": 1480.2570043644942,
  "Los Angeles Kings": 1360.0620410741042,
  "St. Louis Blues": 1494.8449190792373,
  "Pittsburgh Penguins": 1493.6640335998823,
  "Columbus Blue Jackets": 1527.9351240328222,
  "Washington Capitals": 1521.592230194768,
  "Buffalo Sabres": 1660.9066357831598,
  "Ottawa Senators": 1596.5621192472324,
  "Toronto Maple Leafs": 1502.3336231368978,
  "Colorado Avalanche": 1613.96630471204,
  "Minnesota Wild": 1453.367206494497,
  "Boston Bruins": 1566.335691398031,
  "New York Rangers": 1390.9724235248134,
  "Edmonton Oilers": 1560.9512288647252,
  "Winnipeg Jets": 1505.2299354324866,
  "Dallas Stars": 1523.7333306858231,
  "Anaheim Ducks": 1614.3166815151862,
  "San Jose Sharks": 1425.562261577744,
  "Vegas Golden Knights": 1403.6639939003146,
  "Calgary Flames": 1442.627326190814,
  "Vancouver Canucks": 1226.1874691414396,
  "Florida Panthers": 1375.948183087224,
  "Nashville Predators": 1468.678239250352,
  "Montr\u00e9al Canadiens": 1651.8472669562013,
  "New Jersey Devils": 1528.2002608942655,
  "Philadelphia Flyers": 1627.2279180873134,
  "Seattle Kraken": 1446.9313474662547,
  "New York Islanders": 1578.587589706249,
  "Detroit Red Wings": 1453.7977887721129,
  "Carolina Hurricanes": 1609.4096341739275,
  "Tampa Bay Lightning": 1626.0258564897156,
  "Chicago Blackhawks": 1339.1006754907526,
  "Team Kloss Team Kloss": 1483.4940194023939,
  "Team King Team King": 1516.5059805976061,
  "Team McDavid Team McDavid": 1500.0,
  "Team MacKinnon Team MacKinnon": 1486.5059805976061,
  "Team Matthews Team Matthews": 1526.9880388047877,
  "Team Hughes Team Hughes": 1486.5059805976061,
  "Utah Utah Hockey Club": 1508.3243492227573,
  "M\u00fcnchen EHC Red Bull M\u00fcnchen": 1486.5996867231736,
  "Sweden": 1486.2306923690662,
  "Canada": 1532.8949103374614,
  "Finland": 1483.4940194023939,
  "USA": 1497.3803778910785,
  "Utah Mammoth": 1434.249619729189
}