{
  "Arizona Coyotes": 1470.161850487337,
  "Los Angeles Kings": 1555.747381979109,
  "St. Louis Blues": 1535.3923794421298,
  "Pittsburgh Penguins": 1505.4974303718534,
  "Columbus Blue Jackets": 1486.0170365116974,
  "Washington Capitals": 1557.4628069030778,
  "Buffalo Sabres": 1502.010733612422,
  "Ottawa Senators": 1536.6149869226633,
  "Toronto Maple Leafs": 1562.825789833811,
  "Colorado Avalanche": 1581.0682563746534,
  "Minnesota Wild": 1507.6880389144806,
  "Boston Bruins": 1431.6805490380827,
  "New York Rangers": 1452.9879834468302,
  "Dallas Stars": 1602.4273602740261,
  "Edmonton Oilers": 1592.5566691552815,
  "Winnipeg Jets": 1578.365305020978,
  "Anaheim Ducks": 1454.965093993012,
  "San Jose Sharks": 1290.8390338756421,
  "Vegas Golden Knights": 1522.5227152682387,
  "Calgary Flames": 1511.1341757259215,
  "Vancouver Canucks": 1522.8521717650922,
  "Florida Panthers": 1613.675756824593,
  "Nashville Predators": 1438.8549131402467,
  "New Jersey Devils": 1441.2984524520239,
  "Philadelphia Flyers": 1422.099718037968,
  "Montr\u00e9al Canadiens": 1498.5648360050463,
  "Seattle Kraken": 1466.418943428174,
  "New York Islanders": 1427.5758880846033,
  "Detroit Red Wings": 1522.1056882637995,
  "Carolina Hurricanes": 1511.782963178468,
  "Tampa Bay Lightning": 1568.4803688542565,
  "Chicago Blackhawks": 1354.441561893086,
  "Utah Mammoth": 1473.8831609213958
}