{
  "Arizona Coyotes": 1480.2570043644942,
  "Los Angeles Kings": 1429.2045151349246,
  "St. Louis Blues": 1514.1179661562085,
  "Pittsburgh Penguins": 1524.2842483592544,
  "Columbus Blue Jackets": 1517.4154153961433,
  "Washington Capitals": 1525.734835645884,
  "Buffalo Sabres": 1655.6274865616192,
  "Ottawa Senators": 1634.9571421598941,
  "Toronto Maple Leafs": 1437.7553889219455,
  "Colorado Avalanche": 1561.770151561342,
  "Minnesota Wild": 1491.1858627448498,
  "Boston Bruins": 1501.5858504523667,
  "New York Rangers": 1445.6069030956394,
  "Edmonton Oilers": 1516.1997520388247,
  "Winnipeg Jets": 1529.5738930869259,
  "Dallas Stars": 1546.19981900924,
  "Anaheim Ducks": 1540.7719138241982,
  "San Jose Sharks": 1421.4743513294193,
  "Vegas Golden Knights": 1455.6286070432157,
  "Calgary Flames": 1415.7300490567857,
  "Vancouver Canucks": 1248.4968264200813,
  "Florida Panthers": 1399.9352210416728,
  "Nashville Predators": 1498.2360768813512,
  "Montr\u00e9al Canadiens": 1633.5559863528435,
  "New Jersey Devils": 1539.225017048441,
  "Philadelphia Flyers": 1627.9844629993636,
  "Seattle Kraken": 1414.4556655687284,
  "New York Islanders": 1539.3375103478463,
  "Detroit Red Wings": 1416.6340516291045,
  "Carolina Hurricanes": 1636.6801407983596,
  "Tampa Bay Lightning": 1604.7213403132514,
  "Chicago Blackhawks": 1320.4562967354484,
  "Team Kloss Team Kloss": 1483.4940194023939,
  "Team King Team King": 1516.5059805976061,
  "Team McDavid Team McDavid": 1500.0,
  "Team MacKinnon Team MacKinnon": 1486.5059805976061,
  "Team Matthews Team Matthews": 1526.9880388047877,
  "Team Hughes Team Hughes": 1486.5059805976061,
  "Utah Utah Hockey Club": 1508.3243492227573,
  "M\u00fcnchen EHC Red Bull M\u00fcnchen": 1486.5996867231736,
  "Sweden": 1486.2306923690662,
  "Canada": 1532.8949103374614,
  "Finland": 1483.4940194023939,
  "USA": 1497.3803778910785,
  "Utah Mammoth": 1480.2762119744032
}