{
  "Arizona Coyotes": 1480.2570043644942,
  "Los Angeles Kings": 1445.738712565752,
  "St. Louis Blues": 1320.3763068139576,
  "Pittsburgh Penguins": 1484.8369982556576,
  "Columbus Blue Jackets": 1563.1421353004669,
  "Washington Capitals": 1566.3027952538519,
  "Buffalo Sabres": 1637.5944129317427,
  "Ottawa Senators": 1510.355677099845,
  "Toronto Maple Leafs": 1388.3557129709845,
  "Colorado Avalanche": 1501.2884289403519,
  "Minnesota Wild": 1544.4856751938141,
  "Boston Bruins": 1561.6235791804224,
  "New York Rangers": 1387.8654996826328,
  "Edmonton Oilers": 1562.5614182728855,
  "Winnipeg Jets": 1431.0120946159002,
  "Dallas Stars": 1577.464160257172,
  "Anaheim Ducks": 1534.7848365342095,
  "San Jose Sharks": 1545.6649413233856,
  "Vegas Golden Knights": 1636.5211487823478,
  "Calgary Flames": 1304.5746438362419,
  "Vancouver Canucks": 1235.9329987414706,
  "Florida Panthers": 1589.346237040211,
  "Nashville Predators": 1557.6107833959798,
  "Montr\u00e9al Canadiens": 1539.3316597467217,
  "New Jersey Devils": 1460.2010410082219,
  "Philadelphia Flyers": 1573.7243686449829,
  "Seattle Kraken": 1370.470781729938,
  "New York Islanders": 1556.2336907738688,
  "Detroit Red Wings": 1587.356196517795,
  "Carolina Hurricanes": 1545.056979887149,
  "Tampa Bay Lightning": 1731.3025832282544,
  "Chicago Blackhawks": 1352.1571857617525,
  "Team Kloss Team Kloss": 1483.4940194023939,
  "Team King Team King": 1516.5059805976061,
  "Team McDavid Team McDavid": 1500.0,
  "Team MacKinnon Team MacKinnon": 1486.5059805976061,
  "Team Matthews Team Matthews": 1526.9880388047877,
  "Team Hughes Team Hughes": 1486.5059805976061,
  "Utah Utah Hockey Club": 1508.3243492227573,
  "M\u00fcnchen EHC Red Bull M\u00fcnchen": 1486.5996867231736,
  "Sweden": 1486.2306923690662,
  "Canada": 1532.8949103374614,
  "Finland": 1483.4940194023939,
  "USA": 1497.3803778910785,
  "Utah Mammoth": 1421.5452754016087
}