{
  "Arizona Coyotes": 1480.2570043644942,
  "Los Angeles Kings": 1544.7513982265214,
  "St. Louis Blues": 1416.6203971147163,
  "Pittsburgh Penguins": 1572.0169940182293,
  "Columbus Blue Jackets": 1605.8567778294139,
  "Washington Capitals": 1602.1425266759763,
  "Buffalo Sabres": 1566.905919022564,
  "Ottawa Senators": 1517.8750821667813,
  "Toronto Maple Leafs": 1466.9998323751593,
  "Colorado Avalanche": 1537.727459854254,
  "Minnesota Wild": 1328.591772672205,
  "Boston Bruins": 1407.000206158881,
  "New York Rangers": 1402.7011416054904,
  "Edmonton Oilers": 1531.2407208134389,
  "Winnipeg Jets": 1567.6731018976723,
  "Dallas Stars": 1545.2658481866386,
  "Anaheim Ducks": 1491.5677182263905,
  "San Jose Sharks": 1302.6468692309757,
  "Vegas Golden Knights": 1555.1904438325887,
  "Calgary Flames": 1383.1956810516526,
  "Vancouver Canucks": 1574.8854355474646,
  "Florida Panthers": 1519.3941036089157,
  "Nashville Predators": 1363.319976149282,
  "Montr\u00e9al Canadiens": 1590.8063329017693,
  "New Jersey Devils": 1549.6002571140245,
  "Philadelphia Flyers": 1435.298418431023,
  "Seattle Kraken": 1458.632519477193,
  "New York Islanders": 1464.773602071949,
  "Detroit Red Wings": 1609.0166198505178,
  "Carolina Hurricanes": 1564.5664993485022,
  "Tampa Bay Lightning": 1536.9822887569915,
  "Chicago Blackhawks": 1413.2887698723998,
  "Team Kloss Team Kloss": 1483.4940194023939,
  "Team King Team King": 1516.5059805976061,
  "Team McDavid Team McDavid": 1500.0,
  "Team MacKinnon Team MacKinnon": 1486.5059805976061,
  "Team Matthews Team Matthews": 1526.9880388047877,
  "Team Hughes Team Hughes": 1486.5059805976061,
  "Utah Utah Hockey Club": 1508.3243492227573,
  "M\u00fcnchen EHC Red Bull M\u00fcnchen": 1486.5996867231736,
  "Sweden": 1486.2306923690662,
  "Canada": 1532.8949103374614,
  "Finland": 1483.4940194023939,
  "USA": 1497.3803778910785,
  "Utah Mammoth": 1598.2842455999946
}