{
  "Arizona Coyotes": 1480.2570043644942,
  "Los Angeles Kings": 1458.2136472314703,
  "St. Louis Blues": 1413.076801679793,
  "Pittsburgh Penguins": 1467.3828718327063,
  "Columbus Blue Jackets": 1492.7625772425158,
  "Washington Capitals": 1452.2451671187175,
  "Buffalo Sabres": 1625.3835253597633,
  "Ottawa Senators": 1449.617072512036,
  "Toronto Maple Leafs": 1549.1560154698045,
  "Colorado Avalanche": 1680.3282234147441,
  "Minnesota Wild": 1570.422825234591,
  "Boston Bruins": 1578.2026157470525,
  "New York Rangers": 1449.391227172765,
  "Edmonton Oilers": 1509.423102534832,
  "Winnipeg Jets": 1414.9819381434363,
  "Dallas Stars": 1513.9346892118149,
  "Anaheim Ducks": 1402.5002709390174,
  "San Jose Sharks": 1469.125890930032,
  "Vegas Golden Knights": 1561.2230292380268,
  "Calgary Flames": 1466.6887189181243,
  "Vancouver Canucks": 1404.4307696370533,
  "Florida Panthers": 1513.5866881617198,
  "Nashville Predators": 1540.2681274681318,
  "Montr\u00e9al Canadiens": 1577.1683461192806,
  "New Jersey Devils": 1375.9232840985628,
  "Philadelphia Flyers": 1451.3139053362002,
  "Seattle Kraken": 1446.8778842491554,
  "New York Islanders": 1523.6579766660932,
  "Detroit Red Wings": 1582.63915512918,
  "Carolina Hurricanes": 1587.3869674989471,
  "Tampa Bay Lightning": 1649.846070038688,
  "Chicago Blackhawks": 1433.0985637267477,
  "Team Kloss Team Kloss": 1483.4940194023939,
  "Team King Team King": 1516.5059805976061,
  "Team McDavid Team McDavid": 1500.0,
  "Team MacKinnon Team MacKinnon": 1486.5059805976061,
  "Team Matthews Team Matthews": 1526.9880388047877,
  "Team Hughes Team Hughes": 1486.5059805976061,
  "Utah Utah Hockey Club": 1508.3243492227573,
  "M\u00fcnchen EHC Red Bull M\u00fcnchen": 1486.5996867231736,
  "Sweden": 1486.2306923690662,
  "Canada": 1532.8949103374614,
  "Finland": 1483.4940194023939,
  "USA": 1497.3803778910785,
  "Utah Mammoth": 1414.5610116285734
}