{
  "Carolina Hurricanes": 1452.2665730735955,
  "Florida Panthers": 1531.9547281712892,
  "Columbus Blue Jackets": 1506.0039926417887,
  "Pittsburgh Penguins": 1514.1483379855133,
  "Edmonton Oilers": 1463.2252962714786,
  "Seattle Kraken": 1530.8640008008567,
  "Vancouver Canucks": 1549.2644432627992,
  "Calgary Flames": 1447.7152435045045,
  "Anaheim Ducks": 1484.3860241132159,
  "Los Angeles Kings": 1517.4677698676853,
  "Detroit Red Wings": 1524.82382228047,
  "Buffalo Sabres": 1466.541857955529,
  "New York Rangers": 1450.673811953102,
  "New York Islanders": 1529.8957226754326,
  "Washington Capitals": 1521.1300962965256,
  "Philadelphia Flyers": 1465.5995325559318,
  "Montr\u00e9al Canadiens": 1469.6798268215014,
  "Toronto Maple Leafs": 1499.0330924993289,
  "Minnesota Wild": 1480.266484196819,
  "Dallas Stars": 1530.854276331243,
  "Vegas Golden Knights": 1529.703606863826,
  "Utah Mammoth": 1494.224327650737,
  "Tampa Bay Lightning": 1516.44258317129,
  "New Jersey Devils": 1511.9801414413425,
  "Winnipeg Jets": 1508.931016160361,
  "San Jose Sharks": 1482.0773017608844,
  "Boston Bruins": 1529.3517057428915,
  "St. Louis Blues": 1508.9318083529913,
  "Chicago Blackhawks": 1487.326562690709,
  "Colorado Avalanche": 1493.6562214119374,
  "Nashville Predators": 1499.3361155838254,
  "Ottawa Senators": 1502.2436759105947
}