{
  "Arizona Coyotes": 1480.2570043644942,
  "Los Angeles Kings": 1410.211423585571,
  "St. Louis Blues": 1526.9503054104027,
  "Pittsburgh Penguins": 1485.723510988035,
  "Columbus Blue Jackets": 1470.9008223093838,
  "Washington Capitals": 1565.0882564669905,
  "Buffalo Sabres": 1655.6274865616192,
  "Ottawa Senators": 1601.2608033116983,
  "Toronto Maple Leafs": 1437.7553889219455,
  "Colorado Avalanche": 1573.3802652369288,
  "Minnesota Wild": 1504.6222289746543,
  "Boston Bruins": 1549.624188932643,
  "New York Rangers": 1445.6069030956394,
  "Edmonton Oilers": 1516.1997520388247,
  "Winnipeg Jets": 1512.6231682278644,
  "Dallas Stars": 1546.19981900924,
  "Anaheim Ducks": 1476.3999818139396,
  "San Jose Sharks": 1421.4743513294193,
  "Vegas Golden Knights": 1455.6286070432157,
  "Calgary Flames": 1435.263008798704,
  "Vancouver Canucks": 1318.425483749889,
  "Florida Panthers": 1399.9352210416728,
  "Nashville Predators": 1498.2360768813512,
  "Montr\u00e9al Canadiens": 1642.6984821747762,
  "New Jersey Devils": 1557.7725877990388,
  "Philadelphia Flyers": 1642.74597249865,
  "Seattle Kraken": 1414.4556655687284,
  "New York Islanders": 1504.082426456505,
  "Detroit Red Wings": 1416.6340516291045,
  "Carolina Hurricanes": 1648.031219368482,
  "Tampa Bay Lightning": 1604.7213403132514,
  "Chicago Blackhawks": 1320.4562967354484,
  "Team Kloss Team Kloss": 1483.4940194023939,
  "Team King Team King": 1516.5059805976061,
  "Team McDavid Team McDavid": 1500.0,
  "Team MacKinnon Team MacKinnon": 1486.5059805976061,
  "Team Matthews Team Matthews": 1526.9880388047877,
  "Team Hughes Team Hughes": 1486.5059805976061,
  "Utah Utah Hockey Club": 1508.3243492227573,
  "M\u00fcnchen EHC Red Bull M\u00fcnchen": 1486.5996867231736,
  "Sweden": 1486.2306923690662,
  "Canada": 1532.8949103374614,
  "Finland": 1483.4940194023939,
  "USA": 1497.3803778910785,
  "Utah Mammoth": 1466.0838634159593
}