{
  "Arizona Coyotes": 1480.2570043644942,
  "Los Angeles Kings": 1528.50213125386,
  "St. Louis Blues": 1432.1748095774253,
  "Pittsburgh Penguins": 1521.4492122846614,
  "Columbus Blue Jackets": 1501.748086962414,
  "Washington Capitals": 1608.7645755882309,
  "Buffalo Sabres": 1467.679809507756,
  "Ottawa Senators": 1502.2691226447596,
  "Toronto Maple Leafs": 1496.5266983661418,
  "Colorado Avalanche": 1648.906267009478,
  "Minnesota Wild": 1484.4368638727292,
  "Boston Bruins": 1518.5170303282764,
  "New York Rangers": 1499.3160664541808,
  "Edmonton Oilers": 1491.5952156140027,
  "Winnipeg Jets": 1474.9673314727847,
  "Dallas Stars": 1616.175597670442,
  "Anaheim Ducks": 1537.982637082352,
  "San Jose Sharks": 1454.8731604236873,
  "Vegas Golden Knights": 1507.6931771798702,
  "Calgary Flames": 1464.8617591643929,
  "Vancouver Canucks": 1459.0757875813285,
  "Florida Panthers": 1507.1449784507727,
  "Nashville Predators": 1375.7866791198478,
  "Montr\u00e9al Canadiens": 1506.5887539515052,
  "New Jersey Devils": 1467.4118205086568,
  "Philadelphia Flyers": 1497.8803667671166,
  "Seattle Kraken": 1414.6942011964882,
  "New York Islanders": 1541.866112010125,
  "Detroit Red Wings": 1540.388644435584,
  "Carolina Hurricanes": 1532.129515927509,
  "Tampa Bay Lightning": 1566.8592576194674,
  "Chicago Blackhawks": 1395.5930395355028,
  "Team Kloss Team Kloss": 1483.4940194023939,
  "Team King Team King": 1516.5059805976061,
  "Team McDavid Team McDavid": 1500.0,
  "Team MacKinnon Team MacKinnon": 1486.5059805976061,
  "Team Matthews Team Matthews": 1526.9880388047877,
  "Team Hughes Team Hughes": 1486.5059805976061,
  "Utah Utah Hockey Club": 1508.3243492227573,
  "M\u00fcnchen EHC Red Bull M\u00fcnchen": 1486.5996867231736,
  "Sweden": 1486.2306923690662,
  "Canada": 1532.8949103374614,
  "Finland": 1483.4940194023939,
  "USA": 1497.3803778910785,
  "Utah Mammoth": 1460.9602501282275
}