{
  "Arizona Coyotes": 1480.2570043644942,
  "Los Angeles Kings": 1421.6509417926445,
  "St. Louis Blues": 1348.7852720458372,
  "Pittsburgh Penguins": 1426.203226452814,
  "Columbus Blue Jackets": 1562.350479967802,
  "Washington Capitals": 1590.4281015941283,
  "Buffalo Sabres": 1716.3659531196586,
  "Ottawa Senators": 1550.4012134553566,
  "Toronto Maple Leafs": 1401.409993687488,
  "Colorado Avalanche": 1503.8946466479933,
  "Minnesota Wild": 1625.01388629205,
  "Boston Bruins": 1539.6300300764462,
  "New York Rangers": 1379.9690864364684,
  "Edmonton Oilers": 1425.9597848904991,
  "Winnipeg Jets": 1423.8200749280938,
  "Dallas Stars": 1715.8427024146167,
  "Anaheim Ducks": 1542.4961768483595,
  "San Jose Sharks": 1422.9951046080864,
  "Vegas Golden Knights": 1469.0404167248732,
  "Calgary Flames": 1323.8664707968126,
  "Vancouver Canucks": 1246.0884394368163,
  "Florida Panthers": 1451.1786505592852,
  "Nashville Predators": 1493.5472217164793,
  "Montr\u00e9al Canadiens": 1652.3688636581446,
  "New Jersey Devils": 1474.6228639653393,
  "Philadelphia Flyers": 1577.506572451071,
  "Seattle Kraken": 1473.778141235432,
  "New York Islanders": 1636.9805650353958,
  "Detroit Red Wings": 1458.3680507256654,
  "Carolina Hurricanes": 1665.9635485823173,
  "Tampa Bay Lightning": 1721.9142333297252,
  "Chicago Blackhawks": 1310.2959365402348,
  "Team Kloss Team Kloss": 1483.4940194023939,
  "Team King Team King": 1516.5059805976061,
  "Team McDavid Team McDavid": 1500.0,
  "Team MacKinnon Team MacKinnon": 1486.5059805976061,
  "Team Matthews Team Matthews": 1526.9880388047877,
  "Team Hughes Team Hughes": 1486.5059805976061,
  "Utah Utah Hockey Club": 1508.3243492227573,
  "M\u00fcnchen EHC Red Bull M\u00fcnchen": 1486.5996867231736,
  "Sweden": 1486.2306923690662,
  "Canada": 1532.8949103374614,
  "Finland": 1483.4940194023939,
  "USA": 1497.3803778910785,
  "Utah Mammoth": 1472.082309673641
}