{
  "Arizona Coyotes": 1480.2570043644942,
  "Los Angeles Kings": 1437.2226034602586,
  "St. Louis Blues": 1415.0636795465982,
  "Pittsburgh Penguins": 1520.3086342626773,
  "Columbus Blue Jackets": 1563.1421353004669,
  "Washington Capitals": 1618.046463218724,
  "Buffalo Sabres": 1674.908710050167,
  "Ottawa Senators": 1510.355677099845,
  "Toronto Maple Leafs": 1326.1261509687315,
  "Colorado Avalanche": 1453.3405923937567,
  "Minnesota Wild": 1573.52582166501,
  "Boston Bruins": 1631.9712639034417,
  "New York Rangers": 1346.5496387852243,
  "Edmonton Oilers": 1617.7830880046006,
  "Winnipeg Jets": 1429.545887623768,
  "Dallas Stars": 1659.8027345112516,
  "Anaheim Ducks": 1425.7038121048934,
  "San Jose Sharks": 1495.5608332128727,
  "Vegas Golden Knights": 1543.0604246256041,
  "Calgary Flames": 1281.9160935578204,
  "Vancouver Canucks": 1339.8964615495845,
  "Florida Panthers": 1465.2440601970604,
  "Nashville Predators": 1469.0285777811698,
  "Montr\u00e9al Canadiens": 1604.93612050015,
  "New Jersey Devils": 1517.7203670681192,
  "Philadelphia Flyers": 1516.6994095551097,
  "Seattle Kraken": 1447.4188035729687,
  "New York Islanders": 1597.5495516712774,
  "Detroit Red Wings": 1492.0958806992141,
  "Carolina Hurricanes": 1586.0348479829445,
  "Tampa Bay Lightning": 1750.508944142153,
  "Chicago Blackhawks": 1310.3039535619585,
  "Team Kloss Team Kloss": 1483.4940194023939,
  "Team King Team King": 1516.5059805976061,
  "Team McDavid Team McDavid": 1500.0,
  "Team MacKinnon Team MacKinnon": 1486.5059805976061,
  "Team Matthews Team Matthews": 1526.9880388047877,
  "Team Hughes Team Hughes": 1486.5059805976061,
  "Utah Utah Hockey Club": 1508.3243492227573,
  "M\u00fcnchen EHC Red Bull M\u00fcnchen": 1486.5996867231736,
  "Sweden": 1486.2306923690662,
  "Canada": 1532.8949103374614,
  "Finland": 1483.4940194023939,
  "USA": 1497.3803778910785,
  "Utah Mammoth": 1403.447737112154
}