{
  "Arizona Coyotes": 1480.2570043644942,
  "Los Angeles Kings": 1518.899905306677,
  "St. Louis Blues": 1402.190340668303,
  "Pittsburgh Penguins": 1554.5528896979135,
  "Columbus Blue Jackets": 1569.990772159084,
  "Washington Capitals": 1571.4928468114715,
  "Buffalo Sabres": 1528.9279135890938,
  "Ottawa Senators": 1522.6207375442277,
  "Toronto Maple Leafs": 1517.8823849682021,
  "Colorado Avalanche": 1548.6624311046965,
  "Minnesota Wild": 1353.1435338340323,
  "Boston Bruins": 1482.5378920230562,
  "New York Rangers": 1449.2595166856145,
  "Edmonton Oilers": 1468.8700159009695,
  "Winnipeg Jets": 1578.3721913767422,
  "Dallas Stars": 1517.760733191608,
  "Anaheim Ducks": 1538.8982718181487,
  "San Jose Sharks": 1382.6877063954971,
  "Vegas Golden Knights": 1555.0733171082595,
  "Calgary Flames": 1395.138991916107,
  "Vancouver Canucks": 1553.951855106151,
  "Florida Panthers": 1519.032843266454,
  "Nashville Predators": 1335.7310761684523,
  "Montr\u00e9al Canadiens": 1578.593640711703,
  "New Jersey Devils": 1507.915743186327,
  "Philadelphia Flyers": 1442.7943419513183,
  "Seattle Kraken": 1432.6239473335943,
  "New York Islanders": 1471.049156531598,
  "Detroit Red Wings": 1605.5026521115512,
  "Carolina Hurricanes": 1575.6434128760202,
  "Tampa Bay Lightning": 1565.8960404627671,
  "Chicago Blackhawks": 1401.4349155825146,
  "Team Kloss Team Kloss": 1483.4940194023939,
  "Team King Team King": 1516.5059805976061,
  "Team McDavid Team McDavid": 1500.0,
  "Team MacKinnon Team MacKinnon": 1486.5059805976061,
  "Team Matthews Team Matthews": 1526.9880388047877,
  "Team Hughes Team Hughes": 1486.5059805976061,
  "Utah Utah Hockey Club": 1508.3243492227573,
  "M\u00fcnchen EHC Red Bull M\u00fcnchen": 1486.5996867231736,
  "Sweden": 1486.2306923690662,
  "Canada": 1532.8949103374614,
  "Finland": 1483.4940194023939,
  "USA": 1497.3803778910785,
  "Utah Mammoth": 1577.686942301421
}