{
  "Arizona Coyotes": 1480.2570043644942,
  "Los Angeles Kings": 1521.0373644230854,
  "St. Louis Blues": 1407.584838256466,
  "Pittsburgh Penguins": 1534.7337008051684,
  "Columbus Blue Jackets": 1538.0339488041825,
  "Washington Capitals": 1544.8228330314018,
  "Buffalo Sabres": 1496.9583429980942,
  "Ottawa Senators": 1536.9360510931392,
  "Toronto Maple Leafs": 1487.9244535121431,
  "Colorado Avalanche": 1578.5179799644293,
  "Minnesota Wild": 1382.9129010573567,
  "Boston Bruins": 1515.117489111293,
  "New York Rangers": 1462.3639224257624,
  "Edmonton Oilers": 1473.567843819646,
  "Winnipeg Jets": 1543.9687865155183,
  "Dallas Stars": 1522.1975014237846,
  "Anaheim Ducks": 1583.2607078855365,
  "San Jose Sharks": 1423.2262048921448,
  "Vegas Golden Knights": 1506.3964205863927,
  "Calgary Flames": 1364.9839685570278,
  "Vancouver Canucks": 1551.3553016826431,
  "Florida Panthers": 1533.2685467867457,
  "Nashville Predators": 1306.6230631132757,
  "Montr\u00e9al Canadiens": 1576.2232135052373,
  "New Jersey Devils": 1520.3442810167237,
  "Philadelphia Flyers": 1440.4893863720774,
  "Seattle Kraken": 1437.8524552844865,
  "New York Islanders": 1486.5990925416177,
  "Detroit Red Wings": 1560.1874375781288,
  "Carolina Hurricanes": 1604.24464206955,
  "Tampa Bay Lightning": 1594.3872027768014,
  "Chicago Blackhawks": 1440.4738018319665,
  "Team Kloss Team Kloss": 1483.4940194023939,
  "Team King Team King": 1516.5059805976061,
  "Team McDavid Team McDavid": 1500.0,
  "Team MacKinnon Team MacKinnon": 1486.5059805976061,
  "Team Matthews Team Matthews": 1526.9880388047877,
  "Team Hughes Team Hughes": 1486.5059805976061,
  "Utah Utah Hockey Club": 1508.3243492227573,
  "M\u00fcnchen EHC Red Bull M\u00fcnchen": 1486.5996867231736,
  "Sweden": 1486.2306923690662,
  "Canada": 1532.8949103374614,
  "Finland": 1483.4940194023939,
  "USA": 1497.3803778910785,
  "Utah Mammoth": 1548.22527596775
}