{
  "Arizona Coyotes": 1480.2570043644942,
  "Los Angeles Kings": 1447.5713289471003,
  "St. Louis Blues": 1378.134388636232,
  "Pittsburgh Penguins": 1490.3731533203181,
  "Columbus Blue Jackets": 1595.5000496901876,
  "Washington Capitals": 1639.5991401299025,
  "Buffalo Sabres": 1644.740589976472,
  "Ottawa Senators": 1555.5894435018736,
  "Toronto Maple Leafs": 1411.3075985602788,
  "Colorado Avalanche": 1453.9871385127265,
  "Minnesota Wild": 1637.2962573407922,
  "Boston Bruins": 1607.4293343618317,
  "New York Rangers": 1333.0959622455146,
  "Edmonton Oilers": 1558.8976362908384,
  "Winnipeg Jets": 1452.5132276090603,
  "Dallas Stars": 1684.0720297739815,
  "Anaheim Ducks": 1486.1643525666539,
  "San Jose Sharks": 1415.5034672474326,
  "Vegas Golden Knights": 1457.5341666696504,
  "Calgary Flames": 1295.7798158012179,
  "Vancouver Canucks": 1287.7916726835401,
  "Florida Panthers": 1415.0265185709322,
  "Nashville Predators": 1527.75457371855,
  "Montr\u00e9al Canadiens": 1613.5783163527997,
  "New Jersey Devils": 1478.7008056480015,
  "Philadelphia Flyers": 1499.729934457646,
  "Seattle Kraken": 1472.484521067162,
  "New York Islanders": 1548.7667050532277,
  "Detroit Red Wings": 1491.4493345802443,
  "Carolina Hurricanes": 1602.9061003838613,
  "Tampa Bay Lightning": 1783.7116209580415,
  "Chicago Blackhawks": 1347.7321336214254,
  "Team Kloss Team Kloss": 1483.4940194023939,
  "Team King Team King": 1516.5059805976061,
  "Team McDavid Team McDavid": 1500.0,
  "Team MacKinnon Team MacKinnon": 1486.5059805976061,
  "Team Matthews Team Matthews": 1526.9880388047877,
  "Team Hughes Team Hughes": 1486.5059805976061,
  "Utah Utah Hockey Club": 1508.3243492227573,
  "M\u00fcnchen EHC Red Bull M\u00fcnchen": 1486.5996867231736,
  "Sweden": 1486.2306923690662,
  "Canada": 1532.8949103374614,
  "Finland": 1483.4940194023939,
  "USA": 1497.3803778910785,
  "Utah Mammoth": 1410.0976414120796
}