{
  "Arizona Coyotes": 1480.2570043644942,
  "Los Angeles Kings": 1539.7691641161437,
  "St. Louis Blues": 1410.6078759525158,
  "Pittsburgh Penguins": 1493.5292671410953,
  "Columbus Blue Jackets": 1495.4644140929586,
  "Washington Capitals": 1592.613292431187,
  "Buffalo Sabres": 1497.5975458199312,
  "Ottawa Senators": 1525.8104924207055,
  "Toronto Maple Leafs": 1454.9213450478505,
  "Colorado Avalanche": 1636.6727670023956,
  "Minnesota Wild": 1485.0520175336405,
  "Boston Bruins": 1509.959244321509,
  "New York Rangers": 1493.3841581883783,
  "Edmonton Oilers": 1480.8020541723624,
  "Winnipeg Jets": 1501.1328937778067,
  "Dallas Stars": 1603.1383759222238,
  "Anaheim Ducks": 1519.1949117477386,
  "San Jose Sharks": 1436.0557936296898,
  "Vegas Golden Knights": 1461.4164016247796,
  "Calgary Flames": 1434.2267655817006,
  "Vancouver Canucks": 1482.7788951995283,
  "Florida Panthers": 1515.8574321909957,
  "Nashville Predators": 1343.859568195759,
  "Montr\u00e9al Canadiens": 1515.0515068410664,
  "New Jersey Devils": 1528.5629721410933,
  "Philadelphia Flyers": 1512.0081064397532,
  "Seattle Kraken": 1456.1156859224059,
  "New York Islanders": 1500.747714993427,
  "Detroit Red Wings": 1513.3687780347047,
  "Carolina Hurricanes": 1566.402802627614,
  "Tampa Bay Lightning": 1644.7388524824623,
  "Chicago Blackhawks": 1403.2798944782387,
  "Team Kloss Team Kloss": 1483.4940194023939,
  "Team King Team King": 1516.5059805976061,
  "Team McDavid Team McDavid": 1500.0,
  "Team MacKinnon Team MacKinnon": 1486.5059805976061,
  "Team Matthews Team Matthews": 1526.9880388047877,
  "Team Hughes Team Hughes": 1486.5059805976061,
  "Utah Utah Hockey Club": 1508.3243492227573,
  "M\u00fcnchen EHC Red Bull M\u00fcnchen": 1486.5996867231736,
  "Sweden": 1486.2306923690662,
  "Canada": 1532.8949103374614,
  "Finland": 1483.4940194023939,
  "USA": 1497.3803778910785,
  "Utah Mammoth": 1470.6979696179155
}