{
  "Arizona Coyotes": 1480.2570043644942,
  "Los Angeles Kings": 1385.1408884630716,
  "St. Louis Blues": 1458.596401145159,
  "Pittsburgh Penguins": 1486.619437120528,
  "Columbus Blue Jackets": 1562.944177450541,
  "Washington Capitals": 1527.0285326503015,
  "Buffalo Sabres": 1703.6961958369143,
  "Ottawa Senators": 1614.401589001607,
  "Toronto Maple Leafs": 1445.838209950141,
  "Colorado Avalanche": 1594.5404628730255,
  "Minnesota Wild": 1464.501057290075,
  "Boston Bruins": 1535.9408243612593,
  "New York Rangers": 1355.5595198177064,
  "Edmonton Oilers": 1502.6472388490201,
  "Winnipeg Jets": 1470.6255388191853,
  "Dallas Stars": 1582.7182135057483,
  "Anaheim Ducks": 1639.4977702703727,
  "San Jose Sharks": 1412.7612884876517,
  "Vegas Golden Knights": 1444.0948165506732,
  "Calgary Flames": 1430.4003267032642,
  "Vancouver Canucks": 1258.306770230062,
  "Florida Panthers": 1396.5841347393841,
  "Nashville Predators": 1494.375637394212,
  "Montr\u00e9al Canadiens": 1557.6371872776294,
  "New Jersey Devils": 1465.3961913474689,
  "Philadelphia Flyers": 1626.2045539380154,
  "Seattle Kraken": 1460.613630157676,
  "New York Islanders": 1633.3661857756504,
  "Detroit Red Wings": 1459.1533626680282,
  "Carolina Hurricanes": 1668.9403786773692,
  "Tampa Bay Lightning": 1603.2588580783602,
  "Chicago Blackhawks": 1321.6892636629068,
  "Team Kloss Team Kloss": 1483.4940194023939,
  "Team King Team King": 1516.5059805976061,
  "Team McDavid Team McDavid": 1500.0,
  "Team MacKinnon Team MacKinnon": 1486.5059805976061,
  "Team Matthews Team Matthews": 1526.9880388047877,
  "Team Hughes Team Hughes": 1486.5059805976061,
  "Utah Utah Hockey Club": 1508.3243492227573,
  "M\u00fcnchen EHC Red Bull M\u00fcnchen": 1486.5996867231736,
  "Sweden": 1486.2306923690662,
  "Canada": 1532.8949103374614,
  "Finland": 1483.4940194023939,
  "USA": 1497.3803778910785,
  "Utah Mammoth": 1461.7403165965686
}