{
  "Arizona Coyotes": 1480.2570043644942,
  "Los Angeles Kings": 1472.896845797957,
  "St. Louis Blues": 1417.820282214719,
  "Pittsburgh Penguins": 1417.7651593095693,
  "Columbus Blue Jackets": 1468.340239865412,
  "Washington Capitals": 1547.7046442118567,
  "Buffalo Sabres": 1540.4175634441467,
  "Ottawa Senators": 1522.0987744912522,
  "Toronto Maple Leafs": 1446.7342358059925,
  "Colorado Avalanche": 1653.1178357696479,
  "Minnesota Wild": 1572.5485098790991,
  "Boston Bruins": 1506.0478833679656,
  "New York Rangers": 1491.4006631826333,
  "Edmonton Oilers": 1513.6592952083918,
  "Winnipeg Jets": 1432.7093767002427,
  "Dallas Stars": 1621.3543569603378,
  "Anaheim Ducks": 1499.926154961435,
  "San Jose Sharks": 1460.3503857146914,
  "Vegas Golden Knights": 1493.4398301850592,
  "Calgary Flames": 1483.7514192365734,
  "Vancouver Canucks": 1501.155643225969,
  "Florida Panthers": 1553.6678694088457,
  "Nashville Predators": 1431.1091948955973,
  "Montr\u00e9al Canadiens": 1510.3898076293508,
  "New Jersey Devils": 1506.1288199644362,
  "Philadelphia Flyers": 1477.7619092489017,
  "Seattle Kraken": 1429.9390364828762,
  "New York Islanders": 1532.5510151366173,
  "Detroit Red Wings": 1559.4688798722261,
  "Carolina Hurricanes": 1566.0246755123155,
  "Tampa Bay Lightning": 1563.6841850025871,
  "Chicago Blackhawks": 1361.6057719300256,
  "Team Kloss Team Kloss": 1483.4940194023939,
  "Team King Team King": 1516.5059805976061,
  "Team McDavid Team McDavid": 1500.0,
  "Team MacKinnon Team MacKinnon": 1486.5059805976061,
  "Team Matthews Team Matthews": 1526.9880388047877,
  "Team Hughes Team Hughes": 1486.5059805976061,
  "Utah Utah Hockey Club": 1508.3243492227573,
  "M\u00fcnchen EHC Red Bull M\u00fcnchen": 1486.5996867231736,
  "Sweden": 1486.2306923690662,
  "Canada": 1532.8949103374614,
  "Finland": 1483.4940194023939,
  "USA": 1497.3803778910785,
  "Utah Mammoth": 1469.2486950728448
}