{
  "Arizona Coyotes": 1480.2570043644942,
  "Los Angeles Kings": 1502.3996064676335,
  "St. Louis Blues": 1407.584838256466,
  "Pittsburgh Penguins": 1553.3714587606203,
  "Columbus Blue Jackets": 1555.808576169559,
  "Washington Capitals": 1544.8228330314018,
  "Buffalo Sabres": 1496.9583429980942,
  "Ottawa Senators": 1521.638904618001,
  "Toronto Maple Leafs": 1500.522216306905,
  "Colorado Avalanche": 1561.7392305513965,
  "Minnesota Wild": 1368.9943204304159,
  "Boston Bruins": 1515.117489111293,
  "New York Rangers": 1454.3279317450194,
  "Edmonton Oilers": 1455.7932164542694,
  "Winnipeg Jets": 1556.8905546295805,
  "Dallas Stars": 1511.3019424663646,
  "Anaheim Ducks": 1570.3389397714743,
  "San Jose Sharks": 1423.2262048921448,
  "Vegas Golden Knights": 1523.1886870171268,
  "Calgary Flames": 1378.9025491839686,
  "Vancouver Canucks": 1568.1340510956759,
  "Florida Panthers": 1516.4762803560116,
  "Nashville Predators": 1314.6590537940187,
  "Montr\u00e9al Canadiens": 1576.2232135052373,
  "New Jersey Devils": 1539.8531079706665,
  "Philadelphia Flyers": 1440.4893863720774,
  "Seattle Kraken": 1448.7480142419065,
  "New York Islanders": 1467.0902655876748,
  "Detroit Red Wings": 1582.9898810954423,
  "Carolina Hurricanes": 1591.6468792747883,
  "Tampa Bay Lightning": 1594.3872027768014,
  "Chicago Blackhawks": 1417.671358314653,
  "Team Kloss Team Kloss": 1483.4940194023939,
  "Team King Team King": 1516.5059805976061,
  "Team McDavid Team McDavid": 1500.0,
  "Team MacKinnon Team MacKinnon": 1486.5059805976061,
  "Team Matthews Team Matthews": 1526.9880388047877,
  "Team Hughes Team Hughes": 1486.5059805976061,
  "Utah Utah Hockey Club": 1508.3243492227573,
  "M\u00fcnchen EHC Red Bull M\u00fcnchen": 1486.5996867231736,
  "Sweden": 1486.2306923690662,
  "Canada": 1532.8949103374614,
  "Finland": 1483.4940194023939,
  "USA": 1497.3803778910785,
  "Utah Mammoth": 1563.522422442888
}