{
  "Arizona Coyotes": 1480.2570043644942,
  "Los Angeles Kings": 1534.958342631377,
  "St. Louis Blues": 1467.1965029224084,
  "Pittsburgh Penguins": 1583.8290783398577,
  "Columbus Blue Jackets": 1508.5722904095164,
  "Washington Capitals": 1618.25634448679,
  "Buffalo Sabres": 1577.313917826969,
  "Ottawa Senators": 1488.3156435141748,
  "Toronto Maple Leafs": 1539.6694939635743,
  "Colorado Avalanche": 1584.5873076672751,
  "Minnesota Wild": 1412.0847678498553,
  "Boston Bruins": 1363.7686307613142,
  "New York Rangers": 1404.5613118505767,
  "Edmonton Oilers": 1568.6353177413896,
  "Winnipeg Jets": 1592.8957818866133,
  "Dallas Stars": 1519.9519395775046,
  "Anaheim Ducks": 1475.0941659658329,
  "San Jose Sharks": 1225.4014554748965,
  "Vegas Golden Knights": 1587.006658153455,
  "Calgary Flames": 1406.2489618313334,
  "Vancouver Canucks": 1603.2120609200836,
  "Florida Panthers": 1536.8561623919124,
  "Nashville Predators": 1365.2537113876347,
  "Montr\u00e9al Canadiens": 1555.735054619706,
  "New Jersey Devils": 1543.2921795177367,
  "Philadelphia Flyers": 1393.5195188217426,
  "Seattle Kraken": 1428.7017433110773,
  "New York Islanders": 1495.2118188799354,
  "Detroit Red Wings": 1622.0750486289642,
  "Carolina Hurricanes": 1572.4560148222704,
  "Tampa Bay Lightning": 1482.192791998335,
  "Chicago Blackhawks": 1405.977639060744,
  "Team Kloss Team Kloss": 1483.4940194023939,
  "Team King Team King": 1516.5059805976061,
  "Team McDavid Team McDavid": 1500.0,
  "Team MacKinnon Team MacKinnon": 1486.5059805976061,
  "Team Matthews Team Matthews": 1526.9880388047877,
  "Team Hughes Team Hughes": 1486.5059805976061,
  "Utah Utah Hockey Club": 1508.3243492227573,
  "M\u00fcnchen EHC Red Bull M\u00fcnchen": 1486.5996867231736,
  "Sweden": 1486.2306923690662,
  "Canada": 1532.8949103374614,
  "Finland": 1483.4940194023939,
  "USA": 1497.3803778910785,
  "Utah Mammoth": 1561.9873024747199
}