{
  "Arizona Coyotes": 1480.2570043644942,
  "Los Angeles Kings": 1573.6404875111486,
  "St. Louis Blues": 1546.7118549224272,
  "Pittsburgh Penguins": 1490.792597640729,
  "Columbus Blue Jackets": 1489.8243212314599,
  "Washington Capitals": 1589.200569702197,
  "Buffalo Sabres": 1505.5183182117707,
  "Ottawa Senators": 1549.0320988850654,
  "Toronto Maple Leafs": 1582.1797680436193,
  "Colorado Avalanche": 1576.659445076211,
  "Minnesota Wild": 1468.5153985962493,
  "Boston Bruins": 1422.1686639994407,
  "New York Rangers": 1400.0051356985093,
  "Edmonton Oilers": 1628.958215183251,
  "Winnipeg Jets": 1558.2697351478246,
  "Dallas Stars": 1633.9155832289084,
  "Anaheim Ducks": 1509.9058097866193,
  "San Jose Sharks": 1258.9305579629513,
  "Vegas Golden Knights": 1556.3989875119046,
  "Calgary Flames": 1461.734903837554,
  "Vancouver Canucks": 1526.5018959101744,
  "Florida Panthers": 1632.42380381327,
  "Nashville Predators": 1423.1118049937775,
  "Montr\u00e9al Canadiens": 1543.7489847544512,
  "New Jersey Devils": 1423.0235934790896,
  "Philadelphia Flyers": 1405.5638614479403,
  "Seattle Kraken": 1450.4975843540446,
  "New York Islanders": 1403.5067117028373,
  "Detroit Red Wings": 1540.2137082487448,
  "Carolina Hurricanes": 1512.56411219572,
  "Tampa Bay Lightning": 1538.0536696223833,
  "Chicago Blackhawks": 1358.5356313007228,
  "Team Kloss Team Kloss": 1483.4940194023939,
  "Team King Team King": 1516.5059805976061,
  "Team McDavid Team McDavid": 1500.0,
  "Team MacKinnon Team MacKinnon": 1486.5059805976061,
  "Team Matthews Team Matthews": 1526.9880388047877,
  "Team Hughes Team Hughes": 1486.5059805976061,
  "Utah Utah Hockey Club": 1508.3243492227573,
  "M\u00fcnchen EHC Red Bull M\u00fcnchen": 1486.5996867231736,
  "Sweden": 1486.2306923690662,
  "Canada": 1532.8949103374614,
  "Finland": 1483.4940194023939,
  "USA": 1497.3803778910785,
  "Utah Mammoth": 1464.71114568858
}