{
  "Arizona Coyotes": 1480.2570043644942,
  "Los Angeles Kings": 1408.6781375129647,
  "St. Louis Blues": 1459.838832031159,
  "Pittsburgh Penguins": 1457.8256960447202,
  "Columbus Blue Jackets": 1580.9495007858732,
  "Washington Capitals": 1567.1209937513038,
  "Buffalo Sabres": 1720.379278809882,
  "Ottawa Senators": 1531.6228171812002,
  "Toronto Maple Leafs": 1382.5203771611339,
  "Colorado Avalanche": 1558.5636699414442,
  "Minnesota Wild": 1583.1995523217327,
  "Boston Bruins": 1550.1805434261287,
  "New York Rangers": 1370.9760000433525,
  "Edmonton Oilers": 1436.4785885642423,
  "Winnipeg Jets": 1399.4936016826516,
  "Dallas Stars": 1697.776904146816,
  "Anaheim Ducks": 1575.3530802411601,
  "San Jose Sharks": 1463.436552474919,
  "Vegas Golden Knights": 1430.6221308369227,
  "Calgary Flames": 1304.6562496944177,
  "Vancouver Canucks": 1261.849193045237,
  "Florida Panthers": 1438.8936648259469,
  "Nashville Predators": 1465.9519544147822,
  "Montr\u00e9al Canadiens": 1614.4110029037931,
  "New Jersey Devils": 1496.016564047255,
  "Philadelphia Flyers": 1586.729119223289,
  "Seattle Kraken": 1475.6181151710618,
  "New York Islanders": 1637.1902376711635,
  "Detroit Red Wings": 1439.5613530337992,
  "Carolina Hurricanes": 1656.1213944314059,
  "Tampa Bay Lightning": 1701.3532025159986,
  "Chicago Blackhawks": 1339.4652656817163,
  "Team Kloss Team Kloss": 1483.4940194023939,
  "Team King Team King": 1516.5059805976061,
  "Team McDavid Team McDavid": 1500.0,
  "Team MacKinnon Team MacKinnon": 1486.5059805976061,
  "Team Matthews Team Matthews": 1526.9880388047877,
  "Team Hughes Team Hughes": 1486.5059805976061,
  "Utah Utah Hockey Club": 1508.3243492227573,
  "M\u00fcnchen EHC Red Bull M\u00fcnchen": 1486.5996867231736,
  "Sweden": 1486.2306923690662,
  "Canada": 1532.8949103374614,
  "Finland": 1483.4940194023939,
  "USA": 1497.3803778910785,
  "Utah Mammoth": 1431.9853860721034
}