{
  "Arizona Coyotes": 1480.2570043644942,
  "Los Angeles Kings": 1467.768544572079,
  "St. Louis Blues": 1313.8418325097884,
  "Pittsburgh Penguins": 1484.8369982556576,
  "Columbus Blue Jackets": 1563.1421353004669,
  "Washington Capitals": 1544.8159794064702,
  "Buffalo Sabres": 1644.3627689383466,
  "Ottawa Senators": 1510.355677099845,
  "Toronto Maple Leafs": 1381.5873569643807,
  "Colorado Avalanche": 1501.2884289403519,
  "Minnesota Wild": 1550.8672713865885,
  "Boston Bruins": 1574.9463048135685,
  "New York Rangers": 1387.8654996826328,
  "Edmonton Oilers": 1562.5614182728855,
  "Winnipeg Jets": 1448.7522485376667,
  "Dallas Stars": 1583.998634561341,
  "Anaheim Ducks": 1534.7848365342095,
  "San Jose Sharks": 1550.7825029445878,
  "Vegas Golden Knights": 1618.8645245755147,
  "Calgary Flames": 1304.5746438362419,
  "Vancouver Canucks": 1230.8154371202684,
  "Florida Panthers": 1566.4659072338702,
  "Nashville Predators": 1544.2880577628337,
  "Montr\u00e9al Canadiens": 1556.9882839535549,
  "New Jersey Devils": 1442.4608870864554,
  "Philadelphia Flyers": 1573.7243686449829,
  "Seattle Kraken": 1391.9575975773196,
  "New York Islanders": 1556.2336907738688,
  "Detroit Red Wings": 1565.326364511468,
  "Carolina Hurricanes": 1545.056979887149,
  "Tampa Bay Lightning": 1731.3025832282544,
  "Chicago Blackhawks": 1345.7755895689781,
  "Team Kloss Team Kloss": 1483.4940194023939,
  "Team King Team King": 1516.5059805976061,
  "Team McDavid Team McDavid": 1500.0,
  "Team MacKinnon Team MacKinnon": 1486.5059805976061,
  "Team Matthews Team Matthews": 1526.9880388047877,
  "Team Hughes Team Hughes": 1486.5059805976061,
  "Utah Utah Hockey Club": 1508.3243492227573,
  "M\u00fcnchen EHC Red Bull M\u00fcnchen": 1486.5996867231736,
  "Sweden": 1486.2306923690662,
  "Canada": 1532.8949103374614,
  "Finland": 1483.4940194023939,
  "USA": 1497.3803778910785,
  "Utah Mammoth": 1444.4256052079495
}