{
  "Arizona Coyotes": 1480.2570043644942,
  "Los Angeles Kings": 1463.8634879562508,
  "St. Louis Blues": 1417.2186150748196,
  "Pittsburgh Penguins": 1440.6379029954455,
  "Columbus Blue Jackets": 1484.2710305451806,
  "Washington Capitals": 1542.4548326459267,
  "Buffalo Sabres": 1594.3166175789622,
  "Ottawa Senators": 1474.116840807424,
  "Toronto Maple Leafs": 1478.6793974667487,
  "Colorado Avalanche": 1680.7420753110323,
  "Minnesota Wild": 1558.242709334901,
  "Boston Bruins": 1484.7260854122082,
  "New York Rangers": 1475.7668307045828,
  "Edmonton Oilers": 1503.8704091219067,
  "Winnipeg Jets": 1401.2353204529634,
  "Dallas Stars": 1563.3464044259576,
  "Anaheim Ducks": 1456.0110011570787,
  "San Jose Sharks": 1501.6345177339135,
  "Vegas Golden Knights": 1464.2337716610605,
  "Calgary Flames": 1513.6083497967013,
  "Vancouver Canucks": 1480.6067658104992,
  "Florida Panthers": 1548.3014690576135,
  "Nashville Predators": 1473.2780896176334,
  "Montr\u00e9al Canadiens": 1534.1207830825126,
  "New Jersey Devils": 1482.7494377022479,
  "Philadelphia Flyers": 1478.4702488823873,
  "Seattle Kraken": 1447.8180740948503,
  "New York Islanders": 1548.7567201471672,
  "Detroit Red Wings": 1578.2376659677211,
  "Carolina Hurricanes": 1554.4787969182007,
  "Tampa Bay Lightning": 1602.9566623099736,
  "Chicago Blackhawks": 1350.9930006716318,
  "Team Kloss Team Kloss": 1483.4940194023939,
  "Team King Team King": 1516.5059805976061,
  "Team McDavid Team McDavid": 1500.0,
  "Team MacKinnon Team MacKinnon": 1486.5059805976061,
  "Team Matthews Team Matthews": 1526.9880388047877,
  "Team Hughes Team Hughes": 1486.5059805976061,
  "Utah Utah Hockey Club": 1508.3243492227573,
  "M\u00fcnchen EHC Red Bull M\u00fcnchen": 1486.5996867231736,
  "Sweden": 1486.2306923690662,
  "Canada": 1532.8949103374614,
  "Finland": 1483.4940194023939,
  "USA": 1497.3803778910785,
  "Utah Mammoth": 1445.0750452440734
}