{
  "Arizona Coyotes": 1470.161850487337,
  "Los Angeles Kings": 1547.6490733530952,
  "St. Louis Blues": 1545.535332391277,
  "Pittsburgh Penguins": 1431.1728632119036,
  "Columbus Blue Jackets": 1492.792338745081,
  "Washington Capitals": 1541.7305349700255,
  "Buffalo Sabres": 1538.23289464293,
  "Ottawa Senators": 1527.6965845365924,
  "Toronto Maple Leafs": 1606.512177582213,
  "Colorado Avalanche": 1584.2899016395834,
  "Minnesota Wild": 1520.1127448937548,
  "Boston Bruins": 1391.4977281860079,
  "New York Rangers": 1503.911419928259,
  "Dallas Stars": 1576.4918919596478,
  "Edmonton Oilers": 1607.7458193965144,
  "Winnipeg Jets": 1590.8701615987536,
  "Anaheim Ducks": 1461.6188909568307,
  "San Jose Sharks": 1294.35918923863,
  "Vegas Golden Knights": 1534.8454021317896,
  "Calgary Flames": 1534.8681865602666,
  "Vancouver Canucks": 1487.0901509273501,
  "Florida Panthers": 1607.5149259306224,
  "Nashville Predators": 1448.4271667686448,
  "New Jersey Devils": 1433.1319542662532,
  "Philadelphia Flyers": 1437.4220217279817,
  "Montr\u00e9al Canadiens": 1498.0581874615846,
  "Seattle Kraken": 1461.9095114868983,
  "New York Islanders": 1432.5531633822343,
  "Detroit Red Wings": 1507.9964435214824,
  "Carolina Hurricanes": 1518.276899172453,
  "Tampa Bay Lightning": 1555.6060971493755,
  "Chicago Blackhawks": 1354.0192455959432,
  "Utah Mammoth": 1455.8992461986845
}