{
  "Arizona Coyotes": 1480.2570043644942,
  "Los Angeles Kings": 1403.4443665602564,
  "St. Louis Blues": 1521.1263376529378,
  "Pittsburgh Penguins": 1524.9177536867062,
  "Columbus Blue Jackets": 1502.5840733667342,
  "Washington Capitals": 1507.7749499153501,
  "Buffalo Sabres": 1647.7772029669895,
  "Ottawa Senators": 1616.0507541713032,
  "Toronto Maple Leafs": 1467.855450290135,
  "Colorado Avalanche": 1575.9901472111078,
  "Minnesota Wild": 1518.9523619156478,
  "Boston Bruins": 1514.793229751742,
  "New York Rangers": 1455.8082932646928,
  "Edmonton Oilers": 1534.983013364672,
  "Winnipeg Jets": 1526.7355839928766,
  "Dallas Stars": 1522.6628118460387,
  "Anaheim Ducks": 1530.3285097785947,
  "San Jose Sharks": 1456.3480368150792,
  "Vegas Golden Knights": 1449.6431644670488,
  "Calgary Flames": 1438.6697875414034,
  "Vancouver Canucks": 1231.0434322288459,
  "Florida Panthers": 1385.601834812838,
  "Nashville Predators": 1498.2253599065357,
  "Montr\u00e9al Canadiens": 1644.4756674363796,
  "New Jersey Devils": 1544.2406247577574,
  "Philadelphia Flyers": 1637.2205203082367,
  "Seattle Kraken": 1383.2813740105116,
  "New York Islanders": 1542.4772231970826,
  "Detroit Red Wings": 1406.2811934022689,
  "Carolina Hurricanes": 1620.1136672345074,
  "Tampa Bay Lightning": 1603.2759055543788,
  "Chicago Blackhawks": 1335.4739233874625,
  "Team Kloss Team Kloss": 1483.4940194023939,
  "Team King Team King": 1516.5059805976061,
  "Team McDavid Team McDavid": 1500.0,
  "Team MacKinnon Team MacKinnon": 1486.5059805976061,
  "Team Matthews Team Matthews": 1526.9880388047877,
  "Team Hughes Team Hughes": 1486.5059805976061,
  "Utah Utah Hockey Club": 1508.3243492227573,
  "M\u00fcnchen EHC Red Bull M\u00fcnchen": 1486.5996867231736,
  "Sweden": 1486.2306923690662,
  "Canada": 1532.8949103374614,
  "Finland": 1483.4940194023939,
  "USA": 1497.3803778910785,
  "Utah Mammoth": 1476.662404893455
}