{
  "Arizona Coyotes": 1480.2570043644942,
  "Los Angeles Kings": 1456.9935500283611,
  "St. Louis Blues": 1404.780292661528,
  "Pittsburgh Penguins": 1527.243750954866,
  "Columbus Blue Jackets": 1573.4255221855371,
  "Washington Capitals": 1630.188688758029,
  "Buffalo Sabres": 1655.5097263812982,
  "Ottawa Senators": 1524.1650746770936,
  "Toronto Maple Leafs": 1343.2180129443955,
  "Colorado Avalanche": 1471.4778780558756,
  "Minnesota Wild": 1591.8894869936278,
  "Boston Bruins": 1631.9712639034417,
  "New York Rangers": 1339.6145220930355,
  "Edmonton Oilers": 1599.4194226759828,
  "Winnipeg Jets": 1447.556731258821,
  "Dallas Stars": 1666.3587967316098,
  "Anaheim Ducks": 1425.7038121048934,
  "San Jose Sharks": 1473.4628880927803,
  "Vegas Golden Knights": 1522.671775009583,
  "Calgary Flames": 1304.0140386779128,
  "Vancouver Canucks": 1322.8045995739205,
  "Florida Panthers": 1447.2332165620073,
  "Nashville Predators": 1490.6094575656173,
  "Montr\u00e9al Canadiens": 1624.335104169019,
  "New Jersey Devils": 1503.9109694908707,
  "Philadelphia Flyers": 1496.9284629870072,
  "Seattle Kraken": 1467.80745318899,
  "New York Islanders": 1575.96867188683,
  "Detroit Red Wings": 1473.9585950370952,
  "Carolina Hurricanes": 1573.8926224436395,
  "Tampa Bay Lightning": 1750.508944142153,
  "Chicago Blackhawks": 1310.3039535619585,
  "Team Kloss Team Kloss": 1483.4940194023939,
  "Team King Team King": 1516.5059805976061,
  "Team McDavid Team McDavid": 1500.0,
  "Team MacKinnon Team MacKinnon": 1486.5059805976061,
  "Team Matthews Team Matthews": 1526.9880388047877,
  "Team Hughes Team Hughes": 1486.5059805976061,
  "Utah Utah Hockey Club": 1508.3243492227573,
  "M\u00fcnchen EHC Red Bull M\u00fcnchen": 1486.5996867231736,
  "Sweden": 1486.2306923690662,
  "Canada": 1532.8949103374614,
  "Finland": 1483.4940194023939,
  "USA": 1497.3803778910785,
  "Utah Mammoth": 1396.891674891796
}