{
  "Arizona Coyotes": 1480.2570043644942,
  "Los Angeles Kings": 1535.4252018302582,
  "St. Louis Blues": 1480.753922051757,
  "Pittsburgh Penguins": 1529.0078833216194,
  "Columbus Blue Jackets": 1465.3328686867678,
  "Washington Capitals": 1589.200569702197,
  "Buffalo Sabres": 1547.7709587028169,
  "Ottawa Senators": 1528.1907665688948,
  "Toronto Maple Leafs": 1595.1493055589065,
  "Colorado Avalanche": 1601.150897620903,
  "Minnesota Wild": 1468.5153985962493,
  "Boston Bruins": 1406.278332325162,
  "New York Rangers": 1387.0355981832222,
  "Edmonton Oilers": 1585.5333405030765,
  "Winnipeg Jets": 1577.7138274648128,
  "Dallas Stars": 1593.8575220216806,
  "Anaheim Ducks": 1478.5326458564184,
  "San Jose Sharks": 1258.9305579629513,
  "Vegas Golden Knights": 1572.2893191861833,
  "Calgary Flames": 1424.8979478334727,
  "Vancouver Canucks": 1566.5599571174023,
  "Florida Panthers": 1545.563213325827,
  "Nashville Predators": 1406.323514983202,
  "Montr\u00e9al Canadiens": 1560.5372747650267,
  "New Jersey Devils": 1461.889026347198,
  "Philadelphia Flyers": 1386.1197691309521,
  "Seattle Kraken": 1429.086276179169,
  "New York Islanders": 1446.9315863830118,
  "Detroit Red Wings": 1588.2088658680793,
  "Carolina Hurricanes": 1543.937276125921,
  "Tampa Bay Lightning": 1538.0536696223833,
  "Chicago Blackhawks": 1424.493564171393,
  "Team Kloss Team Kloss": 1483.4940194023939,
  "Team King Team King": 1516.5059805976061,
  "Team McDavid Team McDavid": 1500.0,
  "Team MacKinnon Team MacKinnon": 1486.5059805976061,
  "Team Matthews Team Matthews": 1526.9880388047877,
  "Team Hughes Team Hughes": 1486.5059805976061,
  "Utah Utah Hockey Club": 1508.3243492227573,
  "M\u00fcnchen EHC Red Bull M\u00fcnchen": 1486.5996867231736,
  "Sweden": 1486.2306923690662,
  "Canada": 1532.8949103374614,
  "Finland": 1483.4940194023939,
  "USA": 1497.3803778910785,
  "Utah Mammoth": 1501.5481016926612
}