{
  "Arizona Coyotes": 1480.2570043644942,
  "Los Angeles Kings": 1481.6022348182591,
  "St. Louis Blues": 1401.9432238258262,
  "Pittsburgh Penguins": 1453.9598125874982,
  "Columbus Blue Jackets": 1458.0210727057179,
  "Washington Capitals": 1570.232964177716,
  "Buffalo Sabres": 1513.6306105318997,
  "Ottawa Senators": 1503.4072970471339,
  "Toronto Maple Leafs": 1461.85273564733,
  "Colorado Avalanche": 1639.9174600076017,
  "Minnesota Wild": 1531.9797000985568,
  "Boston Bruins": 1530.2604266641304,
  "New York Rangers": 1480.7892146778754,
  "Edmonton Oilers": 1492.925189690998,
  "Winnipeg Jets": 1454.386625907546,
  "Dallas Stars": 1596.4873638807876,
  "Anaheim Ducks": 1539.2104577659984,
  "San Jose Sharks": 1479.5545099178946,
  "Vegas Golden Knights": 1527.5263958178964,
  "Calgary Flames": 1470.5477088004943,
  "Vancouver Canucks": 1462.1140813351021,
  "Florida Panthers": 1551.1285312012303,
  "Nashville Predators": 1425.390148606188,
  "Montr\u00e9al Canadiens": 1509.0275814342222,
  "New Jersey Devils": 1470.9388032514764,
  "Philadelphia Flyers": 1469.4954513086263,
  "Seattle Kraken": 1407.0675943411027,
  "New York Islanders": 1582.0087297939942,
  "Detroit Red Wings": 1547.4489374083628,
  "Carolina Hurricanes": 1586.4927307847204,
  "Tampa Bay Lightning": 1560.1565341969488,
  "Chicago Blackhawks": 1388.9485977377294,
  "Team Kloss Team Kloss": 1483.4940194023939,
  "Team King Team King": 1516.5059805976061,
  "Team McDavid Team McDavid": 1500.0,
  "Team MacKinnon Team MacKinnon": 1486.5059805976061,
  "Team Matthews Team Matthews": 1526.9880388047877,
  "Team Hughes Team Hughes": 1486.5059805976061,
  "Utah Utah Hockey Club": 1508.3243492227573,
  "M\u00fcnchen EHC Red Bull M\u00fcnchen": 1486.5996867231736,
  "Sweden": 1486.2306923690662,
  "Canada": 1532.8949103374614,
  "Finland": 1483.4940194023939,
  "USA": 1497.3803778910785,
  "Utah Mammoth": 1476.3662337187122
}