{
  "Arizona Coyotes": 1480.2570043644942,
  "Los Angeles Kings": 1565.6054821274981,
  "St. Louis Blues": 1377.9624932036984,
  "Pittsburgh Penguins": 1518.8172925728911,
  "Columbus Blue Jackets": 1548.1187708750383,
  "Washington Capitals": 1546.0964234041421,
  "Buffalo Sabres": 1480.6990430147562,
  "Ottawa Senators": 1530.6187440128006,
  "Toronto Maple Leafs": 1446.4310257099405,
  "Colorado Avalanche": 1620.4830224692819,
  "Minnesota Wild": 1427.5678450999485,
  "Boston Bruins": 1492.280502805545,
  "New York Rangers": 1475.8648651457718,
  "Edmonton Oilers": 1464.7155057602047,
  "Winnipeg Jets": 1549.334429596097,
  "Dallas Stars": 1562.0142648488165,
  "Anaheim Ducks": 1548.6804687137903,
  "San Jose Sharks": 1413.212958220963,
  "Vegas Golden Knights": 1483.397204345807,
  "Calgary Flames": 1386.5588782208708,
  "Vancouver Canucks": 1529.0285510556748,
  "Florida Panthers": 1558.9355087383167,
  "Nashville Predators": 1322.539471345553,
  "Montr\u00e9al Canadiens": 1495.2127377268614,
  "New Jersey Devils": 1537.344078516498,
  "Philadelphia Flyers": 1433.309023664966,
  "Seattle Kraken": 1464.354492062532,
  "New York Islanders": 1546.2002403892266,
  "Detroit Red Wings": 1588.6465662151013,
  "Carolina Hurricanes": 1568.0977097241168,
  "Tampa Bay Lightning": 1582.1590133635248,
  "Chicago Blackhawks": 1452.5745416247316,
  "Team Kloss Team Kloss": 1483.4940194023939,
  "Team King Team King": 1516.5059805976061,
  "Team McDavid Team McDavid": 1500.0,
  "Team MacKinnon Team MacKinnon": 1486.5059805976061,
  "Team Matthews Team Matthews": 1526.9880388047877,
  "Team Hughes Team Hughes": 1486.5059805976061,
  "Utah Utah Hockey Club": 1508.3243492227573,
  "M\u00fcnchen EHC Red Bull M\u00fcnchen": 1486.5996867231736,
  "Sweden": 1486.2306923690662,
  "Canada": 1532.8949103374614,
  "Finland": 1483.4940194023939,
  "USA": 1497.3803778910785,
  "Utah Mammoth": 1507.9578051146116
}