{
  "Arizona Coyotes": 1480.2570043644942,
  "Los Angeles Kings": 1447.5713289471003,
  "St. Louis Blues": 1386.3948183649736,
  "Pittsburgh Penguins": 1517.3862440272876,
  "Columbus Blue Jackets": 1582.9242842966037,
  "Washington Capitals": 1651.3372182740154,
  "Buffalo Sabres": 1645.8153444753918,
  "Ottawa Senators": 1553.1755399014783,
  "Toronto Maple Leafs": 1373.8775267445635,
  "Colorado Avalanche": 1470.2848415563894,
  "Minnesota Wild": 1623.6492499837107,
  "Boston Bruins": 1607.4293343618317,
  "New York Rangers": 1333.0959622455146,
  "Edmonton Oilers": 1582.5923744214706,
  "Winnipeg Jets": 1458.1221407327096,
  "Dallas Stars": 1678.4631166503323,
  "Anaheim Ducks": 1472.0459301084386,
  "San Jose Sharks": 1433.4281286117077,
  "Vegas Golden Knights": 1457.5341666696504,
  "Calgary Flames": 1309.515149486301,
  "Vancouver Canucks": 1297.1032035663798,
  "Florida Panthers": 1422.6125113462908,
  "Nashville Predators": 1519.4941439898084,
  "Montr\u00e9al Canadiens": 1627.2253237098812,
  "New Jersey Devils": 1491.2765710415854,
  "Philadelphia Flyers": 1478.7425114327912,
  "Seattle Kraken": 1486.6029435253772,
  "New York Islanders": 1545.9688826434876,
  "Detroit Red Wings": 1475.1516315365814,
  "Carolina Hurricanes": 1590.354080567769,
  "Tampa Bay Lightning": 1775.050873683763,
  "Chicago Blackhawks": 1329.8074722571503,
  "Team Kloss Team Kloss": 1483.4940194023939,
  "Team King Team King": 1516.5059805976061,
  "Team McDavid Team McDavid": 1500.0,
  "Team MacKinnon Team MacKinnon": 1486.5059805976061,
  "Team Matthews Team Matthews": 1526.9880388047877,
  "Team Hughes Team Hughes": 1486.5059805976061,
  "Utah Utah Hockey Club": 1508.3243492227573,
  "M\u00fcnchen EHC Red Bull M\u00fcnchen": 1486.5996867231736,
  "Sweden": 1486.2306923690662,
  "Canada": 1532.8949103374614,
  "Finland": 1483.4940194023939,
  "USA": 1497.3803778910785,
  "Utah Mammoth": 1400.78611052924
}