{
  "Arizona Coyotes": 1480.2570043644942,
  "Los Angeles Kings": 1444.1071873590338,
  "St. Louis Blues": 1413.076801679793,
  "Pittsburgh Penguins": 1449.9278354528901,
  "Columbus Blue Jackets": 1517.9462054136407,
  "Washington Capitals": 1433.1859262832395,
  "Buffalo Sabres": 1604.3978160622141,
  "Ottawa Senators": 1449.617072512036,
  "Toronto Maple Leafs": 1570.8290162112833,
  "Colorado Avalanche": 1658.6552226732654,
  "Minnesota Wild": 1546.113673976703,
  "Boston Bruins": 1595.6576521268687,
  "New York Rangers": 1432.7779104345984,
  "Edmonton Oilers": 1522.6473448315767,
  "Winnipeg Jets": 1437.719498344493,
  "Dallas Stars": 1528.0411490842514,
  "Anaheim Ducks": 1402.5002709390174,
  "San Jose Sharks": 1445.0535556273246,
  "Vegas Golden Knights": 1585.2953645407342,
  "Calgary Flames": 1466.6887189181243,
  "Vancouver Canucks": 1397.4642529797031,
  "Florida Panthers": 1534.572397459269,
  "Nashville Predators": 1559.3273683036098,
  "Montr\u00e9al Canadiens": 1584.1348627766308,
  "New Jersey Devils": 1377.494875155394,
  "Philadelphia Flyers": 1442.895175265406,
  "Seattle Kraken": 1463.491200987322,
  "New York Islanders": 1523.6579766660932,
  "Detroit Red Wings": 1596.336354006326,
  "Carolina Hurricanes": 1573.689768621801,
  "Tampa Bay Lightning": 1658.2648001094822,
  "Chicago Blackhawks": 1419.874321430003,
  "Team Kloss Team Kloss": 1483.4940194023939,
  "Team King Team King": 1516.5059805976061,
  "Team McDavid Team McDavid": 1500.0,
  "Team MacKinnon Team MacKinnon": 1486.5059805976061,
  "Team Matthews Team Matthews": 1526.9880388047877,
  "Team Hughes Team Hughes": 1486.5059805976061,
  "Utah Utah Hockey Club": 1508.3243492227573,
  "M\u00fcnchen EHC Red Bull M\u00fcnchen": 1486.5996867231736,
  "Sweden": 1486.2306923690662,
  "Canada": 1532.8949103374614,
  "Finland": 1483.4940194023939,
  "USA": 1497.3803778910785,
  "Utah Mammoth": 1389.3773834574486
}