{
  "Arizona Coyotes": 1480.2570043644942,
  "Los Angeles Kings": 1541.8768075497703,
  "St. Louis Blues": 1379.7482195907082,
  "Pittsburgh Penguins": 1481.3138490823642,
  "Columbus Blue Jackets": 1533.6308602778508,
  "Washington Capitals": 1558.7985458906971,
  "Buffalo Sabres": 1509.757013464343,
  "Ottawa Senators": 1544.6132033575452,
  "Toronto Maple Leafs": 1422.7358269759281,
  "Colorado Avalanche": 1641.637596370749,
  "Minnesota Wild": 1467.8071437678611,
  "Boston Bruins": 1493.6830678731178,
  "New York Rangers": 1466.2538641668664,
  "Edmonton Oilers": 1463.9082073342402,
  "Winnipeg Jets": 1513.6173971637077,
  "Dallas Stars": 1568.9213959760743,
  "Anaheim Ducks": 1543.6139472626744,
  "San Jose Sharks": 1438.8178206941957,
  "Vegas Golden Knights": 1475.8478519810453,
  "Calgary Flames": 1428.6357601677125,
  "Vancouver Canucks": 1493.1646426749553,
  "Florida Panthers": 1557.6589436621166,
  "Nashville Predators": 1310.056670831892,
  "Montr\u00e9al Canadiens": 1492.4375099500317,
  "New Jersey Devils": 1524.5672680718385,
  "Philadelphia Flyers": 1453.571659336563,
  "Seattle Kraken": 1485.9515691487838,
  "New York Islanders": 1552.4014636903344,
  "Detroit Red Wings": 1566.6768327056361,
  "Carolina Hurricanes": 1566.3819627572918,
  "Tampa Bay Lightning": 1614.0273722165937,
  "Chicago Blackhawks": 1416.8607403486217,
  "Team Kloss Team Kloss": 1483.4940194023939,
  "Team King Team King": 1516.5059805976061,
  "Team McDavid Team McDavid": 1500.0,
  "Team MacKinnon Team MacKinnon": 1486.5059805976061,
  "Team Matthews Team Matthews": 1526.9880388047877,
  "Team Hughes Team Hughes": 1486.5059805976061,
  "Utah Utah Hockey Club": 1508.3243492227573,
  "M\u00fcnchen EHC Red Bull M\u00fcnchen": 1486.5996867231736,
  "Sweden": 1486.2306923690662,
  "Canada": 1532.8949103374614,
  "Finland": 1483.4940194023939,
  "USA": 1497.3803778910785,
  "Utah Mammoth": 1515.8439453474664
}