{
  "Arizona Coyotes": 1480.2570043644942,
  "Los Angeles Kings": 1510.1568951569561,
  "St. Louis Blues": 1419.3754360568469,
  "Pittsburgh Penguins": 1505.6526960663837,
  "Columbus Blue Jackets": 1489.5379750647787,
  "Washington Capitals": 1608.7645755882309,
  "Buffalo Sabres": 1485.1992892428755,
  "Ottawa Senators": 1484.2931365218467,
  "Toronto Maple Leafs": 1496.5266983661418,
  "Colorado Avalanche": 1624.9813416904299,
  "Minnesota Wild": 1484.4368638727292,
  "Boston Bruins": 1531.3164038488549,
  "New York Rangers": 1481.3871536616384,
  "Edmonton Oilers": 1474.0757358788833,
  "Winnipeg Jets": 1464.415024363655,
  "Dallas Stars": 1626.7279047795716,
  "Anaheim Ducks": 1553.7791533006298,
  "San Jose Sharks": 1443.1855290393019,
  "Vegas Golden Knights": 1495.6407687467197,
  "Calgary Flames": 1451.6035528568686,
  "Vancouver Canucks": 1459.0757875813285,
  "Florida Panthers": 1521.6622616539569,
  "Nashville Predators": 1399.7116044388958,
  "Montr\u00e9al Canadiens": 1492.6778494305788,
  "New Jersey Devils": 1485.3878066315697,
  "Philadelphia Flyers": 1509.567998151502,
  "Seattle Kraken": 1433.039437293392,
  "New York Islanders": 1553.9185204432756,
  "Detroit Red Wings": 1553.6468507431082,
  "Carolina Hurricanes": 1544.3396278251441,
  "Tampa Bay Lightning": 1580.7701621403937,
  "Chicago Blackhawks": 1413.5219523280452,
  "Team Kloss Team Kloss": 1483.4940194023939,
  "Team King Team King": 1516.5059805976061,
  "Team McDavid Team McDavid": 1500.0,
  "Team MacKinnon Team MacKinnon": 1486.5059805976061,
  "Team Matthews Team Matthews": 1526.9880388047877,
  "Team Hughes Team Hughes": 1486.5059805976061,
  "Utah Utah Hockey Club": 1508.3243492227573,
  "M\u00fcnchen EHC Red Bull M\u00fcnchen": 1486.5996867231736,
  "Sweden": 1486.2306923690662,
  "Canada": 1532.8949103374614,
  "Finland": 1483.4940194023939,
  "USA": 1497.3803778910785,
  "Utah Mammoth": 1446.4429669250433
}