{
  "Arizona Coyotes": 1480.2570043644942,
  "Los Angeles Kings": 1374.6280267912243,
  "St. Louis Blues": 1499.6263094925296,
  "Pittsburgh Penguins": 1486.7379277129248,
  "Columbus Blue Jackets": 1585.8456562629701,
  "Washington Capitals": 1509.400284234498,
  "Buffalo Sabres": 1679.6769216423202,
  "Ottawa Senators": 1610.7164424332977,
  "Toronto Maple Leafs": 1493.0060717273527,
  "Colorado Avalanche": 1628.6458387964663,
  "Minnesota Wild": 1464.497829072052,
  "Boston Bruins": 1521.1930748809011,
  "New York Rangers": 1347.1586817154468,
  "Edmonton Oilers": 1542.6602466540528,
  "Winnipeg Jets": 1483.0673690452345,
  "Dallas Stars": 1530.1142175489379,
  "Anaheim Ducks": 1655.1468712701285,
  "San Jose Sharks": 1383.670676739154,
  "Vegas Golden Knights": 1408.5829098902464,
  "Calgary Flames": 1444.0759401222122,
  "Vancouver Canucks": 1239.4949174832057,
  "Florida Panthers": 1412.0899831953411,
  "Nashville Predators": 1497.0639359873314,
  "Montr\u00e9al Canadiens": 1606.3870355639483,
  "New Jersey Devils": 1523.0110911221625,
  "Philadelphia Flyers": 1595.2289230132865,
  "Seattle Kraken": 1453.044751070984,
  "New York Islanders": 1593.4474897894495,
  "Detroit Red Wings": 1439.8937709723298,
  "Carolina Hurricanes": 1633.986447821294,
  "Tampa Bay Lightning": 1595.3251169271184,
  "Chicago Blackhawks": 1367.7105666991065,
  "Team Kloss Team Kloss": 1483.4940194023939,
  "Team King Team King": 1516.5059805976061,
  "Team McDavid Team McDavid": 1500.0,
  "Team MacKinnon Team MacKinnon": 1486.5059805976061,
  "Team Matthews Team Matthews": 1526.9880388047877,
  "Team Hughes Team Hughes": 1486.5059805976061,
  "Utah Utah Hockey Club": 1508.3243492227573,
  "M\u00fcnchen EHC Red Bull M\u00fcnchen": 1486.5996867231736,
  "Sweden": 1486.2306923690662,
  "Canada": 1532.8949103374614,
  "Finland": 1483.4940194023939,
  "USA": 1497.3803778910785,
  "Utah Mammoth": 1419.6836340120688
}