{
  "Arizona Coyotes": 1480.2570043644942,
  "Los Angeles Kings": 1408.6781375129647,
  "St. Louis Blues": 1422.1330512516074,
  "Pittsburgh Penguins": 1468.3762093944026,
  "Columbus Blue Jackets": 1571.3435663609177,
  "Washington Capitals": 1590.4281015941283,
  "Buffalo Sabres": 1716.3659531196586,
  "Ottawa Senators": 1550.4012134553566,
  "Toronto Maple Leafs": 1392.18744691527,
  "Colorado Avalanche": 1516.8674509276732,
  "Minnesota Wild": 1551.6661070862801,
  "Boston Bruins": 1539.6300300764462,
  "New York Rangers": 1370.9760000433525,
  "Edmonton Oilers": 1425.9597848904991,
  "Winnipeg Jets": 1386.5463351902156,
  "Dallas Stars": 1718.1128877284102,
  "Anaheim Ducks": 1558.6064045132455,
  "San Jose Sharks": 1460.2688443459647,
  "Vegas Golden Knights": 1426.8674337832847,
  "Calgary Flames": 1307.7562431319266,
  "Vancouver Canucks": 1243.8182541230228,
  "Florida Panthers": 1432.564701750706,
  "Nashville Predators": 1475.5578888397376,
  "Montr\u00e9al Canadiens": 1652.3688636581446,
  "New Jersey Devils": 1474.6228639653393,
  "Philadelphia Flyers": 1586.729119223289,
  "Seattle Kraken": 1495.1363848749872,
  "New York Islanders": 1655.594513843975,
  "Detroit Red Wings": 1476.357383602407,
  "Carolina Hurricanes": 1644.6053049427621,
  "Tampa Bay Lightning": 1721.9142333297252,
  "Chicago Blackhawks": 1373.699967984597,
  "Team Kloss Team Kloss": 1483.4940194023939,
  "Team King Team King": 1516.5059805976061,
  "Team McDavid Team McDavid": 1500.0,
  "Team MacKinnon Team MacKinnon": 1486.5059805976061,
  "Team Matthews Team Matthews": 1526.9880388047877,
  "Team Hughes Team Hughes": 1486.5059805976061,
  "Utah Utah Hockey Club": 1508.3243492227573,
  "M\u00fcnchen EHC Red Bull M\u00fcnchen": 1486.5996867231736,
  "Sweden": 1486.2306923690662,
  "Canada": 1532.8949103374614,
  "Finland": 1483.4940194023939,
  "USA": 1497.3803778910785,
  "Utah Mammoth": 1408.678278229279
}