{
  "Arizona Coyotes": 1480.2570043644942,
  "Los Angeles Kings": 1433.554089177815,
  "St. Louis Blues": 1422.9665059086592,
  "Pittsburgh Penguins": 1461.6053466045123,
  "Columbus Blue Jackets": 1541.5223235102387,
  "Washington Capitals": 1453.013922916334,
  "Buffalo Sabres": 1626.1807005521243,
  "Ottawa Senators": 1457.7319184703747,
  "Toronto Maple Leafs": 1549.8558423113845,
  "Colorado Avalanche": 1658.6552226732654,
  "Minnesota Wild": 1561.584291396035,
  "Boston Bruins": 1622.1073710170097,
  "New York Rangers": 1417.4823596301353,
  "Edmonton Oilers": 1501.2490410297848,
  "Winnipeg Jets": 1441.8210398467213,
  "Dallas Stars": 1487.0585845504072,
  "Anaheim Ducks": 1421.323086921038,
  "San Jose Sharks": 1445.0535556273246,
  "Vegas Golden Knights": 1582.9217754425006,
  "Calgary Flames": 1455.3380810862086,
  "Vancouver Canucks": 1386.149958931883,
  "Florida Panthers": 1547.6544237469777,
  "Nashville Predators": 1580.5663183888728,
  "Montr\u00e9al Canadiens": 1549.842393658693,
  "New Jersey Devils": 1394.6808874398635,
  "Philadelphia Flyers": 1435.576763260339,
  "Seattle Kraken": 1446.3051887028525,
  "New York Islanders": 1506.4744088761563,
  "Detroit Red Wings": 1576.547251286974,
  "Carolina Hurricanes": 1531.7337884451279,
  "Tampa Bay Lightning": 1676.280248100415,
  "Chicago Blackhawks": 1441.6317128222008,
  "Team Kloss Team Kloss": 1483.4940194023939,
  "Team King Team King": 1516.5059805976061,
  "Team McDavid Team McDavid": 1500.0,
  "Team MacKinnon Team MacKinnon": 1486.5059805976061,
  "Team Matthews Team Matthews": 1526.9880388047877,
  "Team Hughes Team Hughes": 1486.5059805976061,
  "Utah Utah Hockey Club": 1508.3243492227573,
  "M\u00fcnchen EHC Red Bull M\u00fcnchen": 1486.5996867231736,
  "Sweden": 1486.2306923690662,
  "Canada": 1532.8949103374614,
  "Finland": 1483.4940194023939,
  "USA": 1497.3803778910785,
  "Utah Mammoth": 1410.3505573573473
}