{
  "Arizona Coyotes": 1480.2570043644942,
  "Los Angeles Kings": 1456.5577382802323,
  "St. Louis Blues": 1436.0669245027154,
  "Pittsburgh Penguins": 1521.4573108095567,
  "Columbus Blue Jackets": 1443.890249537521,
  "Washington Capitals": 1487.4527227334563,
  "Buffalo Sabres": 1608.8461404320908,
  "Ottawa Senators": 1470.8788466138417,
  "Toronto Maple Leafs": 1526.4370961599216,
  "Colorado Avalanche": 1669.0911826309239,
  "Minnesota Wild": 1578.7293729718804,
  "Boston Bruins": 1511.5911048815342,
  "New York Rangers": 1470.9705069930587,
  "Edmonton Oilers": 1520.3683646316888,
  "Winnipeg Jets": 1346.2144692699621,
  "Dallas Stars": 1527.8354823472582,
  "Anaheim Ducks": 1415.868210161948,
  "San Jose Sharks": 1518.341442503092,
  "Vegas Golden Knights": 1475.0637206670585,
  "Calgary Flames": 1457.9534796733033,
  "Vancouver Canucks": 1421.0467822157625,
  "Florida Panthers": 1508.9159988004228,
  "Nashville Predators": 1497.318211985311,
  "Montr\u00e9al Canadiens": 1584.5678432319141,
  "New Jersey Devils": 1445.7783398049182,
  "Philadelphia Flyers": 1474.6549194937381,
  "Seattle Kraken": 1467.2296520806728,
  "New York Islanders": 1517.9832915524516,
  "Detroit Red Wings": 1556.6885466794854,
  "Carolina Hurricanes": 1571.2703367625002,
  "Tampa Bay Lightning": 1640.7810740441098,
  "Chicago Blackhawks": 1426.4594609155483,
  "Team Kloss Team Kloss": 1483.4940194023939,
  "Team King Team King": 1516.5059805976061,
  "Team McDavid Team McDavid": 1500.0,
  "Team MacKinnon Team MacKinnon": 1486.5059805976061,
  "Team Matthews Team Matthews": 1526.9880388047877,
  "Team Hughes Team Hughes": 1486.5059805976061,
  "Utah Utah Hockey Club": 1508.3243492227573,
  "M\u00fcnchen EHC Red Bull M\u00fcnchen": 1486.5996867231736,
  "Sweden": 1486.2306923690662,
  "Canada": 1532.8949103374614,
  "Finland": 1483.4940194023939,
  "USA": 1497.3803778910785,
  "Utah Mammoth": 1468.5101363216975
}