{
  "Arizona Coyotes": 1480.2570043644942,
  "Los Angeles Kings": 1400.5081441425275,
  "St. Louis Blues": 1480.9588992892077,
  "Pittsburgh Penguins": 1465.2850637109696,
  "Columbus Blue Jackets": 1558.6746188301067,
  "Washington Capitals": 1552.89998573303,
  "Buffalo Sabres": 1737.8393443354712,
  "Ottawa Senators": 1545.7170745189853,
  "Toronto Maple Leafs": 1377.6213628067953,
  "Colorado Avalanche": 1573.1163476903369,
  "Minnesota Wild": 1568.64687457284,
  "Boston Bruins": 1545.9004052096636,
  "New York Rangers": 1362.4350092168486,
  "Edmonton Oilers": 1452.733873675254,
  "Winnipeg Jets": 1407.598341653297,
  "Dallas Stars": 1700.601150052967,
  "Anaheim Ducks": 1554.2330129831114,
  "San Jose Sharks": 1454.1276376662215,
  "Vegas Golden Knights": 1414.366845725911,
  "Calgary Flames": 1330.479420580669,
  "Vancouver Canucks": 1253.7444530745915,
  "Florida Panthers": 1438.8936648259469,
  "Nashville Predators": 1461.1835193161517,
  "Montr\u00e9al Canadiens": 1622.5809962742303,
  "New Jersey Devils": 1485.3557559919327,
  "Philadelphia Flyers": 1597.7708977917787,
  "Seattle Kraken": 1461.5238578332767,
  "New York Islanders": 1646.4991524798609,
  "Detroit Red Wings": 1458.7631519156255,
  "Carolina Hurricanes": 1630.2982235451545,
  "Tampa Bay Lightning": 1693.5605864433785,
  "Chicago Blackhawks": 1336.6410197755654,
  "Team Kloss Team Kloss": 1483.4940194023939,
  "Team King Team King": 1516.5059805976061,
  "Team McDavid Team McDavid": 1500.0,
  "Team MacKinnon Team MacKinnon": 1486.5059805976061,
  "Team Matthews Team Matthews": 1526.9880388047877,
  "Team Hughes Team Hughes": 1486.5059805976061,
  "Utah Utah Hockey Club": 1508.3243492227573,
  "M\u00fcnchen EHC Red Bull M\u00fcnchen": 1486.5996867231736,
  "Sweden": 1486.2306923690662,
  "Canada": 1532.8949103374614,
  "Finland": 1483.4940194023939,
  "USA": 1497.3803778910785,
  "Utah Mammoth": 1454.2602680278699
}