{
  "Arizona Coyotes": 1480.2570043644942,
  "Los Angeles Kings": 1426.6157780346584,
  "St. Louis Blues": 1449.6002684604941,
  "Pittsburgh Penguins": 1507.6256288765696,
  "Columbus Blue Jackets": 1592.0946360922985,
  "Washington Capitals": 1575.9847672809883,
  "Buffalo Sabres": 1757.0946670268631,
  "Ottawa Senators": 1606.8221756683972,
  "Toronto Maple Leafs": 1453.4176232833506,
  "Colorado Avalanche": 1545.5842282423387,
  "Minnesota Wild": 1441.6109523141188,
  "Boston Bruins": 1521.497545301254,
  "New York Rangers": 1397.1852635264072,
  "Edmonton Oilers": 1512.8097505819194,
  "Winnipeg Jets": 1439.6809706206009,
  "Dallas Stars": 1679.7247906624548,
  "Anaheim Ducks": 1581.4689181238418,
  "San Jose Sharks": 1421.2524123229266,
  "Vegas Golden Knights": 1380.5716648914758,
  "Calgary Flames": 1359.4926733100863,
  "Vancouver Canucks": 1267.302902914727,
  "Florida Panthers": 1396.5841347393841,
  "Nashville Predators": 1450.7393129657694,
  "Montr\u00e9al Canadiens": 1541.0857636188653,
  "New Jersey Devils": 1465.3961913474689,
  "Philadelphia Flyers": 1617.7134301027404,
  "Seattle Kraken": 1469.2314002738601,
  "New York Islanders": 1612.149380676473,
  "Detroit Red Wings": 1473.5966417280335,
  "Carolina Hurricanes": 1637.253011411211,
  "Tampa Bay Lightning": 1664.0039997386389,
  "Chicago Blackhawks": 1354.7322675697965,
  "Team Kloss Team Kloss": 1483.4940194023939,
  "Team King Team King": 1516.5059805976061,
  "Team McDavid Team McDavid": 1500.0,
  "Team MacKinnon Team MacKinnon": 1486.5059805976061,
  "Team Matthews Team Matthews": 1526.9880388047877,
  "Team Hughes Team Hughes": 1486.5059805976061,
  "Utah Utah Hockey Club": 1508.3243492227573,
  "M\u00fcnchen EHC Red Bull M\u00fcnchen": 1486.5996867231736,
  "Sweden": 1486.2306923690662,
  "Canada": 1532.8949103374614,
  "Finland": 1483.4940194023939,
  "USA": 1497.3803778910785,
  "Utah Mammoth": 1424.895807981564
}