{
  "Arizona Coyotes": 1480.2570043644942,
  "Los Angeles Kings": 1542.564907629578,
  "St. Louis Blues": 1446.0385561667867,
  "Pittsburgh Penguins": 1577.3037334775222,
  "Columbus Blue Jackets": 1506.8920678709783,
  "Washington Capitals": 1618.8693375717146,
  "Buffalo Sabres": 1609.2972237256238,
  "Ottawa Senators": 1520.034680246471,
  "Toronto Maple Leafs": 1537.1984533237105,
  "Colorado Avalanche": 1532.8026897696911,
  "Minnesota Wild": 1364.706752814124,
  "Boston Bruins": 1374.173580772604,
  "New York Rangers": 1367.5102718079117,
  "Edmonton Oilers": 1549.8701646540433,
  "Winnipeg Jets": 1566.5373432725678,
  "Dallas Stars": 1532.9447727580368,
  "Anaheim Ducks": 1472.31265163837,
  "San Jose Sharks": 1263.700589960142,
  "Vegas Golden Knights": 1553.2222969327909,
  "Calgary Flames": 1387.500638866199,
  "Vancouver Canucks": 1576.5358938026036,
  "Florida Panthers": 1538.6491701969362,
  "Nashville Predators": 1396.7212264176299,
  "Montr\u00e9al Canadiens": 1578.929804710111,
  "New Jersey Devils": 1579.0639598152482,
  "Philadelphia Flyers": 1402.8384026399121,
  "Seattle Kraken": 1470.5090476688513,
  "New York Islanders": 1493.9131412645934,
  "Detroit Red Wings": 1583.613545338427,
  "Carolina Hurricanes": 1572.3181141447014,
  "Tampa Bay Lightning": 1494.5951354894746,
  "Chicago Blackhawks": 1413.600305660093,
  "Team Kloss Team Kloss": 1483.4940194023939,
  "Team King Team King": 1516.5059805976061,
  "Team McDavid Team McDavid": 1500.0,
  "Team MacKinnon Team MacKinnon": 1486.5059805976061,
  "Team Matthews Team Matthews": 1526.9880388047877,
  "Team Hughes Team Hughes": 1486.5059805976061,
  "Utah Utah Hockey Club": 1508.3243492227573,
  "M\u00fcnchen EHC Red Bull M\u00fcnchen": 1486.5996867231736,
  "Sweden": 1486.2306923690662,
  "Canada": 1532.8949103374614,
  "Finland": 1483.4940194023939,
  "USA": 1497.3803778910785,
  "Utah Mammoth": 1600.0504992821286
}