{
  "Arizona Coyotes": 1480.2570043644942,
  "Los Angeles Kings": 1373.5456186387676,
  "St. Louis Blues": 1475.035343812597,
  "Pittsburgh Penguins": 1474.7222631305865,
  "Columbus Blue Jackets": 1582.0768189726164,
  "Washington Capitals": 1510.5895899828636,
  "Buffalo Sabres": 1703.6961958369143,
  "Ottawa Senators": 1624.4078749689759,
  "Toronto Maple Leafs": 1466.0174017067409,
  "Colorado Avalanche": 1606.4376368629669,
  "Minnesota Wild": 1456.4341729963517,
  "Boston Bruins": 1515.7616326046593,
  "New York Rangers": 1355.5595198177064,
  "Edmonton Oilers": 1517.39224108406,
  "Winnipeg Jets": 1482.9964729549636,
  "Dallas Stars": 1561.5332292194037,
  "Anaheim Ducks": 1643.0964860806828,
  "San Jose Sharks": 1402.6150212072178,
  "Vegas Golden Knights": 1431.723882414895,
  "Calgary Flames": 1441.9955965275683,
  "Vancouver Canucks": 1254.708054419752,
  "Florida Panthers": 1412.8345304005538,
  "Nashville Predators": 1504.5219046746458,
  "Montr\u00e9al Canadiens": 1575.8794997864347,
  "New Jersey Devils": 1486.5811756338135,
  "Philadelphia Flyers": 1607.07191241594,
  "Seattle Kraken": 1444.3632344965063,
  "New York Islanders": 1606.9560522240297,
  "Detroit Red Wings": 1449.1470767006592,
  "Carolina Hurricanes": 1650.6980661685639,
  "Tampa Bay Lightning": 1611.3257423720836,
  "Chicago Blackhawks": 1348.0993972145275,
  "Team Kloss Team Kloss": 1483.4940194023939,
  "Team King Team King": 1516.5059805976061,
  "Team McDavid Team McDavid": 1500.0,
  "Team MacKinnon Team MacKinnon": 1486.5059805976061,
  "Team Matthews Team Matthews": 1526.9880388047877,
  "Team Hughes Team Hughes": 1486.5059805976061,
  "Utah Utah Hockey Club": 1508.3243492227573,
  "M\u00fcnchen EHC Red Bull M\u00fcnchen": 1486.5996867231736,
  "Sweden": 1486.2306923690662,
  "Canada": 1532.8949103374614,
  "Finland": 1483.4940194023939,
  "USA": 1497.3803778910785,
  "Utah Mammoth": 1446.9953143615287
}