{
  "Arizona Coyotes": 1480.2570043644942,
  "Los Angeles Kings": 1437.974255108075,
  "St. Louis Blues": 1423.9426518825455,
  "Pittsburgh Penguins": 1531.8342507880568,
  "Columbus Blue Jackets": 1431.7131358778083,
  "Washington Capitals": 1501.3325925065117,
  "Buffalo Sabres": 1619.5300490973957,
  "Ottawa Senators": 1464.665761778608,
  "Toronto Maple Leafs": 1540.7131143228814,
  "Colorado Avalanche": 1675.3042674661576,
  "Minnesota Wild": 1590.4789730275138,
  "Boston Bruins": 1522.8452285727874,
  "New York Rangers": 1460.2865983277538,
  "Edmonton Oilers": 1529.6624946582272,
  "Winnipeg Jets": 1355.503822415581,
  "Dallas Stars": 1527.8354823472582,
  "Anaheim Ducks": 1408.353747201385,
  "San Jose Sharks": 1518.341442503092,
  "Vegas Golden Knights": 1487.2408343267712,
  "Calgary Flames": 1446.69935598205,
  "Vancouver Canucks": 1412.8736707839764,
  "Florida Panthers": 1498.537998895148,
  "Nashville Predators": 1511.6996746645923,
  "Montr\u00e9al Canadiens": 1594.945843137189,
  "New Jersey Devils": 1435.4013998264181,
  "Philadelphia Flyers": 1460.3789013307783,
  "Seattle Kraken": 1455.4800520250394,
  "New York Islanders": 1503.6018288731705,
  "Detroit Red Wings": 1564.8616581112715,
  "Carolina Hurricanes": 1578.784799723063,
  "Tampa Bay Lightning": 1640.7810740441098,
  "Chicago Blackhawks": 1412.579591142493,
  "Team Kloss Team Kloss": 1483.4940194023939,
  "Team King Team King": 1516.5059805976061,
  "Team McDavid Team McDavid": 1500.0,
  "Team MacKinnon Team MacKinnon": 1486.5059805976061,
  "Team Matthews Team Matthews": 1526.9880388047877,
  "Team Hughes Team Hughes": 1486.5059805976061,
  "Utah Utah Hockey Club": 1508.3243492227573,
  "M\u00fcnchen EHC Red Bull M\u00fcnchen": 1486.5996867231736,
  "Sweden": 1486.2306923690662,
  "Canada": 1532.8949103374614,
  "Finland": 1483.4940194023939,
  "USA": 1497.3803778910785,
  "Utah Mammoth": 1480.6344089418674
}