{
  "Arizona Coyotes": 1480.2570043644942,
  "Los Angeles Kings": 1559.786119141875,
  "St. Louis Blues": 1427.3464223797207,
  "Pittsburgh Penguins": 1564.6058273377287,
  "Columbus Blue Jackets": 1566.7716004004178,
  "Washington Capitals": 1602.1425266759763,
  "Buffalo Sabres": 1588.6560516872719,
  "Ottawa Senators": 1509.0495382551826,
  "Toronto Maple Leafs": 1506.0850098041553,
  "Colorado Avalanche": 1537.727459854254,
  "Minnesota Wild": 1336.0029393527057,
  "Boston Bruins": 1385.250073494173,
  "New York Rangers": 1379.606537122549,
  "Edmonton Oilers": 1554.3353252963802,
  "Winnipeg Jets": 1559.5877280489767,
  "Dallas Stars": 1560.4210024008794,
  "Anaheim Ducks": 1491.5677182263905,
  "San Jose Sharks": 1278.107936614315,
  "Vegas Golden Knights": 1555.1904438325887,
  "Calgary Flames": 1392.0212249632514,
  "Vancouver Canucks": 1564.1594102824602,
  "Florida Panthers": 1519.3941036089157,
  "Nashville Predators": 1374.7583056102706,
  "Montr\u00e9al Canadiens": 1590.8063329017693,
  "New Jersey Devils": 1574.1391897306853,
  "Philadelphia Flyers": 1423.8600889700344,
  "Seattle Kraken": 1458.632519477193,
  "New York Islanders": 1475.0086311685686,
  "Detroit Red Wings": 1593.9818989351643,
  "Carolina Hurricanes": 1554.3314702518826,
  "Tampa Bay Lightning": 1521.8271345427506,
  "Chicago Blackhawks": 1421.3741437210954,
  "Team Kloss Team Kloss": 1483.4940194023939,
  "Team King Team King": 1516.5059805976061,
  "Team McDavid Team McDavid": 1500.0,
  "Team MacKinnon Team MacKinnon": 1486.5059805976061,
  "Team Matthews Team Matthews": 1526.9880388047877,
  "Team Hughes Team Hughes": 1486.5059805976061,
  "Utah Utah Hockey Club": 1508.3243492227573,
  "M\u00fcnchen EHC Red Bull M\u00fcnchen": 1486.5996867231736,
  "Sweden": 1486.2306923690662,
  "Canada": 1532.8949103374614,
  "Finland": 1483.4940194023939,
  "USA": 1497.3803778910785,
  "Utah Mammoth": 1598.2842455999946
}