{
  "Arizona Coyotes": 1470.161850487337,
  "Los Angeles Kings": 1587.066939141664,
  "St. Louis Blues": 1545.535332391277,
  "Pittsburgh Penguins": 1423.7280927065922,
  "Columbus Blue Jackets": 1479.406970078849,
  "Washington Capitals": 1541.7305349700255,
  "Buffalo Sabres": 1559.0630338144733,
  "Ottawa Senators": 1566.2440852923166,
  "Toronto Maple Leafs": 1567.9646768264888,
  "Colorado Avalanche": 1584.2899016395834,
  "Minnesota Wild": 1500.0870515077822,
  "Boston Bruins": 1432.4967751449024,
  "New York Rangers": 1462.9123729693645,
  "Dallas Stars": 1596.5175853456203,
  "Edmonton Oilers": 1622.659532315115,
  "Winnipeg Jets": 1559.8678599551336,
  "Anaheim Ducks": 1453.5338179293576,
  "San Jose Sharks": 1294.35918923863,
  "Vegas Golden Knights": 1503.5126093706938,
  "Calgary Flames": 1543.2255610364562,
  "Vancouver Canucks": 1497.5679535272873,
  "Florida Panthers": 1616.3903418707034,
  "Nashville Predators": 1424.6807503461778,
  "New Jersey Devils": 1457.3951200545603,
  "Philadelphia Flyers": 1417.705413418917,
  "Montr\u00e9al Canadiens": 1517.7747957706492,
  "Seattle Kraken": 1459.162923135791,
  "New York Islanders": 1408.2899975939272,
  "Detroit Red Wings": 1521.5957832985928,
  "Carolina Hurricanes": 1509.4014832323721,
  "Tampa Bay Lightning": 1579.3525135718426,
  "Chicago Blackhawks": 1340.4199058188328,
  "Utah Mammoth": 1455.8992461986845
}