{
  "Arizona Coyotes": 1480.2570043644942,
  "Los Angeles Kings": 1503.8174233678199,
  "St. Louis Blues": 1498.3374221859656,
  "Pittsburgh Penguins": 1551.0047024048984,
  "Columbus Blue Jackets": 1469.911351707231,
  "Washington Capitals": 1604.0543445304004,
  "Buffalo Sabres": 1560.4457299961236,
  "Ottawa Senators": 1518.2172933386078,
  "Toronto Maple Leafs": 1577.7872120150946,
  "Colorado Avalanche": 1617.7256152777754,
  "Minnesota Wild": 1421.0450672778336,
  "Boston Bruins": 1384.82414366055,
  "New York Rangers": 1404.5613118505767,
  "Edmonton Oilers": 1538.7336679169566,
  "Winnipeg Jets": 1592.8957818866133,
  "Dallas Stars": 1558.61287827979,
  "Anaheim Ducks": 1448.0966595427565,
  "San Jose Sharks": 1234.8817776002577,
  "Vegas Golden Knights": 1587.006658153455,
  "Calgary Flames": 1417.3563808497358,
  "Vancouver Canucks": 1636.036436855043,
  "Florida Panthers": 1515.8006494926767,
  "Nashville Predators": 1392.251217810711,
  "Montr\u00e9al Canadiens": 1544.6276356013036,
  "New Jersey Devils": 1496.214162038238,
  "Philadelphia Flyers": 1393.5195188217426,
  "Seattle Kraken": 1442.903743267467,
  "New York Islanders": 1485.7314967545742,
  "Detroit Red Wings": 1638.9432364598094,
  "Carolina Hurricanes": 1572.4560148222704,
  "Tampa Bay Lightning": 1482.192791998335,
  "Chicago Blackhawks": 1405.977639060744,
  "Team Kloss Team Kloss": 1483.4940194023939,
  "Team King Team King": 1516.5059805976061,
  "Team McDavid Team McDavid": 1500.0,
  "Team MacKinnon Team MacKinnon": 1486.5059805976061,
  "Team Matthews Team Matthews": 1526.9880388047877,
  "Team Hughes Team Hughes": 1486.5059805976061,
  "Utah Utah Hockey Club": 1508.3243492227573,
  "M\u00fcnchen EHC Red Bull M\u00fcnchen": 1486.5996867231736,
  "Sweden": 1486.2306923690662,
  "Canada": 1532.8949103374614,
  "Finland": 1483.4940194023939,
  "USA": 1497.3803778910785,
  "Utah Mammoth": 1528.8489948642195
}