{
  "Arizona Coyotes": 1480.2570043644942,
  "Los Angeles Kings": 1379.2553512439051,
  "St. Louis Blues": 1475.6516089094364,
  "Pittsburgh Penguins": 1505.4809130639353,
  "Columbus Blue Jackets": 1514.929707787215,
  "Washington Capitals": 1539.6004847445665,
  "Buffalo Sabres": 1671.0256823250693,
  "Ottawa Senators": 1574.232888532924,
  "Toronto Maple Leafs": 1502.3336231368978,
  "Colorado Avalanche": 1586.3854432391333,
  "Minnesota Wild": 1453.367206494497,
  "Boston Bruins": 1578.0399533279278,
  "New York Rangers": 1410.262849064408,
  "Edmonton Oilers": 1569.8850328193396,
  "Winnipeg Jets": 1514.8229590248352,
  "Dallas Stars": 1512.0290687559263,
  "Anaheim Ducks": 1593.080457218439,
  "San Jose Sharks": 1446.7984858744912,
  "Vegas Golden Knights": 1403.6639939003146,
  "Calgary Flames": 1442.627326190814,
  "Vancouver Canucks": 1253.7683306143463,
  "Florida Panthers": 1398.2774138015322,
  "Nashville Predators": 1468.678239250352,
  "Montr\u00e9al Canadiens": 1667.243446358209,
  "New Jersey Devils": 1508.9098353546708,
  "Philadelphia Flyers": 1609.2196635375149,
  "Seattle Kraken": 1437.9975435116403,
  "New York Islanders": 1568.4685431643395,
  "Detroit Red Wings": 1441.9809093080598,
  "Carolina Hurricanes": 1622.4150504195347,
  "Tampa Bay Lightning": 1610.629677087708,
  "Chicago Blackhawks": 1329.507651898404,
  "Team Kloss Team Kloss": 1483.4940194023939,
  "Team King Team King": 1516.5059805976061,
  "Team McDavid Team McDavid": 1500.0,
  "Team MacKinnon Team MacKinnon": 1486.5059805976061,
  "Team Matthews Team Matthews": 1526.9880388047877,
  "Team Hughes Team Hughes": 1486.5059805976061,
  "Utah Utah Hockey Club": 1508.3243492227573,
  "M\u00fcnchen EHC Red Bull M\u00fcnchen": 1486.5996867231736,
  "Sweden": 1486.2306923690662,
  "Canada": 1532.8949103374614,
  "Finland": 1483.4940194023939,
  "USA": 1497.3803778910785,
  "Utah Mammoth": 1434.249619729189
}