{
  "Arizona Coyotes": 1480.2570043644942,
  "Los Angeles Kings": 1410.4212538090774,
  "St. Louis Blues": 1504.8604549471602,
  "Pittsburgh Penguins": 1542.2441340897883,
  "Columbus Blue Jackets": 1494.7337897721045,
  "Washington Capitals": 1507.7749499153501,
  "Buffalo Sabres": 1655.6274865616192,
  "Ottawa Senators": 1621.3991433804595,
  "Toronto Maple Leafs": 1457.4371643599366,
  "Colorado Avalanche": 1584.1059259443152,
  "Minnesota Wild": 1505.6167449215,
  "Boston Bruins": 1514.793229751742,
  "New York Rangers": 1455.8082932646928,
  "Edmonton Oilers": 1534.983013364672,
  "Winnipeg Jets": 1543.0014666986542,
  "Dallas Stars": 1535.9984288401865,
  "Anaheim Ducks": 1540.7719138241982,
  "San Jose Sharks": 1445.9046327694757,
  "Vegas Golden Knights": 1433.2928326602423,
  "Calgary Flames": 1430.554008808196,
  "Vancouver Canucks": 1224.066544980025,
  "Florida Panthers": 1380.2534456036817,
  "Nashville Predators": 1483.805194704701,
  "Montr\u00e9al Canadiens": 1656.2376119768824,
  "New Jersey Devils": 1526.9142443546752,
  "Philadelphia Flyers": 1614.5568893876352,
  "Seattle Kraken": 1399.631705817318,
  "New York Islanders": 1552.895509127281,
  "Detroit Red Wings": 1428.9448243228703,
  "Carolina Hurricanes": 1625.8737826774732,
  "Tampa Bay Lightning": 1591.513961013876,
  "Chicago Blackhawks": 1329.7138079444967,
  "Team Kloss Team Kloss": 1483.4940194023939,
  "Team King Team King": 1516.5059805976061,
  "Team McDavid Team McDavid": 1500.0,
  "Team MacKinnon Team MacKinnon": 1486.5059805976061,
  "Team Matthews Team Matthews": 1526.9880388047877,
  "Team Hughes Team Hughes": 1486.5059805976061,
  "Utah Utah Hockey Club": 1508.3243492227573,
  "M\u00fcnchen EHC Red Bull M\u00fcnchen": 1486.5996867231736,
  "Sweden": 1486.2306923690662,
  "Canada": 1532.8949103374614,
  "Finland": 1483.4940194023939,
  "USA": 1497.3803778910785,
  "Utah Mammoth": 1491.0825700952896
}