{
  "Arizona Coyotes": 1480.2570043644942,
  "Los Angeles Kings": 1413.2717144051107,
  "St. Louis Blues": 1507.3615894311909,
  "Pittsburgh Penguins": 1489.4687295156891,
  "Columbus Blue Jackets": 1557.9091207072397,
  "Washington Capitals": 1558.4545122106158,
  "Buffalo Sabres": 1763.865229964689,
  "Ottawa Senators": 1551.283281346877,
  "Toronto Maple Leafs": 1372.6302701358845,
  "Colorado Avalanche": 1577.4117122712194,
  "Minnesota Wild": 1552.3289498609201,
  "Boston Bruins": 1523.2486073188634,
  "New York Rangers": 1398.115471010118,
  "Edmonton Oilers": 1502.3538591817573,
  "Winnipeg Jets": 1395.7521824093967,
  "Dallas Stars": 1709.447731125883,
  "Anaheim Ducks": 1528.6008829433554,
  "San Jose Sharks": 1450.4340256806447,
  "Vegas Golden Knights": 1382.4959982413702,
  "Calgary Flames": 1314.0185614270554,
  "Vancouver Canucks": 1248.1782462467,
  "Florida Panthers": 1454.6974619013693,
  "Nashville Predators": 1477.704043963685,
  "Montr\u00e9al Canadiens": 1627.572088945141,
  "New Jersey Devils": 1451.589544701709,
  "Philadelphia Flyers": 1572.9967686745372,
  "Seattle Kraken": 1445.0033331857433,
  "New York Islanders": 1657.574751621534,
  "Detroit Red Wings": 1476.7255661304268,
  "Carolina Hurricanes": 1638.577590917798,
  "Tampa Bay Lightning": 1649.4190053734585,
  "Chicago Blackhawks": 1349.955470329925,
  "Team Kloss Team Kloss": 1483.4940194023939,
  "Team King Team King": 1516.5059805976061,
  "Team McDavid Team McDavid": 1500.0,
  "Team MacKinnon Team MacKinnon": 1486.5059805976061,
  "Team Matthews Team Matthews": 1526.9880388047877,
  "Team Hughes Team Hughes": 1486.5059805976061,
  "Utah Utah Hockey Club": 1508.3243492227573,
  "M\u00fcnchen EHC Red Bull M\u00fcnchen": 1486.5996867231736,
  "Sweden": 1486.2306923690662,
  "Canada": 1532.8949103374614,
  "Finland": 1483.4940194023939,
  "USA": 1497.3803778910785,
  "Utah Mammoth": 1426.372658509669
}