{
  "Arizona Coyotes": 1480.2570043644942,
  "Los Angeles Kings": 1470.032772688262,
  "St. Louis Blues": 1432.8337843066304,
  "Pittsburgh Penguins": 1405.4961363996533,
  "Columbus Blue Jackets": 1468.340239865412,
  "Washington Capitals": 1543.8468217131326,
  "Buffalo Sabres": 1566.879232460887,
  "Ottawa Senators": 1490.8450576505882,
  "Toronto Maple Leafs": 1474.5373426619735,
  "Colorado Avalanche": 1669.7936778565384,
  "Minnesota Wild": 1562.0154676171194,
  "Boston Bruins": 1478.9856564865788,
  "New York Rangers": 1498.2225771637995,
  "Edmonton Oilers": 1510.0538489411558,
  "Winnipeg Jets": 1421.2185910780377,
  "Dallas Stars": 1579.947733034705,
  "Anaheim Ducks": 1484.4798881653103,
  "San Jose Sharks": 1466.9690867936117,
  "Vegas Golden Knights": 1495.4910666549433,
  "Calgary Flames": 1487.3568655038093,
  "Vancouver Canucks": 1482.439534562265,
  "Florida Panthers": 1553.894687457841,
  "Nashville Predators": 1438.1195206878708,
  "Montr\u00e9al Canadiens": 1526.7099983885964,
  "New Jersey Devils": 1478.757561882269,
  "Philadelphia Flyers": 1489.3204815990932,
  "Seattle Kraken": 1448.249376388696,
  "New York Islanders": 1556.958181736342,
  "Detroit Red Wings": 1560.9884005354484,
  "Carolina Hurricanes": 1563.631593576498,
  "Tampa Bay Lightning": 1580.4893562509662,
  "Chicago Blackhawks": 1375.2953954806878,
  "Team Kloss Team Kloss": 1483.4940194023939,
  "Team King Team King": 1516.5059805976061,
  "Team McDavid Team McDavid": 1500.0,
  "Team MacKinnon Team MacKinnon": 1486.5059805976061,
  "Team Matthews Team Matthews": 1526.9880388047877,
  "Team Hughes Team Hughes": 1486.5059805976061,
  "Utah Utah Hockey Club": 1508.3243492227573,
  "M\u00fcnchen EHC Red Bull M\u00fcnchen": 1486.5996867231736,
  "Sweden": 1486.2306923690662,
  "Canada": 1532.8949103374614,
  "Finland": 1483.4940194023939,
  "USA": 1497.3803778910785,
  "Utah Mammoth": 1462.619024100854
}