{
  "Arizona Coyotes": 1480.2570043644942,
  "Los Angeles Kings": 1525.538880396221,
  "St. Louis Blues": 1398.7382146303419,
  "Pittsburgh Penguins": 1510.8200709348246,
  "Columbus Blue Jackets": 1513.3673852378884,
  "Washington Capitals": 1606.8435761511096,
  "Buffalo Sabres": 1511.2428092279256,
  "Ottawa Senators": 1541.8553662002344,
  "Toronto Maple Leafs": 1473.961086024464,
  "Colorado Avalanche": 1644.2362359903937,
  "Minnesota Wild": 1501.3761477175628,
  "Boston Bruins": 1496.6107944507391,
  "New York Rangers": 1511.5626596129036,
  "Edmonton Oilers": 1464.4779239884401,
  "Winnipeg Jets": 1487.4876303698122,
  "Dallas Stars": 1584.9598744976984,
  "Anaheim Ducks": 1531.0645730699125,
  "San Jose Sharks": 1451.0403451307375,
  "Vegas Golden Knights": 1472.489002931707,
  "Calgary Flames": 1416.8564031295966,
  "Vancouver Canucks": 1475.2154262115303,
  "Florida Panthers": 1496.8176912143822,
  "Nashville Predators": 1361.229930647863,
  "Montr\u00e9al Canadiens": 1499.0066330615375,
  "New Jersey Devils": 1510.6600009961635,
  "Philadelphia Flyers": 1494.7173026460239,
  "Seattle Kraken": 1456.1156859224059,
  "New York Islanders": 1520.304728881411,
  "Detroit Red Wings": 1526.7172279054746,
  "Carolina Hurricanes": 1566.402802627614,
  "Tampa Bay Lightning": 1625.1818385944784,
  "Chicago Blackhawks": 1392.2072931713112,
  "Team Kloss Team Kloss": 1483.4940194023939,
  "Team King Team King": 1516.5059805976061,
  "Team McDavid Team McDavid": 1500.0,
  "Team MacKinnon Team MacKinnon": 1486.5059805976061,
  "Team Matthews Team Matthews": 1526.9880388047877,
  "Team Hughes Team Hughes": 1486.5059805976061,
  "Utah Utah Hockey Club": 1508.3243492227573,
  "M\u00fcnchen EHC Red Bull M\u00fcnchen": 1486.5996867231736,
  "Sweden": 1486.2306923690662,
  "Canada": 1532.8949103374614,
  "Finland": 1483.4940194023939,
  "USA": 1497.3803778910785,
  "Utah Mammoth": 1455.7134181168678
}