{
  "Arizona Coyotes": 1480.2570043644942,
  "Los Angeles Kings": 1441.399272993017,
  "St. Louis Blues": 1439.8842245740636,
  "Pittsburgh Penguins": 1496.0078119953703,
  "Columbus Blue Jackets": 1575.804284144785,
  "Washington Capitals": 1566.1986751062723,
  "Buffalo Sabres": 1747.1716593389972,
  "Ottawa Senators": 1582.4509331400607,
  "Toronto Maple Leafs": 1471.5262346588047,
  "Colorado Avalanche": 1536.2145529866286,
  "Minnesota Wild": 1437.6373870753291,
  "Boston Bruins": 1493.4616429171517,
  "New York Rangers": 1404.186312292356,
  "Edmonton Oilers": 1546.338981738225,
  "Winnipeg Jets": 1463.5275487521012,
  "Dallas Stars": 1704.0197720247545,
  "Anaheim Ducks": 1570.6698743594395,
  "San Jose Sharks": 1435.4685536275804,
  "Vegas Golden Knights": 1408.0997736155373,
  "Calgary Flames": 1342.981859651366,
  "Vancouver Canucks": 1280.8599549618887,
  "Florida Panthers": 1390.598444859349,
  "Nashville Predators": 1422.6066080615246,
  "Montr\u00e9al Canadiens": 1539.3601808482908,
  "New Jersey Devils": 1475.182283522185,
  "Philadelphia Flyers": 1598.6368015275941,
  "Seattle Kraken": 1495.1346473437561,
  "New York Islanders": 1646.4729049253683,
  "Detroit Red Wings": 1473.0559144798867,
  "Carolina Hurricanes": 1627.2655694677205,
  "Tampa Bay Lightning": 1649.1302639603575,
  "Chicago Blackhawks": 1343.7805267019965,
  "Team Kloss Team Kloss": 1483.4940194023939,
  "Team King Team King": 1516.5059805976061,
  "Team McDavid Team McDavid": 1500.0,
  "Team MacKinnon Team MacKinnon": 1486.5059805976061,
  "Team Matthews Team Matthews": 1526.9880388047877,
  "Team Hughes Team Hughes": 1486.5059805976061,
  "Utah Utah Hockey Club": 1508.3243492227573,
  "M\u00fcnchen EHC Red Bull M\u00fcnchen": 1486.5996867231736,
  "Sweden": 1486.2306923690662,
  "Canada": 1532.8949103374614,
  "Finland": 1483.4940194023939,
  "USA": 1497.3803778910785,
  "Utah Mammoth": 1419.6855040378186
}