{
  "Arizona Coyotes": 1480.2570043644942,
  "Los Angeles Kings": 1441.399272993017,
  "St. Louis Blues": 1459.0994090022577,
  "Pittsburgh Penguins": 1504.9661483104796,
  "Columbus Blue Jackets": 1559.0410943289255,
  "Washington Capitals": 1550.6672080875042,
  "Buffalo Sabres": 1742.5254929996026,
  "Ottawa Senators": 1597.9824001588288,
  "Toronto Maple Leafs": 1481.5455869701957,
  "Colorado Avalanche": 1546.5334093152426,
  "Minnesota Wild": 1423.9968854789038,
  "Boston Bruins": 1506.0787767699424,
  "New York Rangers": 1418.903017452925,
  "Edmonton Oilers": 1536.564462929887,
  "Winnipeg Jets": 1483.3399344604743,
  "Dallas Stars": 1693.7009156961406,
  "Anaheim Ducks": 1587.411192000113,
  "San Jose Sharks": 1445.2430724359183,
  "Vegas Golden Knights": 1412.7459399549318,
  "Calgary Flames": 1323.766675223172,
  "Vancouver Canucks": 1261.0972738683793,
  "Florida Panthers": 1410.3611259528584,
  "Nashville Predators": 1402.7942223531516,
  "Montr\u00e9al Canadiens": 1526.7430469955002,
  "New Jersey Devils": 1460.4655783616158,
  "Philadelphia Flyers": 1581.8954838869206,
  "Seattle Kraken": 1506.0453794359503,
  "New York Islanders": 1636.4535526139773,
  "Detroit Red Wings": 1473.0559144798867,
  "Carolina Hurricanes": 1635.0704229684707,
  "Tampa Bay Lightning": 1638.2195318681634,
  "Chicago Blackhawks": 1357.4210282984218,
  "Team Kloss Team Kloss": 1483.4940194023939,
  "Team King Team King": 1516.5059805976061,
  "Team McDavid Team McDavid": 1500.0,
  "Team MacKinnon Team MacKinnon": 1486.5059805976061,
  "Team Matthews Team Matthews": 1526.9880388047877,
  "Team Hughes Team Hughes": 1486.5059805976061,
  "Utah Utah Hockey Club": 1508.3243492227573,
  "M\u00fcnchen EHC Red Bull M\u00fcnchen": 1486.5996867231736,
  "Sweden": 1486.2306923690662,
  "Canada": 1532.8949103374614,
  "Finland": 1483.4940194023939,
  "USA": 1497.3803778910785,
  "Utah Mammoth": 1419.6855040378186
}