{
  "Arizona Coyotes": 1480.2570043644942,
  "Los Angeles Kings": 1518.440191784087,
  "St. Louis Blues": 1397.578584977285,
  "Pittsburgh Penguins": 1585.4901260899733,
  "Columbus Blue Jackets": 1605.8567778294139,
  "Washington Capitals": 1602.1425266759763,
  "Buffalo Sabres": 1528.1537901241288,
  "Ottawa Senators": 1533.7362585152316,
  "Toronto Maple Leafs": 1466.9998323751593,
  "Colorado Avalanche": 1537.727459854254,
  "Minnesota Wild": 1315.118640600461,
  "Boston Bruins": 1445.752335057316,
  "New York Rangers": 1444.281308536362,
  "Edmonton Oilers": 1489.6605538825672,
  "Winnipeg Jets": 1582.2879525422004,
  "Dallas Stars": 1518.747245488438,
  "Anaheim Ducks": 1491.5677182263905,
  "San Jose Sharks": 1347.4634725297892,
  "Vegas Golden Knights": 1555.1904438325887,
  "Calgary Flames": 1367.3345047032024,
  "Vancouver Canucks": 1593.927247684896,
  "Florida Panthers": 1519.3941036089157,
  "Nashville Predators": 1343.087875267948,
  "Montr\u00e9al Canadiens": 1590.8063329017693,
  "New Jersey Devils": 1504.783653815211,
  "Philadelphia Flyers": 1455.530519312357,
  "Seattle Kraken": 1458.632519477193,
  "New York Islanders": 1446.5521228334494,
  "Detroit Red Wings": 1635.3278262929523,
  "Carolina Hurricanes": 1582.7879785870018,
  "Tampa Bay Lightning": 1563.500891455192,
  "Chicago Blackhawks": 1398.6739192278717,
  "Team Kloss Team Kloss": 1483.4940194023939,
  "Team King Team King": 1516.5059805976061,
  "Team McDavid Team McDavid": 1500.0,
  "Team MacKinnon Team MacKinnon": 1486.5059805976061,
  "Team Matthews Team Matthews": 1526.9880388047877,
  "Team Hughes Team Hughes": 1486.5059805976061,
  "Utah Utah Hockey Club": 1508.3243492227573,
  "M\u00fcnchen EHC Red Bull M\u00fcnchen": 1486.5996867231736,
  "Sweden": 1486.2306923690662,
  "Canada": 1532.8949103374614,
  "Finland": 1483.4940194023939,
  "USA": 1497.3803778910785,
  "Utah Mammoth": 1598.2842455999946
}