{
  "Arizona Coyotes": 1480.2570043644942,
  "Los Angeles Kings": 1541.8768075497703,
  "St. Louis Blues": 1371.8854484668418,
  "Pittsburgh Penguins": 1496.0308013355102,
  "Columbus Blue Jackets": 1512.677919049104,
  "Washington Capitals": 1570.3970217669528,
  "Buffalo Sabres": 1495.0400612111969,
  "Ottawa Senators": 1558.160008136618,
  "Toronto Maple Leafs": 1443.688768204675,
  "Colorado Avalanche": 1647.7210368792446,
  "Minnesota Wild": 1482.1191652153043,
  "Boston Bruins": 1512.633856238132,
  "New York Rangers": 1486.8104246378857,
  "Edmonton Oilers": 1463.9082073342402,
  "Winnipeg Jets": 1502.018921287452,
  "Dallas Stars": 1581.86343236433,
  "Anaheim Ducks": 1524.9974303679871,
  "San Jose Sharks": 1432.7343801857,
  "Vegas Golden Knights": 1462.3010472019726,
  "Calgary Flames": 1422.0512411894435,
  "Vancouver Canucks": 1511.7811595696426,
  "Florida Panthers": 1536.9555335720859,
  "Nashville Predators": 1335.3386425813542,
  "Montr\u00e9al Canadiens": 1509.9356303519273,
  "New Jersey Devils": 1532.430039195705,
  "Philadelphia Flyers": 1474.2750694265937,
  "Seattle Kraken": 1473.0095327605281,
  "New York Islanders": 1533.4506753253202,
  "Detroit Red Wings": 1541.394860956174,
  "Carolina Hurricanes": 1545.8254022862725,
  "Tampa Bay Lightning": 1620.6118911948627,
  "Chicago Blackhawks": 1402.5487189011785,
  "Team Kloss Team Kloss": 1483.4940194023939,
  "Team King Team King": 1516.5059805976061,
  "Team McDavid Team McDavid": 1500.0,
  "Team MacKinnon Team MacKinnon": 1486.5059805976061,
  "Team Matthews Team Matthews": 1526.9880388047877,
  "Team Hughes Team Hughes": 1486.5059805976061,
  "Utah Utah Hockey Club": 1508.3243492227573,
  "M\u00fcnchen EHC Red Bull M\u00fcnchen": 1486.5996867231736,
  "Sweden": 1486.2306923690662,
  "Canada": 1532.8949103374614,
  "Finland": 1483.4940194023939,
  "USA": 1497.3803778910785,
  "Utah Mammoth": 1498.3458249455707
}