{
  "Arizona Coyotes": 1480.2570043644942,
  "Los Angeles Kings": 1400.121056329592,
  "St. Louis Blues": 1374.2312805338472,
  "Pittsburgh Penguins": 1461.6183492263958,
  "Columbus Blue Jackets": 1592.813878897459,
  "Washington Capitals": 1615.2889742510945,
  "Buffalo Sabres": 1678.229181546435,
  "Ottawa Senators": 1527.1497120687304,
  "Toronto Maple Leafs": 1424.661495074114,
  "Colorado Avalanche": 1489.9686037487775,
  "Minnesota Wild": 1625.01388629205,
  "Boston Bruins": 1566.8194661902533,
  "New York Rangers": 1344.5539636628866,
  "Edmonton Oilers": 1457.1723037786292,
  "Winnipeg Jets": 1423.8200749280938,
  "Dallas Stars": 1703.7567492058204,
  "Anaheim Ducks": 1542.4961768483595,
  "San Jose Sharks": 1391.7825857199564,
  "Vegas Golden Knights": 1469.0404167248732,
  "Calgary Flames": 1345.3963562598651,
  "Vancouver Canucks": 1257.8513862029254,
  "Florida Panthers": 1451.1786505592852,
  "Nashville Predators": 1505.6331749252756,
  "Montr\u00e9al Canadiens": 1627.5079910011784,
  "New Jersey Devils": 1449.1768554773294,
  "Philadelphia Flyers": 1550.317136337264,
  "Seattle Kraken": 1462.015194469323,
  "New York Islanders": 1606.5171661057386,
  "Detroit Red Wings": 1471.370825303524,
  "Carolina Hurricanes": 1652.960774004459,
  "Tampa Bay Lightning": 1760.0510049029488,
  "Chicago Blackhawks": 1324.2219794394507,
  "Team Kloss Team Kloss": 1483.4940194023939,
  "Team King Team King": 1516.5059805976061,
  "Team McDavid Team McDavid": 1500.0,
  "Team MacKinnon Team MacKinnon": 1486.5059805976061,
  "Team Matthews Team Matthews": 1526.9880388047877,
  "Team Hughes Team Hughes": 1486.5059805976061,
  "Utah Utah Hockey Club": 1508.3243492227573,
  "M\u00fcnchen EHC Red Bull M\u00fcnchen": 1486.5996867231736,
  "Sweden": 1486.2306923690662,
  "Canada": 1532.8949103374614,
  "Finland": 1483.4940194023939,
  "USA": 1497.3803778910785,
  "Utah Mammoth": 1472.082309673641
}