{
  "Arizona Coyotes": 1480.2570043644942,
  "Los Angeles Kings": 1491.127407676867,
  "St. Louis Blues": 1403.1615679098693,
  "Pittsburgh Penguins": 1428.3041443985237,
  "Columbus Blue Jackets": 1461.5999464800163,
  "Washington Capitals": 1565.1947709113626,
  "Buffalo Sabres": 1526.0251910885597,
  "Ottawa Senators": 1514.2341568942456,
  "Toronto Maple Leafs": 1462.2361029997085,
  "Colorado Avalanche": 1647.19304664234,
  "Minnesota Wild": 1560.5237671762477,
  "Boston Bruins": 1523.5741262599558,
  "New York Rangers": 1478.0242505593153,
  "Edmonton Oilers": 1525.6840379112432,
  "Winnipeg Jets": 1438.6341658275505,
  "Dallas Stars": 1608.5543127881094,
  "Anaheim Ducks": 1522.2279675099592,
  "San Jose Sharks": 1480.597730199712,
  "Vegas Golden Knights": 1508.6613572319586,
  "Calgary Flames": 1468.529892189674,
  "Vancouver Canucks": 1479.4131614496146,
  "Florida Panthers": 1561.7471650435577,
  "Nashville Predators": 1415.6073277018813,
  "Montr\u00e9al Canadiens": 1499.8508225403964,
  "New Jersey Devils": 1489.8038418374142,
  "Philadelphia Flyers": 1475.270213174514,
  "Seattle Kraken": 1388.6996551280454,
  "New York Islanders": 1567.0277350742742,
  "Detroit Red Wings": 1541.9787531727202,
  "Carolina Hurricanes": 1596.275551689027,
  "Tampa Bay Lightning": 1540.0127274960134,
  "Chicago Blackhawks": 1369.4703895270322,
  "Team Kloss Team Kloss": 1483.4940194023939,
  "Team King Team King": 1516.5059805976061,
  "Team McDavid Team McDavid": 1500.0,
  "Team MacKinnon Team MacKinnon": 1486.5059805976061,
  "Team Matthews Team Matthews": 1526.9880388047877,
  "Team Hughes Team Hughes": 1486.5059805976061,
  "Utah Utah Hockey Club": 1508.3243492227573,
  "M\u00fcnchen EHC Red Bull M\u00fcnchen": 1486.5996867231736,
  "Sweden": 1486.2306923690662,
  "Canada": 1532.8949103374614,
  "Finland": 1483.4940194023939,
  "USA": 1497.3803778910785,
  "Utah Mammoth": 1485.5736731998668
}