{
  "Arizona Coyotes": 1480.2570043644942,
  "Los Angeles Kings": 1421.6509417926445,
  "St. Louis Blues": 1374.4988834504804,
  "Pittsburgh Penguins": 1441.5415277785055,
  "Columbus Blue Jackets": 1562.350479967802,
  "Washington Capitals": 1590.4281015941283,
  "Buffalo Sabres": 1716.3659531196586,
  "Ottawa Senators": 1550.4012134553566,
  "Toronto Maple Leafs": 1401.409993687488,
  "Colorado Avalanche": 1503.8946466479933,
  "Minnesota Wild": 1599.3002748874069,
  "Boston Bruins": 1539.6300300764462,
  "New York Rangers": 1379.9690864364684,
  "Edmonton Oilers": 1425.9597848904991,
  "Winnipeg Jets": 1410.2907893671413,
  "Dallas Stars": 1715.8427024146167,
  "Anaheim Ducks": 1548.1501509467378,
  "San Jose Sharks": 1436.524390169039,
  "Vegas Golden Knights": 1453.7021153991818,
  "Calgary Flames": 1318.2124966984343,
  "Vancouver Canucks": 1246.0884394368163,
  "Florida Panthers": 1444.6062620563455,
  "Nashville Predators": 1493.5472217164793,
  "Montr\u00e9al Canadiens": 1652.3688636581446,
  "New Jersey Devils": 1474.6228639653393,
  "Philadelphia Flyers": 1577.506572451071,
  "Seattle Kraken": 1473.778141235432,
  "New York Islanders": 1643.5529535383355,
  "Detroit Red Wings": 1458.3680507256654,
  "Carolina Hurricanes": 1665.9635485823173,
  "Tampa Bay Lightning": 1721.9142333297252,
  "Chicago Blackhawks": 1332.9865579489765,
  "Team Kloss Team Kloss": 1483.4940194023939,
  "Team King Team King": 1516.5059805976061,
  "Team McDavid Team McDavid": 1500.0,
  "Team MacKinnon Team MacKinnon": 1486.5059805976061,
  "Team Matthews Team Matthews": 1526.9880388047877,
  "Team Hughes Team Hughes": 1486.5059805976061,
  "Utah Utah Hockey Club": 1508.3243492227573,
  "M\u00fcnchen EHC Red Bull M\u00fcnchen": 1486.5996867231736,
  "Sweden": 1486.2306923690662,
  "Canada": 1532.8949103374614,
  "Finland": 1483.4940194023939,
  "USA": 1497.3803778910785,
  "Utah Mammoth": 1449.3916882648994
}