{
  "Arizona Coyotes": 1480.2570043644942,
  "Los Angeles Kings": 1408.6156562217884,
  "St. Louis Blues": 1458.596401145159,
  "Pittsburgh Penguins": 1506.862136173262,
  "Columbus Blue Jackets": 1586.9994963193972,
  "Washington Capitals": 1558.1940826796538,
  "Buffalo Sabres": 1740.7953629491028,
  "Ottawa Senators": 1614.401589001607,
  "Toronto Maple Leafs": 1445.838209950141,
  "Colorado Avalanche": 1563.3749128436732,
  "Minnesota Wild": 1464.501057290075,
  "Boston Bruins": 1535.9408243612593,
  "New York Rangers": 1382.0477396532178,
  "Edmonton Oilers": 1502.6472388490201,
  "Winnipeg Jets": 1444.1373189836738,
  "Dallas Stars": 1630.9011816671336,
  "Anaheim Ducks": 1602.3986031581842,
  "San Jose Sharks": 1412.7612884876517,
  "Vegas Golden Knights": 1395.9118483892878,
  "Calgary Flames": 1384.4947317801436,
  "Vancouver Canucks": 1258.306770230062,
  "Florida Panthers": 1396.5841347393841,
  "Nashville Predators": 1473.2844279085882,
  "Montr\u00e9al Canadiens": 1557.6371872776294,
  "New Jersey Devils": 1465.3961913474689,
  "Philadelphia Flyers": 1626.2045539380154,
  "Seattle Kraken": 1460.613630157676,
  "New York Islanders": 1609.3108669067942,
  "Detroit Red Wings": 1459.1533626680282,
  "Carolina Hurricanes": 1648.6976796246352,
  "Tampa Bay Lightning": 1649.1644530014808,
  "Chicago Blackhawks": 1342.7804731485305,
  "Team Kloss Team Kloss": 1483.4940194023939,
  "Team King Team King": 1516.5059805976061,
  "Team McDavid Team McDavid": 1500.0,
  "Team MacKinnon Team MacKinnon": 1486.5059805976061,
  "Team Matthews Team Matthews": 1526.9880388047877,
  "Team Hughes Team Hughes": 1486.5059805976061,
  "Utah Utah Hockey Club": 1508.3243492227573,
  "M\u00fcnchen EHC Red Bull M\u00fcnchen": 1486.5996867231736,
  "Sweden": 1486.2306923690662,
  "Canada": 1532.8949103374614,
  "Finland": 1483.4940194023939,
  "USA": 1497.3803778910785,
  "Utah Mammoth": 1438.265548837852
}