{
  "Arizona Coyotes": 1480.2570043644942,
  "Los Angeles Kings": 1421.9853970780764,
  "St. Louis Blues": 1458.596401145159,
  "Pittsburgh Penguins": 1518.306804386686,
  "Columbus Blue Jackets": 1600.7124062084827,
  "Washington Capitals": 1575.9847672809883,
  "Buffalo Sabres": 1761.7250479834452,
  "Ottawa Senators": 1614.401589001607,
  "Toronto Maple Leafs": 1445.838209950141,
  "Colorado Avalanche": 1545.5842282423387,
  "Minnesota Wild": 1464.501057290075,
  "Boston Bruins": 1535.9408243612593,
  "New York Rangers": 1397.1852635264072,
  "Edmonton Oilers": 1502.6472388490201,
  "Winnipeg Jets": 1428.9997951104845,
  "Dallas Stars": 1656.8346856864985,
  "Anaheim Ducks": 1581.4689181238418,
  "San Jose Sharks": 1412.7612884876517,
  "Vegas Golden Knights": 1369.978344369923,
  "Calgary Flames": 1359.4926733100863,
  "Vancouver Canucks": 1258.306770230062,
  "Florida Panthers": 1396.5841347393841,
  "Nashville Predators": 1461.3326334873223,
  "Montr\u00e9al Canadiens": 1557.6371872776294,
  "New Jersey Devils": 1465.3961913474689,
  "Philadelphia Flyers": 1626.2045539380154,
  "Seattle Kraken": 1460.613630157676,
  "New York Islanders": 1595.5979570177087,
  "Detroit Red Wings": 1459.1533626680282,
  "Carolina Hurricanes": 1637.253011411211,
  "Tampa Bay Lightning": 1674.1665114715381,
  "Chicago Blackhawks": 1354.7322675697965,
  "Team Kloss Team Kloss": 1483.4940194023939,
  "Team King Team King": 1516.5059805976061,
  "Team McDavid Team McDavid": 1500.0,
  "Team MacKinnon Team MacKinnon": 1486.5059805976061,
  "Team Matthews Team Matthews": 1526.9880388047877,
  "Team Hughes Team Hughes": 1486.5059805976061,
  "Utah Utah Hockey Club": 1508.3243492227573,
  "M\u00fcnchen EHC Red Bull M\u00fcnchen": 1486.5996867231736,
  "Sweden": 1486.2306923690662,
  "Canada": 1532.8949103374614,
  "Finland": 1483.4940194023939,
  "USA": 1497.3803778910785,
  "Utah Mammoth": 1424.895807981564
}