{
  "Arizona Coyotes": 1480.2570043644942,
  "Los Angeles Kings": 1460.9200675300929,
  "St. Louis Blues": 1337.1750720288856,
  "Pittsburgh Penguins": 1492.8935792058965,
  "Columbus Blue Jackets": 1563.1421353004669,
  "Washington Capitals": 1562.1923690040453,
  "Buffalo Sabres": 1651.2112459803327,
  "Ottawa Senators": 1510.355677099845,
  "Toronto Maple Leafs": 1368.5350889014117,
  "Colorado Avalanche": 1490.1176619617534,
  "Minnesota Wild": 1555.8265191132787,
  "Boston Bruins": 1588.388119407212,
  "New York Rangers": 1378.3563826099903,
  "Edmonton Oilers": 1575.5539261731744,
  "Winnipeg Jets": 1444.5978281624668,
  "Dallas Stars": 1601.9749768567465,
  "Anaheim Ducks": 1510.0447411752098,
  "San Jose Sharks": 1537.7899950442988,
  "Vegas Golden Knights": 1600.8881822801093,
  "Calgary Flames": 1299.6153961095517,
  "Vancouver Canucks": 1255.555532479268,
  "Florida Panthers": 1543.132667714773,
  "Nashville Predators": 1526.4379581505723,
  "Montr\u00e9al Canadiens": 1568.1590509321534,
  "New Jersey Devils": 1460.3109866987168,
  "Philadelphia Flyers": 1560.2825540513395,
  "Seattle Kraken": 1405.0098656402886,
  "New York Islanders": 1565.7428078465114,
  "Detroit Red Wings": 1547.949974913893,
  "Carolina Hurricanes": 1554.4816829314595,
  "Tampa Bay Lightning": 1735.4570036034543,
  "Chicago Blackhawks": 1337.7190086187393,
  "Team Kloss Team Kloss": 1483.4940194023939,
  "Team King Team King": 1516.5059805976061,
  "Team McDavid Team McDavid": 1500.0,
  "Team MacKinnon Team MacKinnon": 1486.5059805976061,
  "Team Matthews Team Matthews": 1526.9880388047877,
  "Team Hughes Team Hughes": 1486.5059805976061,
  "Utah Utah Hockey Club": 1508.3243492227573,
  "M\u00fcnchen EHC Red Bull M\u00fcnchen": 1486.5996867231736,
  "Sweden": 1486.2306923690662,
  "Canada": 1532.8949103374614,
  "Finland": 1483.4940194023939,
  "USA": 1497.3803778910785,
  "Utah Mammoth": 1435.000902163639
}