{
  "Arizona Coyotes": 1480.2570043644942,
  "Los Angeles Kings": 1502.3996064676335,
  "St. Louis Blues": 1423.7089051647781,
  "Pittsburgh Penguins": 1568.773876479961,
  "Columbus Blue Jackets": 1569.990772159084,
  "Washington Capitals": 1557.271860029424,
  "Buffalo Sabres": 1507.4093490926186,
  "Ottawa Senators": 1507.401309117288,
  "Toronto Maple Leafs": 1517.8823849682021,
  "Colorado Avalanche": 1548.6624311046965,
  "Minnesota Wild": 1368.9943204304159,
  "Boston Bruins": 1497.7573204499959,
  "New York Rangers": 1471.7722877017234,
  "Edmonton Oilers": 1468.8700159009695,
  "Winnipeg Jets": 1556.8905546295805,
  "Dallas Stars": 1502.1625600134032,
  "Anaheim Ducks": 1554.4964449963536,
  "San Jose Sharks": 1404.1693431426588,
  "Vegas Golden Knights": 1539.0311817922475,
  "Calgary Flames": 1378.9025491839686,
  "Vancouver Canucks": 1553.951855106151,
  "Florida Panthers": 1535.5331421054975,
  "Nashville Predators": 1323.7984362469801,
  "Montr\u00e9al Canadiens": 1562.0586936467043,
  "New Jersey Devils": 1524.4506902513258,
  "Philadelphia Flyers": 1454.7269818727905,
  "Seattle Kraken": 1432.6239473335943,
  "New York Islanders": 1449.645909630971,
  "Detroit Red Wings": 1582.9898810954423,
  "Carolina Hurricanes": 1581.1958731802638,
  "Tampa Bay Lightning": 1581.9381757787792,
  "Chicago Blackhawks": 1417.671358314653,
  "Team Kloss Team Kloss": 1483.4940194023939,
  "Team King Team King": 1516.5059805976061,
  "Team McDavid Team McDavid": 1500.0,
  "Team MacKinnon Team MacKinnon": 1486.5059805976061,
  "Team Matthews Team Matthews": 1526.9880388047877,
  "Team Hughes Team Hughes": 1486.5059805976061,
  "Utah Utah Hockey Club": 1508.3243492227573,
  "M\u00fcnchen EHC Red Bull M\u00fcnchen": 1486.5996867231736,
  "Sweden": 1486.2306923690662,
  "Canada": 1532.8949103374614,
  "Finland": 1483.4940194023939,
  "USA": 1497.3803778910785,
  "Utah Mammoth": 1577.686942301421
}