{
  "Arizona Coyotes": 1480.2570043644942,
  "Los Angeles Kings": 1573.6404875111486,
  "St. Louis Blues": 1546.7118549224272,
  "Pittsburgh Penguins": 1519.8262566390015,
  "Columbus Blue Jackets": 1489.8243212314599,
  "Washington Capitals": 1563.3020877106485,
  "Buffalo Sabres": 1505.5183182117707,
  "Ottawa Senators": 1549.0320988850654,
  "Toronto Maple Leafs": 1565.7651072556978,
  "Colorado Avalanche": 1576.659445076211,
  "Minnesota Wild": 1484.4513785461884,
  "Boston Bruins": 1422.1686639994407,
  "New York Rangers": 1416.4285723957435,
  "Edmonton Oilers": 1612.5347784860169,
  "Winnipeg Jets": 1558.2697351478246,
  "Dallas Stars": 1617.9796032789693,
  "Anaheim Ducks": 1480.8721507883467,
  "San Jose Sharks": 1273.5440373855413,
  "Vegas Golden Knights": 1527.912456307054,
  "Calgary Flames": 1490.2214350424044,
  "Vancouver Canucks": 1526.5018959101744,
  "Florida Panthers": 1632.42380381327,
  "Nashville Predators": 1439.526465781699,
  "Montr\u00e9al Canadiens": 1521.8094458731164,
  "New Jersey Devils": 1423.0235934790896,
  "Philadelphia Flyers": 1405.5638614479403,
  "Seattle Kraken": 1472.4371232353794,
  "New York Islanders": 1403.5067117028373,
  "Detroit Red Wings": 1540.2137082487448,
  "Carolina Hurricanes": 1497.95063277313,
  "Tampa Bay Lightning": 1563.9521516139318,
  "Chicago Blackhawks": 1358.5356313007228,
  "Team Kloss Team Kloss": 1483.4940194023939,
  "Team King Team King": 1516.5059805976061,
  "Team McDavid Team McDavid": 1500.0,
  "Team MacKinnon Team MacKinnon": 1486.5059805976061,
  "Team Matthews Team Matthews": 1526.9880388047877,
  "Team Hughes Team Hughes": 1486.5059805976061,
  "Utah Utah Hockey Club": 1508.3243492227573,
  "M\u00fcnchen EHC Red Bull M\u00fcnchen": 1486.5996867231736,
  "Sweden": 1486.2306923690662,
  "Canada": 1532.8949103374614,
  "Finland": 1483.4940194023939,
  "USA": 1497.3803778910785,
  "Utah Mammoth": 1464.71114568858
}