{
  "Arizona Coyotes": 1480.2570043644942,
  "Los Angeles Kings": 1531.011899713786,
  "St. Louis Blues": 1406.7295852493517,
  "Pittsburgh Penguins": 1578.962360534152,
  "Columbus Blue Jackets": 1605.8567778294139,
  "Washington Capitals": 1602.1425266759763,
  "Buffalo Sabres": 1546.7342161915442,
  "Ottawa Senators": 1526.0811773081252,
  "Toronto Maple Leafs": 1466.9998323751593,
  "Colorado Avalanche": 1537.727459854254,
  "Minnesota Wild": 1321.6464061562824,
  "Boston Bruins": 1427.1719089899007,
  "New York Rangers": 1424.282670020173,
  "Edmonton Oilers": 1509.6591923987562,
  "Winnipeg Jets": 1575.2206116955517,
  "Dallas Stars": 1531.4170215727288,
  "Anaheim Ducks": 1491.5677182263905,
  "San Jose Sharks": 1325.8093130319926,
  "Vegas Golden Knights": 1555.1904438325887,
  "Calgary Flames": 1374.9895859103087,
  "Vancouver Canucks": 1584.7762474128292,
  "Florida Panthers": 1519.3941036089157,
  "Nashville Predators": 1352.7979768047298,
  "Montr\u00e9al Canadiens": 1590.8063329017693,
  "New Jersey Devils": 1526.4378133130076,
  "Philadelphia Flyers": 1445.8204177755752,
  "Seattle Kraken": 1458.632519477193,
  "New York Islanders": 1455.3176721553696,
  "Detroit Red Wings": 1622.756118363253,
  "Carolina Hurricanes": 1574.0224292650817,
  "Tampa Bay Lightning": 1550.8311153709012,
  "Chicago Blackhawks": 1405.7412600745204,
  "Team Kloss Team Kloss": 1483.4940194023939,
  "Team King Team King": 1516.5059805976061,
  "Team McDavid Team McDavid": 1500.0,
  "Team MacKinnon Team MacKinnon": 1486.5059805976061,
  "Team Matthews Team Matthews": 1526.9880388047877,
  "Team Hughes Team Hughes": 1486.5059805976061,
  "Utah Utah Hockey Club": 1508.3243492227573,
  "M\u00fcnchen EHC Red Bull M\u00fcnchen": 1486.5996867231736,
  "Sweden": 1486.2306923690662,
  "Canada": 1532.8949103374614,
  "Finland": 1483.4940194023939,
  "USA": 1497.3803778910785,
  "Utah Mammoth": 1598.2842455999946
}