{
  "Arizona Coyotes": 1480.2570043644942,
  "Los Angeles Kings": 1510.1568951569561,
  "St. Louis Blues": 1418.8945873575299,
  "Pittsburgh Penguins": 1488.5945198119125,
  "Columbus Blue Jackets": 1472.8081952474124,
  "Washington Capitals": 1589.5855149420481,
  "Buffalo Sabres": 1500.5824351217748,
  "Ottawa Senators": 1501.022916339213,
  "Toronto Maple Leafs": 1477.7928254604587,
  "Colorado Avalanche": 1634.3063265622366,
  "Minnesota Wild": 1503.927154401312,
  "Boston Bruins": 1544.9429681495797,
  "New York Rangers": 1481.3871536616384,
  "Edmonton Oilers": 1490.989538422308,
  "Winnipeg Jets": 1450.7884600629302,
  "Dallas Stars": 1607.2376142509888,
  "Anaheim Ducks": 1540.291089970879,
  "San Jose Sharks": 1461.9194019449849,
  "Vegas Golden Knights": 1512.7392732762019,
  "Calgary Flames": 1451.6035528568686,
  "Vancouver Canucks": 1443.6926417024292,
  "Florida Panthers": 1512.3372767821502,
  "Nashville Predators": 1414.0499185198494,
  "Montr\u00e9al Canadiens": 1509.73602568505,
  "New Jersey Devils": 1472.9687889002391,
  "Philadelphia Flyers": 1492.4694936220199,
  "Seattle Kraken": 1420.1157697512276,
  "New York Islanders": 1567.4065837730263,
  "Detroit Red Wings": 1536.7330481996835,
  "Carolina Hurricanes": 1563.5186884713269,
  "Tampa Bay Lightning": 1593.1891798717243,
  "Chicago Blackhawks": 1399.6644869464087,
  "Team Kloss Team Kloss": 1483.4940194023939,
  "Team King Team King": 1516.5059805976061,
  "Team McDavid Team McDavid": 1500.0,
  "Team MacKinnon Team MacKinnon": 1486.5059805976061,
  "Team Matthews Team Matthews": 1526.9880388047877,
  "Team Hughes Team Hughes": 1486.5059805976061,
  "Utah Utah Hockey Club": 1508.3243492227573,
  "M\u00fcnchen EHC Red Bull M\u00fcnchen": 1486.5996867231736,
  "Sweden": 1486.2306923690662,
  "Canada": 1532.8949103374614,
  "Finland": 1483.4940194023939,
  "USA": 1497.3803778910785,
  "Utah Mammoth": 1459.3666344672076
}