{
  "Arizona Coyotes": 1480.2570043644942,
  "Los Angeles Kings": 1445.738712565752,
  "St. Louis Blues": 1320.3763068139576,
  "Pittsburgh Penguins": 1477.6121932495382,
  "Columbus Blue Jackets": 1563.1421353004669,
  "Washington Capitals": 1566.3027952538519,
  "Buffalo Sabres": 1637.5944129317427,
  "Ottawa Senators": 1489.9142068905437,
  "Toronto Maple Leafs": 1401.1093475038667,
  "Colorado Avalanche": 1488.5347944074697,
  "Minnesota Wild": 1544.4856751938141,
  "Boston Bruins": 1632.618104928981,
  "New York Rangers": 1316.8709739340743,
  "Edmonton Oilers": 1518.2690325708168,
  "Winnipeg Jets": 1431.0120946159002,
  "Dallas Stars": 1577.464160257172,
  "Anaheim Ducks": 1572.6775227078956,
  "San Jose Sharks": 1545.6649413233856,
  "Vegas Golden Knights": 1656.9626189916492,
  "Calgary Flames": 1310.9743433646245,
  "Vancouver Canucks": 1243.15780374759,
  "Florida Panthers": 1581.7187766723498,
  "Nashville Predators": 1557.6107833959798,
  "Montr\u00e9al Canadiens": 1539.3316597467217,
  "New Jersey Devils": 1479.104312405724,
  "Philadelphia Flyers": 1634.8973629223137,
  "Seattle Kraken": 1351.5675103324359,
  "New York Islanders": 1495.060696496538,
  "Detroit Red Wings": 1587.356196517795,
  "Carolina Hurricanes": 1545.056979887149,
  "Tampa Bay Lightning": 1719.5417662796228,
  "Chicago Blackhawks": 1359.7846461296137,
  "Team Kloss Team Kloss": 1483.4940194023939,
  "Team King Team King": 1516.5059805976061,
  "Team McDavid Team McDavid": 1500.0,
  "Team MacKinnon Team MacKinnon": 1486.5059805976061,
  "Team Matthews Team Matthews": 1526.9880388047877,
  "Team Hughes Team Hughes": 1486.5059805976061,
  "Utah Utah Hockey Club": 1508.3243492227573,
  "M\u00fcnchen EHC Red Bull M\u00fcnchen": 1486.5996867231736,
  "Sweden": 1486.2306923690662,
  "Canada": 1532.8949103374614,
  "Finland": 1483.4940194023939,
  "USA": 1497.3803778910785,
  "Utah Mammoth": 1433.3060923502403
}