{
  "Arizona Coyotes": 1480.2570043644942,
  "Los Angeles Kings": 1400.5081441425275,
  "St. Louis Blues": 1518.437188572864,
  "Pittsburgh Penguins": 1497.7480968883326,
  "Columbus Blue Jackets": 1558.6746188301067,
  "Washington Capitals": 1552.89998573303,
  "Buffalo Sabres": 1760.1716179791122,
  "Ottawa Senators": 1545.7170745189853,
  "Toronto Maple Leafs": 1377.6213628067953,
  "Colorado Avalanche": 1598.6007797698676,
  "Minnesota Wild": 1543.1624424933093,
  "Boston Bruins": 1513.4373720323006,
  "New York Rangers": 1362.4350092168486,
  "Edmonton Oilers": 1481.1647916831091,
  "Winnipeg Jets": 1407.598341653297,
  "Dallas Stars": 1706.0078016491973,
  "Anaheim Ducks": 1516.754723699455,
  "San Jose Sharks": 1454.1276376662215,
  "Vegas Golden Knights": 1385.9359277180558,
  "Calgary Flames": 1330.479420580669,
  "Vancouver Canucks": 1253.7444530745915,
  "Florida Panthers": 1438.8936648259469,
  "Nashville Predators": 1461.1835193161517,
  "Montr\u00e9al Canadiens": 1622.5809962742303,
  "New Jersey Devils": 1451.589544701709,
  "Philadelphia Flyers": 1597.7708977917787,
  "Seattle Kraken": 1461.5238578332767,
  "New York Islanders": 1646.4991524798609,
  "Detroit Red Wings": 1492.5293632058492,
  "Carolina Hurricanes": 1630.2982235451545,
  "Tampa Bay Lightning": 1671.2283127997375,
  "Chicago Blackhawks": 1331.234368179335,
  "Team Kloss Team Kloss": 1483.4940194023939,
  "Team King Team King": 1516.5059805976061,
  "Team McDavid Team McDavid": 1500.0,
  "Team MacKinnon Team MacKinnon": 1486.5059805976061,
  "Team Matthews Team Matthews": 1526.9880388047877,
  "Team Hughes Team Hughes": 1486.5059805976061,
  "Utah Utah Hockey Club": 1508.3243492227573,
  "M\u00fcnchen EHC Red Bull M\u00fcnchen": 1486.5996867231736,
  "Sweden": 1486.2306923690662,
  "Canada": 1532.8949103374614,
  "Finland": 1483.4940194023939,
  "USA": 1497.3803778910785,
  "Utah Mammoth": 1454.2602680278699
}