{
  "Arizona Coyotes": 1480.2570043644942,
  "Los Angeles Kings": 1411.3312085790876,
  "St. Louis Blues": 1360.9483106582886,
  "Pittsburgh Penguins": 1443.1397957303593,
  "Columbus Blue Jackets": 1576.8955757234517,
  "Washington Capitals": 1602.3151235578348,
  "Buffalo Sabres": 1698.0909322202126,
  "Ottawa Senators": 1539.2721131212415,
  "Toronto Maple Leafs": 1412.539094021603,
  "Colorado Avalanche": 1497.1526870795133,
  "Minnesota Wild": 1625.01388629205,
  "Boston Bruins": 1552.6173210934282,
  "New York Rangers": 1363.0325171589232,
  "Edmonton Oilers": 1440.8636099836503,
  "Winnipeg Jets": 1423.8200749280938,
  "Dallas Stars": 1709.972351547729,
  "Anaheim Ducks": 1542.4961768483595,
  "San Jose Sharks": 1408.0912795149352,
  "Vegas Golden Knights": 1469.0404167248732,
  "Calgary Flames": 1334.1862040103695,
  "Vancouver Canucks": 1251.805381959896,
  "Florida Panthers": 1451.1786505592852,
  "Nashville Predators": 1499.417572583367,
  "Montr\u00e9al Canadiens": 1640.4818416944381,
  "New Jersey Devils": 1462.459825352888,
  "Philadelphia Flyers": 1564.519281434089,
  "Seattle Kraken": 1468.0611987123523,
  "New York Islanders": 1622.435469279746,
  "Detroit Red Wings": 1464.673146548313,
  "Carolina Hurricanes": 1659.6584527596697,
  "Tampa Bay Lightning": 1740.1892542291712,
  "Chicago Blackhawks": 1317.037896108715,
  "Team Kloss Team Kloss": 1483.4940194023939,
  "Team King Team King": 1516.5059805976061,
  "Team McDavid Team McDavid": 1500.0,
  "Team MacKinnon Team MacKinnon": 1486.5059805976061,
  "Team Matthews Team Matthews": 1526.9880388047877,
  "Team Hughes Team Hughes": 1486.5059805976061,
  "Utah Utah Hockey Club": 1508.3243492227573,
  "M\u00fcnchen EHC Red Bull M\u00fcnchen": 1486.5996867231736,
  "Sweden": 1486.2306923690662,
  "Canada": 1532.8949103374614,
  "Finland": 1483.4940194023939,
  "USA": 1497.3803778910785,
  "Utah Mammoth": 1472.082309673641
}