{
  "Arizona Coyotes": 1480.2570043644942,
  "Los Angeles Kings": 1445.738712565752,
  "St. Louis Blues": 1320.3763068139576,
  "Pittsburgh Penguins": 1461.6053466045123,
  "Columbus Blue Jackets": 1563.1421353004669,
  "Washington Capitals": 1566.3027952538519,
  "Buffalo Sabres": 1637.5944129317427,
  "Ottawa Senators": 1444.4087270283535,
  "Toronto Maple Leafs": 1430.3095189000458,
  "Colorado Avalanche": 1459.3346230112907,
  "Minnesota Wild": 1544.4856751938141,
  "Boston Bruins": 1632.618104928981,
  "New York Rangers": 1316.8709739340743,
  "Edmonton Oilers": 1518.2690325708168,
  "Winnipeg Jets": 1431.0120946159002,
  "Dallas Stars": 1577.464160257172,
  "Anaheim Ducks": 1558.6226488648615,
  "San Jose Sharks": 1545.6649413233856,
  "Vegas Golden Knights": 1702.4680988538394,
  "Calgary Flames": 1325.0292172076586,
  "Vancouver Canucks": 1259.1646503926158,
  "Florida Panthers": 1564.7530399491986,
  "Nashville Predators": 1557.6107833959798,
  "Montr\u00e9al Canadiens": 1539.3316597467217,
  "New Jersey Devils": 1521.6661959791306,
  "Philadelphia Flyers": 1634.8973629223137,
  "Seattle Kraken": 1309.0056267590292,
  "New York Islanders": 1495.060696496538,
  "Detroit Red Wings": 1587.356196517795,
  "Carolina Hurricanes": 1545.056979887149,
  "Tampa Bay Lightning": 1719.5417662796228,
  "Chicago Blackhawks": 1376.750382852765,
  "Team Kloss Team Kloss": 1483.4940194023939,
  "Team King Team King": 1516.5059805976061,
  "Team McDavid Team McDavid": 1500.0,
  "Team MacKinnon Team MacKinnon": 1486.5059805976061,
  "Team Matthews Team Matthews": 1526.9880388047877,
  "Team Hughes Team Hughes": 1486.5059805976061,
  "Utah Utah Hockey Club": 1508.3243492227573,
  "M\u00fcnchen EHC Red Bull M\u00fcnchen": 1486.5996867231736,
  "Sweden": 1486.2306923690662,
  "Canada": 1532.8949103374614,
  "Finland": 1483.4940194023939,
  "USA": 1497.3803778910785,
  "Utah Mammoth": 1433.3060923502403
}