{
  "Arizona Coyotes": 1480.2570043644942,
  "Los Angeles Kings": 1501.3531464570624,
  "St. Louis Blues": 1391.6461096184732,
  "Pittsburgh Penguins": 1571.8591284058168,
  "Columbus Blue Jackets": 1611.7892531882255,
  "Washington Capitals": 1563.9391848786497,
  "Buffalo Sabres": 1543.865492266484,
  "Ottawa Senators": 1522.6207375442277,
  "Toronto Maple Leafs": 1483.0141833537602,
  "Colorado Avalanche": 1533.0846610428464,
  "Minnesota Wild": 1339.200683550531,
  "Boston Bruins": 1465.035140568226,
  "New York Rangers": 1461.397756485543,
  "Edmonton Oilers": 1499.4477755802568,
  "Winnipeg Jets": 1595.9189502263569,
  "Dallas Stars": 1505.2808664949723,
  "Anaheim Ducks": 1511.1156765263129,
  "San Jose Sharks": 1369.3542210425417,
  "Vegas Golden Knights": 1537.9424941312438,
  "Calgary Flames": 1352.7986168414648,
  "Vancouver Canucks": 1569.845204734826,
  "Florida Panthers": 1532.8604826023814,
  "Nashville Predators": 1357.6237631296856,
  "Montr\u00e9al Canadiens": 1601.9218538727732,
  "New Jersey Devils": 1521.8706991422355,
  "Philadelphia Flyers": 1439.516168333756,
  "Seattle Kraken": 1441.5160715280122,
  "New York Islanders": 1469.043762488421,
  "Detroit Red Wings": 1615.77986799303,
  "Carolina Hurricanes": 1563.5051730760918,
  "Tampa Bay Lightning": 1563.500891455192,
  "Chicago Blackhawks": 1388.8866975301821,
  "Team Kloss Team Kloss": 1483.4940194023939,
  "Team King Team King": 1516.5059805976061,
  "Team McDavid Team McDavid": 1500.0,
  "Team MacKinnon Team MacKinnon": 1486.5059805976061,
  "Team Matthews Team Matthews": 1526.9880388047877,
  "Team Hughes Team Hughes": 1486.5059805976061,
  "Utah Utah Hockey Club": 1508.3243492227573,
  "M\u00fcnchen EHC Red Bull M\u00fcnchen": 1486.5996867231736,
  "Sweden": 1486.2306923690662,
  "Canada": 1532.8949103374614,
  "Finland": 1483.4940194023939,
  "USA": 1497.3803778910785,
  "Utah Mammoth": 1598.2842455999946
}