{
  "Arizona Coyotes": 1480.2570043644942,
  "Los Angeles Kings": 1470.9836009759317,
  "St. Louis Blues": 1417.6956839058216,
  "Pittsburgh Penguins": 1439.1310042456355,
  "Columbus Blue Jackets": 1475.003562961757,
  "Washington Capitals": 1555.0925135817658,
  "Buffalo Sabres": 1513.6306105318997,
  "Ottawa Senators": 1503.4072970471339,
  "Toronto Maple Leafs": 1472.3383603293053,
  "Colorado Avalanche": 1647.19304664234,
  "Minnesota Wild": 1547.120150694507,
  "Boston Bruins": 1541.5041661383384,
  "New York Rangers": 1463.490134563363,
  "Edmonton Oilers": 1507.7539980328606,
  "Winnipeg Jets": 1438.6341658275505,
  "Dallas Stars": 1596.4873638807876,
  "Anaheim Ducks": 1522.2279675099592,
  "San Jose Sharks": 1492.6646791070339,
  "Vegas Golden Knights": 1508.6613572319586,
  "Calgary Flames": 1457.437539611355,
  "Vancouver Canucks": 1479.4131614496146,
  "Florida Panthers": 1561.7471650435577,
  "Nashville Predators": 1415.6073277018813,
  "Montr\u00e9al Canadiens": 1490.8582390116744,
  "New Jersey Devils": 1489.8038418374142,
  "Philadelphia Flyers": 1487.664793731174,
  "Seattle Kraken": 1399.7920077063643,
  "New York Islanders": 1567.0277350742742,
  "Detroit Red Wings": 1541.9787531727202,
  "Carolina Hurricanes": 1596.275551689027,
  "Tampa Bay Lightning": 1560.1565341969488,
  "Chicago Blackhawks": 1378.4629730557542,
  "Team Kloss Team Kloss": 1483.4940194023939,
  "Team King Team King": 1516.5059805976061,
  "Team McDavid Team McDavid": 1500.0,
  "Team MacKinnon Team MacKinnon": 1486.5059805976061,
  "Team Matthews Team Matthews": 1526.9880388047877,
  "Team Hughes Team Hughes": 1486.5059805976061,
  "Utah Utah Hockey Club": 1508.3243492227573,
  "M\u00fcnchen EHC Red Bull M\u00fcnchen": 1486.5996867231736,
  "Sweden": 1486.2306923690662,
  "Canada": 1532.8949103374614,
  "Finland": 1483.4940194023939,
  "USA": 1497.3803778910785,
  "Utah Mammoth": 1485.5736731998668
}