{
  "Arizona Coyotes": 1480.2570043644942,
  "Los Angeles Kings": 1565.6054821274981,
  "St. Louis Blues": 1389.5569354675822,
  "Pittsburgh Penguins": 1518.8172925728911,
  "Columbus Blue Jackets": 1562.8250991958155,
  "Washington Capitals": 1535.0718442784269,
  "Buffalo Sabres": 1502.6047586830255,
  "Ottawa Senators": 1530.6187440128006,
  "Toronto Maple Leafs": 1434.8365834460567,
  "Colorado Avalanche": 1620.4830224692819,
  "Minnesota Wild": 1406.5545897176155,
  "Boston Bruins": 1504.4180134075723,
  "New York Rangers": 1490.2730024818768,
  "Edmonton Oilers": 1475.74008488592,
  "Winnipeg Jets": 1534.6281012753198,
  "Dallas Stars": 1580.7455200480101,
  "Anaheim Ducks": 1536.542958111763,
  "San Jose Sharks": 1394.0911688917943,
  "Vegas Golden Knights": 1468.989067009702,
  "Calgary Flames": 1375.3939999018914,
  "Vancouver Canucks": 1529.0285510556748,
  "Florida Panthers": 1558.9355087383167,
  "Nashville Predators": 1322.539471345553,
  "Montr\u00e9al Canadiens": 1495.2127377268614,
  "New Jersey Devils": 1550.0110348914568,
  "Philadelphia Flyers": 1433.309023664966,
  "Seattle Kraken": 1473.5869478611621,
  "New York Islanders": 1527.468985190033,
  "Detroit Red Wings": 1579.4141104164712,
  "Carolina Hurricanes": 1589.1109651064498,
  "Tampa Bay Lightning": 1569.492056988566,
  "Chicago Blackhawks": 1441.8337042754417,
  "Team Kloss Team Kloss": 1483.4940194023939,
  "Team King Team King": 1516.5059805976061,
  "Team McDavid Team McDavid": 1500.0,
  "Team MacKinnon Team MacKinnon": 1486.5059805976061,
  "Team Matthews Team Matthews": 1526.9880388047877,
  "Team Hughes Team Hughes": 1486.5059805976061,
  "Utah Utah Hockey Club": 1508.3243492227573,
  "M\u00fcnchen EHC Red Bull M\u00fcnchen": 1486.5996867231736,
  "Sweden": 1486.2306923690662,
  "Canada": 1532.8949103374614,
  "Finland": 1483.4940194023939,
  "USA": 1497.3803778910785,
  "Utah Mammoth": 1527.0795944437803
}