{
  "Arizona Coyotes": 1480.2570043644942,
  "Los Angeles Kings": 1503.7913092964495,
  "St. Louis Blues": 1389.210557843868,
  "Pittsburgh Penguins": 1531.8986084162318,
  "Columbus Blue Jackets": 1527.4338807794236,
  "Washington Capitals": 1616.8285676791077,
  "Buffalo Sabres": 1497.0396663387041,
  "Ottawa Senators": 1524.0691762186716,
  "Toronto Maple Leafs": 1494.229017838917,
  "Colorado Avalanche": 1625.4784655461149,
  "Minnesota Wild": 1484.2525689304741,
  "Boston Bruins": 1506.138451237213,
  "New York Rangers": 1529.3488495944664,
  "Edmonton Oilers": 1477.6154858540322,
  "Winnipeg Jets": 1474.484101025301,
  "Dallas Stars": 1598.27036209103,
  "Anaheim Ducks": 1511.454325341858,
  "San Jose Sharks": 1441.0553536027394,
  "Vegas Golden Knights": 1472.489002931707,
  "Calgary Flames": 1433.9799819166853,
  "Vancouver Canucks": 1475.2154262115303,
  "Florida Panthers": 1474.9926513592602,
  "Nashville Predators": 1383.054970502985,
  "Montr\u00e9al Canadiens": 1512.0101624060487,
  "New Jersey Devils": 1497.349513402832,
  "Philadelphia Flyers": 1508.9204455352453,
  "Seattle Kraken": 1442.9781240568138,
  "New York Islanders": 1539.0624993256897,
  "Detroit Red Wings": 1512.6507323639394,
  "Carolina Hurricanes": 1546.1348708131611,
  "Tampa Bay Lightning": 1604.1033011130712,
  "Chicago Blackhawks": 1413.9548642710827,
  "Team Kloss Team Kloss": 1483.4940194023939,
  "Team King Team King": 1516.5059805976061,
  "Team McDavid Team McDavid": 1500.0,
  "Team MacKinnon Team MacKinnon": 1486.5059805976061,
  "Team Matthews Team Matthews": 1526.9880388047877,
  "Team Hughes Team Hughes": 1486.5059805976061,
  "Utah Utah Hockey Club": 1508.3243492227573,
  "M\u00fcnchen EHC Red Bull M\u00fcnchen": 1486.5996867231736,
  "Sweden": 1486.2306923690662,
  "Canada": 1532.8949103374614,
  "Finland": 1483.4940194023939,
  "USA": 1497.3803778910785,
  "Utah Mammoth": 1475.3236658449223
}