{
  "Arizona Coyotes": 1480.2570043644942,
  "Los Angeles Kings": 1566.1570998859372,
  "St. Louis Blues": 1419.2891614510445,
  "Pittsburgh Penguins": 1534.7337008051684,
  "Columbus Blue Jackets": 1571.260729400828,
  "Washington Capitals": 1535.4613941655348,
  "Buffalo Sabres": 1467.8623854167502,
  "Ottawa Senators": 1546.2708455895922,
  "Toronto Maple Leafs": 1449.2699705419263,
  "Colorado Avalanche": 1609.9606644283754,
  "Minnesota Wild": 1368.1422769423361,
  "Boston Bruins": 1500.9930868923968,
  "New York Rangers": 1484.0663629531257,
  "Edmonton Oilers": 1467.642468128128,
  "Winnipeg Jets": 1523.943790536834,
  "Dallas Stars": 1572.4040128908348,
  "Anaheim Ducks": 1542.9561096197197,
  "San Jose Sharks": 1405.1981637292374,
  "Vegas Golden Knights": 1473.1830356246212,
  "Calgary Flames": 1386.0783106403771,
  "Vancouver Canucks": 1534.53435383181,
  "Florida Panthers": 1561.609020958794,
  "Nashville Predators": 1306.6230631132757,
  "Montr\u00e9al Canadiens": 1524.3410572679952,
  "New Jersey Devils": 1533.4177656691181,
  "Philadelphia Flyers": 1425.4064275572348,
  "Seattle Kraken": 1462.479953023719,
  "New York Islanders": 1519.8124775033891,
  "Detroit Red Wings": 1586.795054823915,
  "Carolina Hurricanes": 1585.2656067633689,
  "Tampa Bay Lightning": 1572.684762249438,
  "Chicago Blackhawks": 1427.400317179572,
  "Team Kloss Team Kloss": 1483.4940194023939,
  "Team King Team King": 1516.5059805976061,
  "Team McDavid Team McDavid": 1500.0,
  "Team MacKinnon Team MacKinnon": 1486.5059805976061,
  "Team Matthews Team Matthews": 1526.9880388047877,
  "Team Hughes Team Hughes": 1486.5059805976061,
  "Utah Utah Hockey Club": 1508.3243492227573,
  "M\u00fcnchen EHC Red Bull M\u00fcnchen": 1486.5996867231736,
  "Sweden": 1486.2306923690662,
  "Canada": 1532.8949103374614,
  "Finland": 1483.4940194023939,
  "USA": 1497.3803778910785,
  "Utah Mammoth": 1559.5755301051784
}