{
  "Arizona Coyotes": 1480.2570043644942,
  "Los Angeles Kings": 1463.8634879562508,
  "St. Louis Blues": 1421.9977277973023,
  "Pittsburgh Penguins": 1440.6379029954455,
  "Columbus Blue Jackets": 1502.365125614088,
  "Washington Capitals": 1530.7808686314854,
  "Buffalo Sabres": 1577.715288970215,
  "Ottawa Senators": 1474.116840807424,
  "Toronto Maple Leafs": 1478.6793974667487,
  "Colorado Avalanche": 1675.9629625885495,
  "Minnesota Wild": 1575.6581725380202,
  "Boston Bruins": 1465.8484759560042,
  "New York Rangers": 1487.440794719024,
  "Edmonton Oilers": 1522.7480185781108,
  "Winnipeg Jets": 1408.5244214410827,
  "Dallas Stars": 1579.947733034705,
  "Anaheim Ducks": 1467.2299204281276,
  "San Jose Sharks": 1484.2190545307944,
  "Vegas Golden Knights": 1481.8483617340426,
  "Calgary Flames": 1500.494046034384,
  "Vancouver Canucks": 1480.6067658104992,
  "Florida Panthers": 1548.3014690576135,
  "Nashville Predators": 1455.6634995446514,
  "Montr\u00e9al Canadiens": 1534.1207830825126,
  "New Jersey Devils": 1464.6553426333405,
  "Philadelphia Flyers": 1491.5845526447047,
  "Seattle Kraken": 1447.8180740948503,
  "New York Islanders": 1548.7567201471672,
  "Detroit Red Wings": 1570.9485649796018,
  "Carolina Hurricanes": 1554.4787969182007,
  "Tampa Bay Lightning": 1591.7377430389247,
  "Chicago Blackhawks": 1350.9930006716318,
  "Team Kloss Team Kloss": 1483.4940194023939,
  "Team King Team King": 1516.5059805976061,
  "Team McDavid Team McDavid": 1500.0,
  "Team MacKinnon Team MacKinnon": 1486.5059805976061,
  "Team Matthews Team Matthews": 1526.9880388047877,
  "Team Hughes Team Hughes": 1486.5059805976061,
  "Utah Utah Hockey Club": 1508.3243492227573,
  "M\u00fcnchen EHC Red Bull M\u00fcnchen": 1486.5996867231736,
  "Sweden": 1486.2306923690662,
  "Canada": 1532.8949103374614,
  "Finland": 1483.4940194023939,
  "USA": 1497.3803778910785,
  "Utah Mammoth": 1445.0750452440734
}