{
  "Carolina Hurricanes": 1459.9578163479725,
  "Florida Panthers": 1532.369527999529,
  "Columbus Blue Jackets": 1524.3086439209467,
  "Pittsburgh Penguins": 1485.6515586341247,
  "Edmonton Oilers": 1477.1234613368536,
  "Seattle Kraken": 1523.5708038439202,
  "Vancouver Canucks": 1533.1073680765555,
  "Calgary Flames": 1475.6913560790533,
  "Anaheim Ducks": 1467.630472000471,
  "Los Angeles Kings": 1532.369527999529,
  "Detroit Red Wings": 1514.3484413658753,
  "Buffalo Sabres": 1475.6913560790533,
  "New York Rangers": 1467.630472000471,
  "New York Islanders": 1520.0421836520275,
  "Washington Capitals": 1524.3086439209467,
  "Philadelphia Flyers": 1475.6913560790533,
  "Montr\u00e9al Canadiens": 1467.630472000471,
  "Toronto Maple Leafs": 1532.369527999529,
  "Minnesota Wild": 1467.630472000471,
  "Dallas Stars": 1532.369527999529,
  "Vegas Golden Knights": 1535.0467557577765,
  "Utah Mammoth": 1475.6913560790533,
  "Tampa Bay Lightning": 1507.6726556524984,
  "New Jersey Devils": 1512.3273443475016,
  "Winnipeg Jets": 1490.5070106636174,
  "San Jose Sharks": 1489.2618881631702
}