{
  "Arizona Coyotes": 1480.2570043644942,
  "Los Angeles Kings": 1553.7391296793348,
  "St. Louis Blues": 1480.753922051757,
  "Pittsburgh Penguins": 1510.6939554725427,
  "Columbus Blue Jackets": 1477.0457656767328,
  "Washington Capitals": 1589.200569702197,
  "Buffalo Sabres": 1547.7709587028169,
  "Ottawa Senators": 1517.926745206916,
  "Toronto Maple Leafs": 1588.8599534020943,
  "Colorado Avalanche": 1589.438000630938,
  "Minnesota Wild": 1468.5153985962493,
  "Boston Bruins": 1413.947148959477,
  "New York Rangers": 1393.3249503400343,
  "Edmonton Oilers": 1606.4710773754387,
  "Winnipeg Jets": 1568.3738547344367,
  "Dallas Stars": 1613.089772544557,
  "Anaheim Ducks": 1493.5135255979426,
  "San Jose Sharks": 1258.9305579629513,
  "Vegas Golden Knights": 1564.6205025518682,
  "Calgary Flames": 1424.8979478334727,
  "Vancouver Canucks": 1547.3277065945258,
  "Florida Panthers": 1564.1999916254683,
  "Nashville Predators": 1414.4151128871251,
  "Montr\u00e9al Canadiens": 1552.4456768611035,
  "New Jersey Devils": 1443.2522480475568,
  "Philadelphia Flyers": 1395.4597418613282,
  "Seattle Kraken": 1439.350297541148,
  "New York Islanders": 1425.9938495106496,
  "Detroit Red Wings": 1588.2088658680793,
  "Carolina Hurricanes": 1528.9563963843968,
  "Tampa Bay Lightning": 1538.0536696223833,
  "Chicago Blackhawks": 1424.493564171393,
  "Team Kloss Team Kloss": 1483.4940194023939,
  "Team King Team King": 1516.5059805976061,
  "Team McDavid Team McDavid": 1500.0,
  "Team MacKinnon Team MacKinnon": 1486.5059805976061,
  "Team Matthews Team Matthews": 1526.9880388047877,
  "Team Hughes Team Hughes": 1486.5059805976061,
  "Utah Utah Hockey Club": 1508.3243492227573,
  "M\u00fcnchen EHC Red Bull M\u00fcnchen": 1486.5996867231736,
  "Sweden": 1486.2306923690662,
  "Canada": 1532.8949103374614,
  "Finland": 1483.4940194023939,
  "USA": 1497.3803778910785,
  "Utah Mammoth": 1501.5481016926612
}