{
  "Arizona Coyotes": 1480.2570043644942,
  "Los Angeles Kings": 1518.645494768012,
  "St. Louis Blues": 1480.753922051757,
  "Pittsburgh Penguins": 1545.7875903838656,
  "Columbus Blue Jackets": 1454.567342881075,
  "Washington Capitals": 1613.53734344323,
  "Buffalo Sabres": 1547.7709587028169,
  "Ottawa Senators": 1537.6723760690845,
  "Toronto Maple Leafs": 1601.0862886035823,
  "Colorado Avalanche": 1611.9164234265957,
  "Minnesota Wild": 1444.1786248552164,
  "Boston Bruins": 1399.1025603416272,
  "New York Rangers": 1381.0986151385464,
  "Edmonton Oilers": 1566.1885128619908,
  "Winnipeg Jets": 1586.3765422624297,
  "Dallas Stars": 1576.1963784139987,
  "Anaheim Ducks": 1464.8419785602612,
  "San Jose Sharks": 1244.486120484132,
  "Vegas Golden Knights": 1579.465091169718,
  "Calgary Flames": 1424.8979478334727,
  "Vancouver Canucks": 1611.6090264302773,
  "Florida Panthers": 1528.4754207859835,
  "Nashville Predators": 1398.7704574348948,
  "Montr\u00e9al Canadiens": 1568.0903323133339,
  "New Jersey Devils": 1478.9768188870416,
  "Philadelphia Flyers": 1377.4570543333352,
  "Seattle Kraken": 1419.6046666789794,
  "New York Islanders": 1466.2764140240974,
  "Detroit Red Wings": 1619.7647146730596,
  "Carolina Hurricanes": 1557.6279434220783,
  "Tampa Bay Lightning": 1506.497820817403,
  "Chicago Blackhawks": 1397.1056384662,
  "Team Kloss Team Kloss": 1483.4940194023939,
  "Team King Team King": 1516.5059805976061,
  "Team McDavid Team McDavid": 1500.0,
  "Team MacKinnon Team MacKinnon": 1486.5059805976061,
  "Team Matthews Team Matthews": 1526.9880388047877,
  "Team Hughes Team Hughes": 1486.5059805976061,
  "Utah Utah Hockey Club": 1508.3243492227573,
  "M\u00fcnchen EHC Red Bull M\u00fcnchen": 1486.5996867231736,
  "Sweden": 1486.2306923690662,
  "Canada": 1532.8949103374614,
  "Finland": 1483.4940194023939,
  "USA": 1497.3803778910785,
  "Utah Mammoth": 1515.9925391714805
}