{
  "Arizona Coyotes": 1480.2570043644942,
  "Los Angeles Kings": 1423.0829496916735,
  "St. Louis Blues": 1518.437188572864,
  "Pittsburgh Penguins": 1497.7480968883326,
  "Columbus Blue Jackets": 1536.0998132809607,
  "Washington Capitals": 1558.4545122106158,
  "Buffalo Sabres": 1760.1716179791122,
  "Ottawa Senators": 1551.283281346877,
  "Toronto Maple Leafs": 1377.6213628067953,
  "Colorado Avalanche": 1598.6007797698676,
  "Minnesota Wild": 1543.1624424933093,
  "Boston Bruins": 1513.4373720323006,
  "New York Rangers": 1387.20913833409,
  "Edmonton Oilers": 1481.1647916831091,
  "Winnipeg Jets": 1407.598341653297,
  "Dallas Stars": 1706.0078016491973,
  "Anaheim Ducks": 1516.754723699455,
  "San Jose Sharks": 1454.1276376662215,
  "Vegas Golden Knights": 1385.9359277180558,
  "Calgary Flames": 1324.9248941030833,
  "Vancouver Canucks": 1248.1782462467,
  "Florida Panthers": 1438.8936648259469,
  "Nashville Predators": 1461.1835193161517,
  "Montr\u00e9al Canadiens": 1622.5809962742303,
  "New Jersey Devils": 1451.589544701709,
  "Philadelphia Flyers": 1572.9967686745372,
  "Seattle Kraken": 1461.5238578332767,
  "New York Islanders": 1646.4991524798609,
  "Detroit Red Wings": 1492.5293632058492,
  "Carolina Hurricanes": 1630.2982235451545,
  "Tampa Bay Lightning": 1671.2283127997375,
  "Chicago Blackhawks": 1349.955470329925,
  "Team Kloss Team Kloss": 1483.4940194023939,
  "Team King Team King": 1516.5059805976061,
  "Team McDavid Team McDavid": 1500.0,
  "Team MacKinnon Team MacKinnon": 1486.5059805976061,
  "Team Matthews Team Matthews": 1526.9880388047877,
  "Team Hughes Team Hughes": 1486.5059805976061,
  "Utah Utah Hockey Club": 1508.3243492227573,
  "M\u00fcnchen EHC Red Bull M\u00fcnchen": 1486.5996867231736,
  "Sweden": 1486.2306923690662,
  "Canada": 1532.8949103374614,
  "Finland": 1483.4940194023939,
  "USA": 1497.3803778910785,
  "Utah Mammoth": 1435.5391658772799
}