{
  "Arizona Coyotes": 1480.2570043644942,
  "Los Angeles Kings": 1408.6781375129647,
  "St. Louis Blues": 1422.1330512516074,
  "Pittsburgh Penguins": 1457.8256960447202,
  "Columbus Blue Jackets": 1580.9495007858732,
  "Washington Capitals": 1567.1209937513038,
  "Buffalo Sabres": 1720.379278809882,
  "Ottawa Senators": 1531.6228171812002,
  "Toronto Maple Leafs": 1392.18744691527,
  "Colorado Avalanche": 1535.127692922341,
  "Minnesota Wild": 1572.2271379000067,
  "Boston Bruins": 1550.1805434261287,
  "New York Rangers": 1370.9760000433525,
  "Edmonton Oilers": 1444.7381811646555,
  "Winnipeg Jets": 1399.4936016826516,
  "Dallas Stars": 1721.212881165919,
  "Anaheim Ducks": 1540.3461625185776,
  "San Jose Sharks": 1481.624063550545,
  "Vegas Golden Knights": 1422.8541080930613,
  "Calgary Flames": 1304.6562496944177,
  "Vancouver Canucks": 1243.8182541230228,
  "Florida Panthers": 1420.8380714229263,
  "Nashville Predators": 1465.9519544147822,
  "Montr\u00e9al Canadiens": 1631.0136444535642,
  "New Jersey Devils": 1486.349494293119,
  "Philadelphia Flyers": 1586.729119223289,
  "Seattle Kraken": 1495.1363848749872,
  "New York Islanders": 1655.594513843975,
  "Detroit Red Wings": 1476.357383602407,
  "Carolina Hurricanes": 1644.6053049427621,
  "Tampa Bay Lightning": 1701.3532025159986,
  "Chicago Blackhawks": 1360.752701492161,
  "Team Kloss Team Kloss": 1483.4940194023939,
  "Team King Team King": 1516.5059805976061,
  "Team McDavid Team McDavid": 1500.0,
  "Team MacKinnon Team MacKinnon": 1486.5059805976061,
  "Team Matthews Team Matthews": 1526.9880388047877,
  "Team Hughes Team Hughes": 1486.5059805976061,
  "Utah Utah Hockey Club": 1508.3243492227573,
  "M\u00fcnchen EHC Red Bull M\u00fcnchen": 1486.5996867231736,
  "Sweden": 1486.2306923690662,
  "Canada": 1532.8949103374614,
  "Finland": 1483.4940194023939,
  "USA": 1497.3803778910785,
  "Utah Mammoth": 1431.9853860721034
}