{
  "Arizona Coyotes": 1470.161850487337,
  "Los Angeles Kings": 1569.1488826922557,
  "St. Louis Blues": 1545.535332391277,
  "Pittsburgh Penguins": 1431.1728632119036,
  "Columbus Blue Jackets": 1478.5387141048152,
  "Washington Capitals": 1541.7305349700255,
  "Buffalo Sabres": 1552.4865192831958,
  "Ottawa Senators": 1554.0900788961071,
  "Toronto Maple Leafs": 1580.1186832226983,
  "Colorado Avalanche": 1584.2899016395834,
  "Minnesota Wild": 1506.4164064141144,
  "Boston Bruins": 1419.5278349502246,
  "New York Rangers": 1475.8813131640422,
  "Dallas Stars": 1590.1882304392882,
  "Edmonton Oilers": 1629.0192568617913,
  "Winnipeg Jets": 1569.5967241334768,
  "Anaheim Ducks": 1461.6188909568307,
  "San Jose Sharks": 1294.35918923863,
  "Vegas Golden Knights": 1513.345592792629,
  "Calgary Flames": 1547.7398379862952,
  "Vancouver Canucks": 1487.0901509273501,
  "Florida Panthers": 1607.5149259306224,
  "Nashville Predators": 1432.1541796686288,
  "New Jersey Devils": 1449.7624499720407,
  "Philadelphia Flyers": 1423.9398033013608,
  "Montr\u00e9al Canadiens": 1511.5404058882054,
  "Seattle Kraken": 1449.0378600608697,
  "New York Islanders": 1415.9226676764467,
  "Detroit Red Wings": 1517.2471259204858,
  "Carolina Hurricanes": 1518.276899172453,
  "Tampa Bay Lightning": 1571.8790842493916,
  "Chicago Blackhawks": 1344.7685631969398,
  "Utah Mammoth": 1455.8992461986845
}