{
  "Arizona Coyotes": 1480.2570043644942,
  "Los Angeles Kings": 1362.8844425867958,
  "St. Louis Blues": 1490.0592725229772,
  "Pittsburgh Penguins": 1463.7931894489172,
  "Columbus Blue Jackets": 1599.6415736932138,
  "Washington Capitals": 1495.5656612724833,
  "Buffalo Sabres": 1703.6961958369143,
  "Ottawa Senators": 1633.6611806973053,
  "Toronto Maple Leafs": 1484.6052336250932,
  "Colorado Avalanche": 1617.3667105446361,
  "Minnesota Wild": 1448.9031447715256,
  "Boston Bruins": 1497.173800686307,
  "New York Rangers": 1355.5595198177064,
  "Edmonton Oilers": 1530.8692984715053,
  "Winnipeg Jets": 1494.3464972970646,
  "Dallas Stars": 1541.9385899168806,
  "Anaheim Ducks": 1646.5660388128006,
  "San Jose Sharks": 1393.2377137087065,
  "Vegas Golden Knights": 1420.3738580727938,
  "Calgary Flames": 1452.65677257954,
  "Vancouver Canucks": 1251.2385016876342,
  "Florida Panthers": 1427.6846674958674,
  "Nashville Predators": 1513.8992121731571,
  "Montr\u00e9al Canadiens": 1592.5911181337046,
  "New Jersey Devils": 1506.1758149363368,
  "Philadelphia Flyers": 1589.5071576953426,
  "Seattle Kraken": 1429.5130974011927,
  "New York Islanders": 1581.6231174215068,
  "Detroit Red Wings": 1439.8937709723298,
  "Carolina Hurricanes": 1633.986447821294,
  "Tampa Bay Lightning": 1618.8567705969097,
  "Chicago Blackhawks": 1373.4323320170504,
  "Team Kloss Team Kloss": 1483.4940194023939,
  "Team King Team King": 1516.5059805976061,
  "Team McDavid Team McDavid": 1500.0,
  "Team MacKinnon Team MacKinnon": 1486.5059805976061,
  "Team Matthews Team Matthews": 1526.9880388047877,
  "Team Hughes Team Hughes": 1486.5059805976061,
  "Utah Utah Hockey Club": 1508.3243492227573,
  "M\u00fcnchen EHC Red Bull M\u00fcnchen": 1486.5996867231736,
  "Sweden": 1486.2306923690662,
  "Canada": 1532.8949103374614,
  "Finland": 1483.4940194023939,
  "USA": 1497.3803778910785,
  "Utah Mammoth": 1433.5182569740834
}