{
  "Arizona Coyotes": 1480.2570043644942,
  "Los Angeles Kings": 1454.5865058921372,
  "St. Louis Blues": 1417.820282214719,
  "Pittsburgh Penguins": 1405.4961363996533,
  "Columbus Blue Jackets": 1468.340239865412,
  "Washington Capitals": 1528.8510395686137,
  "Buffalo Sabres": 1556.1371963387458,
  "Ottawa Senators": 1506.3791415966532,
  "Toronto Maple Leafs": 1459.0032587159085,
  "Colorado Avalanche": 1659.7475067416387,
  "Minnesota Wild": 1550.5246819949143,
  "Boston Bruins": 1489.72769260872,
  "New York Rangers": 1510.2542678258762,
  "Edmonton Oilers": 1525.889149768954,
  "Winnipeg Jets": 1432.7093767002427,
  "Dallas Stars": 1605.1959289355586,
  "Anaheim Ducks": 1499.926154961435,
  "San Jose Sharks": 1448.2529781299077,
  "Vegas Golden Knights": 1505.537237769843,
  "Calgary Flames": 1471.5215646760112,
  "Vancouver Canucks": 1501.155643225969,
  "Florida Panthers": 1570.69985870622,
  "Nashville Predators": 1453.133022779782,
  "Montr\u00e9al Canadiens": 1526.7099983885964,
  "New Jersey Devils": 1493.753344026788,
  "Philadelphia Flyers": 1489.3204815990932,
  "Seattle Kraken": 1448.249376388696,
  "New York Islanders": 1544.9264910742654,
  "Detroit Red Wings": 1575.6273078970053,
  "Carolina Hurricanes": 1548.9926862149412,
  "Tampa Bay Lightning": 1563.6841850025871,
  "Chicago Blackhawks": 1350.0471995798341,
  "Team Kloss Team Kloss": 1483.4940194023939,
  "Team King Team King": 1516.5059805976061,
  "Team McDavid Team McDavid": 1500.0,
  "Team MacKinnon Team MacKinnon": 1486.5059805976061,
  "Team Matthews Team Matthews": 1526.9880388047877,
  "Team Hughes Team Hughes": 1486.5059805976061,
  "Utah Utah Hockey Club": 1508.3243492227573,
  "M\u00fcnchen EHC Red Bull M\u00fcnchen": 1486.5996867231736,
  "Sweden": 1486.2306923690662,
  "Canada": 1532.8949103374614,
  "Finland": 1483.4940194023939,
  "USA": 1497.3803778910785,
  "Utah Mammoth": 1462.619024100854
}