{
  "Arizona Coyotes": 1480.2570043644942,
  "Los Angeles Kings": 1526.983769196596,
  "St. Louis Blues": 1390.5501798679113,
  "Pittsburgh Penguins": 1481.3138490823642,
  "Columbus Blue Jackets": 1547.2100024958258,
  "Washington Capitals": 1545.2194036727221,
  "Buffalo Sabres": 1509.757013464343,
  "Ottawa Senators": 1559.5062417107195,
  "Toronto Maple Leafs": 1422.7358269759281,
  "Colorado Avalanche": 1641.637596370749,
  "Minnesota Wild": 1467.8071437678611,
  "Boston Bruins": 1493.6830678731178,
  "New York Rangers": 1455.4519038896633,
  "Edmonton Oilers": 1477.0283120276201,
  "Winnipeg Jets": 1513.6173971637077,
  "Dallas Stars": 1555.8012912826944,
  "Anaheim Ducks": 1543.6139472626744,
  "San Jose Sharks": 1438.8178206941957,
  "Vegas Golden Knights": 1488.737054181933,
  "Calgary Flames": 1428.6357601677125,
  "Vancouver Canucks": 1493.1646426749553,
  "Florida Panthers": 1550.390171263093,
  "Nashville Predators": 1317.3254432309157,
  "Montr\u00e9al Canadiens": 1492.4375099500317,
  "New Jersey Devils": 1507.822389267123,
  "Philadelphia Flyers": 1461.437611813641,
  "Seattle Kraken": 1485.9515691487838,
  "New York Islanders": 1552.4014636903344,
  "Detroit Red Wings": 1583.4217115103515,
  "Carolina Hurricanes": 1566.3819627572918,
  "Tampa Bay Lightning": 1606.1614197395156,
  "Chicago Blackhawks": 1416.8607403486217,
  "Team Kloss Team Kloss": 1483.4940194023939,
  "Team King Team King": 1516.5059805976061,
  "Team McDavid Team McDavid": 1500.0,
  "Team MacKinnon Team MacKinnon": 1486.5059805976061,
  "Team Matthews Team Matthews": 1526.9880388047877,
  "Team Hughes Team Hughes": 1486.5059805976061,
  "Utah Utah Hockey Club": 1508.3243492227573,
  "M\u00fcnchen EHC Red Bull M\u00fcnchen": 1486.5996867231736,
  "Sweden": 1486.2306923690662,
  "Canada": 1532.8949103374614,
  "Finland": 1483.4940194023939,
  "USA": 1497.3803778910785,
  "Utah Mammoth": 1502.9547431465787
}