{
  "Arizona Coyotes": 1480.2570043644942,
  "Los Angeles Kings": 1431.4692071774884,
  "St. Louis Blues": 1439.8842245740636,
  "Pittsburgh Penguins": 1496.0078119953703,
  "Columbus Blue Jackets": 1582.8053329107338,
  "Washington Capitals": 1566.1986751062723,
  "Buffalo Sabres": 1752.2412378840331,
  "Ottawa Senators": 1598.7010062364336,
  "Toronto Maple Leafs": 1471.5262346588047,
  "Colorado Avalanche": 1536.2145529866286,
  "Minnesota Wild": 1417.315970951819,
  "Boston Bruins": 1505.6904041674527,
  "New York Rangers": 1397.1852635264072,
  "Edmonton Oilers": 1523.8424781994695,
  "Winnipeg Jets": 1451.2987875018002,
  "Dallas Stars": 1704.0197720247545,
  "Anaheim Ducks": 1570.6698743594395,
  "San Jose Sharks": 1430.3989750825444,
  "Vegas Golden Knights": 1392.0904259073895,
  "Calgary Flames": 1342.981859651366,
  "Vancouver Canucks": 1277.0189468011574,
  "Florida Panthers": 1413.0949483981044,
  "Nashville Predators": 1439.220551949856,
  "Montr\u00e9al Canadiens": 1523.0123124663428,
  "New Jersey Devils": 1475.182283522185,
  "Philadelphia Flyers": 1608.5668673431226,
  "Seattle Kraken": 1478.5207034554248,
  "New York Islanders": 1630.2228318289954,
  "Detroit Red Wings": 1489.4037828618348,
  "Carolina Hurricanes": 1627.2655694677205,
  "Tampa Bay Lightning": 1652.9712721210888,
  "Chicago Blackhawks": 1364.1019428255065,
  "Team Kloss Team Kloss": 1483.4940194023939,
  "Team King Team King": 1516.5059805976061,
  "Team McDavid Team McDavid": 1500.0,
  "Team MacKinnon Team MacKinnon": 1486.5059805976061,
  "Team Matthews Team Matthews": 1526.9880388047877,
  "Team Hughes Team Hughes": 1486.5059805976061,
  "Utah Utah Hockey Club": 1508.3243492227573,
  "M\u00fcnchen EHC Red Bull M\u00fcnchen": 1486.5996867231736,
  "Sweden": 1486.2306923690662,
  "Canada": 1532.8949103374614,
  "Finland": 1483.4940194023939,
  "USA": 1497.3803778910785,
  "Utah Mammoth": 1435.6948517459664
}