{
  "Arizona Coyotes": 1480.2570043644942,
  "Los Angeles Kings": 1429.2045151349246,
  "St. Louis Blues": 1514.1179661562085,
  "Pittsburgh Penguins": 1498.5558502422293,
  "Columbus Blue Jackets": 1484.5258450134652,
  "Washington Capitals": 1551.463233762909,
  "Buffalo Sabres": 1655.6274865616192,
  "Ottawa Senators": 1601.2608033116983,
  "Toronto Maple Leafs": 1437.7553889219455,
  "Colorado Avalanche": 1561.770151561342,
  "Minnesota Wild": 1491.1858627448498,
  "Boston Bruins": 1534.4754208350448,
  "New York Rangers": 1445.6069030956394,
  "Edmonton Oilers": 1516.1997520388247,
  "Winnipeg Jets": 1529.5738930869259,
  "Dallas Stars": 1546.19981900924,
  "Anaheim Ducks": 1489.836348043744,
  "San Jose Sharks": 1421.4743513294193,
  "Vegas Golden Knights": 1455.6286070432157,
  "Calgary Flames": 1446.873122474291,
  "Vancouver Canucks": 1299.4323922005356,
  "Florida Panthers": 1399.9352210416728,
  "Nashville Predators": 1498.2360768813512,
  "Montr\u00e9al Canadiens": 1657.4599916740626,
  "New Jersey Devils": 1572.921355896637,
  "Philadelphia Flyers": 1627.9844629993636,
  "Seattle Kraken": 1414.4556655687284,
  "New York Islanders": 1515.4335050266272,
  "Detroit Red Wings": 1416.6340516291045,
  "Carolina Hurricanes": 1636.6801407983596,
  "Tampa Bay Lightning": 1604.7213403132514,
  "Chicago Blackhawks": 1320.4562967354484,
  "Team Kloss Team Kloss": 1483.4940194023939,
  "Team King Team King": 1516.5059805976061,
  "Team McDavid Team McDavid": 1500.0,
  "Team MacKinnon Team MacKinnon": 1486.5059805976061,
  "Team Matthews Team Matthews": 1526.9880388047877,
  "Team Hughes Team Hughes": 1486.5059805976061,
  "Utah Utah Hockey Club": 1508.3243492227573,
  "M\u00fcnchen EHC Red Bull M\u00fcnchen": 1486.5996867231736,
  "Sweden": 1486.2306923690662,
  "Canada": 1532.8949103374614,
  "Finland": 1483.4940194023939,
  "USA": 1497.3803778910785,
  "Utah Mammoth": 1449.1331385568978
}