{
  "Arizona Coyotes": 1480.2570043644942,
  "Los Angeles Kings": 1501.3531464570624,
  "St. Louis Blues": 1391.6461096184732,
  "Pittsburgh Penguins": 1571.8591284058168,
  "Columbus Blue Jackets": 1592.2811076902183,
  "Washington Capitals": 1563.9391848786497,
  "Buffalo Sabres": 1543.865492266484,
  "Ottawa Senators": 1522.6207375442277,
  "Toronto Maple Leafs": 1483.0141833537602,
  "Colorado Avalanche": 1533.0846610428464,
  "Minnesota Wild": 1339.200683550531,
  "Boston Bruins": 1465.035140568226,
  "New York Rangers": 1461.397756485543,
  "Edmonton Oilers": 1499.4477755802568,
  "Winnipeg Jets": 1595.9189502263569,
  "Dallas Stars": 1505.2808664949723,
  "Anaheim Ducks": 1525.0706324822213,
  "San Jose Sharks": 1362.5006139470047,
  "Vegas Golden Knights": 1537.9424941312438,
  "Calgary Flames": 1372.8486563849726,
  "Vancouver Canucks": 1569.845204734826,
  "Florida Panthers": 1532.8604826023814,
  "Nashville Predators": 1357.6237631296856,
  "Montr\u00e9al Canadiens": 1601.9218538727732,
  "New Jersey Devils": 1507.915743186327,
  "Philadelphia Flyers": 1419.4661287902481,
  "Seattle Kraken": 1441.5160715280122,
  "New York Islanders": 1488.5519079864282,
  "Detroit Red Wings": 1622.633475088567,
  "Carolina Hurricanes": 1563.5051730760918,
  "Tampa Bay Lightning": 1581.4738105246172,
  "Chicago Blackhawks": 1388.8866975301821,
  "Team Kloss Team Kloss": 1483.4940194023939,
  "Team King Team King": 1516.5059805976061,
  "Team McDavid Team McDavid": 1500.0,
  "Team MacKinnon Team MacKinnon": 1486.5059805976061,
  "Team Matthews Team Matthews": 1526.9880388047877,
  "Team Hughes Team Hughes": 1486.5059805976061,
  "Utah Utah Hockey Club": 1508.3243492227573,
  "M\u00fcnchen EHC Red Bull M\u00fcnchen": 1486.5996867231736,
  "Sweden": 1486.2306923690662,
  "Canada": 1532.8949103374614,
  "Finland": 1483.4940194023939,
  "USA": 1497.3803778910785,
  "Utah Mammoth": 1580.3113265305694
}