{
  "Arizona Coyotes": 1470.161850487337,
  "Los Angeles Kings": 1530.1281227699162,
  "St. Louis Blues": 1566.3572538475912,
  "Pittsburgh Penguins": 1480.4552504849191,
  "Columbus Blue Jackets": 1496.8948987542685,
  "Washington Capitals": 1630.4542955590189,
  "Buffalo Sabres": 1472.2715423924274,
  "Ottawa Senators": 1509.7480378741295,
  "Toronto Maple Leafs": 1532.4072406921266,
  "Colorado Avalanche": 1569.223286286306,
  "Minnesota Wild": 1494.4652700152305,
  "Boston Bruins": 1443.3167925673406,
  "New York Rangers": 1420.1010476120628,
  "Dallas Stars": 1623.4511807833933,
  "Edmonton Oilers": 1605.5881940848376,
  "Winnipeg Jets": 1600.202758055363,
  "Anaheim Ducks": 1468.2729781196922,
  "San Jose Sharks": 1277.531149748962,
  "Vegas Golden Knights": 1502.7569005016567,
  "Calgary Flames": 1490.2719362504656,
  "Vancouver Canucks": 1499.7180119055306,
  "Florida Panthers": 1611.8953802662256,
  "Nashville Predators": 1432.789145851712,
  "New Jersey Devils": 1482.5298302759263,
  "Philadelphia Flyers": 1424.4853991802518,
  "Montr\u00e9al Canadiens": 1512.886235481474,
  "Seattle Kraken": 1486.1847581947561,
  "New York Islanders": 1406.1223940682512,
  "Detroit Red Wings": 1552.524237405484,
  "Carolina Hurricanes": 1523.8492186684725,
  "Tampa Bay Lightning": 1548.6909222136705,
  "Chicago Blackhawks": 1353.0278478892503,
  "Utah Mammoth": 1481.2366317119513
}