{
  "Arizona Coyotes": 1480.2570043644942,
  "Los Angeles Kings": 1360.0620410741042,
  "St. Louis Blues": 1512.8379656272543,
  "Pittsburgh Penguins": 1472.0994911661192,
  "Columbus Blue Jackets": 1561.947117972397,
  "Washington Capitals": 1521.592230194768,
  "Buffalo Sabres": 1660.9066357831598,
  "Ottawa Senators": 1596.5621192472324,
  "Toronto Maple Leafs": 1479.794415592628,
  "Colorado Avalanche": 1606.4832724092141,
  "Minnesota Wild": 1453.367206494497,
  "Boston Bruins": 1532.323697458456,
  "New York Rangers": 1361.5352657672588,
  "Edmonton Oilers": 1560.9512288647252,
  "Winnipeg Jets": 1505.2299354324866,
  "Dallas Stars": 1544.7526540957435,
  "Anaheim Ducks": 1636.855889059456,
  "San Jose Sharks": 1407.569215029727,
  "Vegas Golden Knights": 1396.3909639299764,
  "Calgary Flames": 1450.11035849364,
  "Vancouver Canucks": 1233.4604991117778,
  "Florida Panthers": 1405.3853408447785,
  "Nashville Predators": 1485.2246556268838,
  "Montr\u00e9al Canadiens": 1618.226315924396,
  "New Jersey Devils": 1513.9669537377235,
  "Philadelphia Flyers": 1606.208594677393,
  "Seattle Kraken": 1446.9313474662547,
  "New York Islanders": 1600.152132140012,
  "Detroit Red Wings": 1453.7977887721129,
  "Carolina Hurricanes": 1643.030585205733,
  "Tampa Bay Lightning": 1609.4794401131837,
  "Chicago Blackhawks": 1353.3339826472945,
  "Team Kloss Team Kloss": 1483.4940194023939,
  "Team King Team King": 1516.5059805976061,
  "Team McDavid Team McDavid": 1500.0,
  "Team MacKinnon Team MacKinnon": 1486.5059805976061,
  "Team Matthews Team Matthews": 1526.9880388047877,
  "Team Hughes Team Hughes": 1486.5059805976061,
  "Utah Utah Hockey Club": 1508.3243492227573,
  "M\u00fcnchen EHC Red Bull M\u00fcnchen": 1486.5996867231736,
  "Sweden": 1486.2306923690662,
  "Canada": 1532.8949103374614,
  "Finland": 1483.4940194023939,
  "USA": 1497.3803778910785,
  "Utah Mammoth": 1434.249619729189
}