{
  "Arizona Coyotes": 1480.2570043644942,
  "Los Angeles Kings": 1421.6509417926445,
  "St. Louis Blues": 1399.0061203319083,
  "Pittsburgh Penguins": 1455.5568890024601,
  "Columbus Blue Jackets": 1562.350479967802,
  "Washington Capitals": 1590.4281015941283,
  "Buffalo Sabres": 1716.3659531196586,
  "Ottawa Senators": 1550.4012134553566,
  "Toronto Maple Leafs": 1401.409993687488,
  "Colorado Avalanche": 1503.8946466479933,
  "Minnesota Wild": 1574.793038005979,
  "Boston Bruins": 1539.6300300764462,
  "New York Rangers": 1379.9690864364684,
  "Edmonton Oilers": 1425.9597848904991,
  "Winnipeg Jets": 1397.9074196737824,
  "Dallas Stars": 1715.8427024146167,
  "Anaheim Ducks": 1553.5114868831035,
  "San Jose Sharks": 1448.9077598623978,
  "Vegas Golden Knights": 1439.6867541752272,
  "Calgary Flames": 1312.8511607620685,
  "Vancouver Canucks": 1246.0884394368163,
  "Florida Panthers": 1438.4139764934375,
  "Nashville Predators": 1493.5472217164793,
  "Montr\u00e9al Canadiens": 1652.3688636581446,
  "New Jersey Devils": 1474.6228639653393,
  "Philadelphia Flyers": 1577.506572451071,
  "Seattle Kraken": 1473.778141235432,
  "New York Islanders": 1649.7452391012434,
  "Detroit Red Wings": 1458.3680507256654,
  "Carolina Hurricanes": 1665.9635485823173,
  "Tampa Bay Lightning": 1721.9142333297252,
  "Chicago Blackhawks": 1354.1386513459786,
  "Team Kloss Team Kloss": 1483.4940194023939,
  "Team King Team King": 1516.5059805976061,
  "Team McDavid Team McDavid": 1500.0,
  "Team MacKinnon Team MacKinnon": 1486.5059805976061,
  "Team Matthews Team Matthews": 1526.9880388047877,
  "Team Hughes Team Hughes": 1486.5059805976061,
  "Utah Utah Hockey Club": 1508.3243492227573,
  "M\u00fcnchen EHC Red Bull M\u00fcnchen": 1486.5996867231736,
  "Sweden": 1486.2306923690662,
  "Canada": 1532.8949103374614,
  "Finland": 1483.4940194023939,
  "USA": 1497.3803778910785,
  "Utah Mammoth": 1428.2395948678973
}