{
  "Arizona Coyotes": 1480.2570043644942,
  "Los Angeles Kings": 1553.585368768351,
  "St. Louis Blues": 1419.2891614510445,
  "Pittsburgh Penguins": 1534.7337008051684,
  "Columbus Blue Jackets": 1561.186019501575,
  "Washington Capitals": 1548.994699724194,
  "Buffalo Sabres": 1476.4042942620197,
  "Ottawa Senators": 1533.625176317552,
  "Toronto Maple Leafs": 1461.8417016595126,
  "Colorado Avalanche": 1601.4187555831058,
  "Minnesota Wild": 1368.1422769423361,
  "Boston Bruins": 1513.6387561644372,
  "New York Rangers": 1484.0663629531257,
  "Edmonton Oilers": 1477.7171780273811,
  "Winnipeg Jets": 1541.581589542502,
  "Dallas Stars": 1556.6045052807278,
  "Anaheim Ducks": 1555.6679900048823,
  "San Jose Sharks": 1420.864897609452,
  "Vegas Golden Knights": 1489.0500531862344,
  "Calgary Flames": 1370.4115767601625,
  "Vancouver Canucks": 1534.53435383181,
  "Florida Panthers": 1548.0757154001346,
  "Nashville Predators": 1306.6230631132757,
  "Montr\u00e9al Canadiens": 1540.1405648781022,
  "New Jersey Devils": 1533.4177656691181,
  "Philadelphia Flyers": 1425.4064275572348,
  "Seattle Kraken": 1444.8421540180511,
  "New York Islanders": 1503.9454599417759,
  "Detroit Red Wings": 1574.0831744387524,
  "Carolina Hurricanes": 1585.2656067633689,
  "Tampa Bay Lightning": 1572.684762249438,
  "Chicago Blackhawks": 1427.400317179572,
  "Team Kloss Team Kloss": 1483.4940194023939,
  "Team King Team King": 1516.5059805976061,
  "Team McDavid Team McDavid": 1500.0,
  "Team MacKinnon Team MacKinnon": 1486.5059805976061,
  "Team Matthews Team Matthews": 1526.9880388047877,
  "Team Hughes Team Hughes": 1486.5059805976061,
  "Utah Utah Hockey Club": 1508.3243492227573,
  "M\u00fcnchen EHC Red Bull M\u00fcnchen": 1486.5996867231736,
  "Sweden": 1486.2306923690662,
  "Canada": 1532.8949103374614,
  "Finland": 1483.4940194023939,
  "USA": 1497.3803778910785,
  "Utah Mammoth": 1559.5755301051784
}