{
  "Arizona Coyotes": 1480.2570043644942,
  "Los Angeles Kings": 1366.5859456718847,
  "St. Louis Blues": 1496.840420634001,
  "Pittsburgh Penguins": 1496.2234798583222,
  "Columbus Blue Jackets": 1505.7581452150607,
  "Washington Capitals": 1524.7865248258138,
  "Buffalo Sabres": 1653.3856509573998,
  "Ottawa Senators": 1591.8729199005936,
  "Toronto Maple Leafs": 1486.448080934501,
  "Colorado Avalanche": 1586.3854432391333,
  "Minnesota Wild": 1459.541063361876,
  "Boston Bruins": 1557.1282582382835,
  "New York Rangers": 1403.7252184968017,
  "Edmonton Oilers": 1574.9868432457083,
  "Winnipeg Jets": 1501.2094396376815,
  "Dallas Stars": 1525.64258814308,
  "Anaheim Ducks": 1571.8916454938744,
  "San Jose Sharks": 1462.6840280768881,
  "Vegas Golden Knights": 1418.835097288271,
  "Calgary Flames": 1427.4562228028576,
  "Vancouver Canucks": 1247.5944737469672,
  "Florida Panthers": 1419.1891088911766,
  "Nashville Predators": 1481.3476448223723,
  "Montr\u00e9al Canadiens": 1673.7810769258153,
  "New Jersey Devils": 1523.7237952734235,
  "Philadelphia Flyers": 1602.0950932748333,
  "Seattle Kraken": 1421.3315625677542,
  "New York Islanders": 1552.730371850824,
  "Detroit Red Wings": 1464.843650884257,
  "Carolina Hurricanes": 1631.586612991689,
  "Tampa Bay Lightning": 1619.887110293321,
  "Chicago Blackhawks": 1324.4058414720353,
  "Team Kloss Team Kloss": 1483.4940194023939,
  "Team King Team King": 1516.5059805976061,
  "Team McDavid Team McDavid": 1500.0,
  "Team MacKinnon Team MacKinnon": 1486.5059805976061,
  "Team Matthews Team Matthews": 1526.9880388047877,
  "Team Hughes Team Hughes": 1486.5059805976061,
  "Utah Utah Hockey Club": 1508.3243492227573,
  "M\u00fcnchen EHC Red Bull M\u00fcnchen": 1486.5996867231736,
  "Sweden": 1486.2306923690662,
  "Canada": 1532.8949103374614,
  "Finland": 1483.4940194023939,
  "USA": 1497.3803778910785,
  "Utah Mammoth": 1450.915600673075
}