{
  "Arizona Coyotes": 1480.2570043644942,
  "Los Angeles Kings": 1513.622241684751,
  "St. Louis Blues": 1411.01061141778,
  "Pittsburgh Penguins": 1531.8986084162318,
  "Columbus Blue Jackets": 1511.6815142647529,
  "Washington Capitals": 1598.831148285892,
  "Buffalo Sabres": 1482.57670613125,
  "Ottawa Senators": 1502.2691226447596,
  "Toronto Maple Leafs": 1478.486228133815,
  "Colorado Avalanche": 1637.8661882413492,
  "Minnesota Wild": 1469.6609538944062,
  "Boston Bruins": 1518.5170303282764,
  "New York Rangers": 1516.961126899232,
  "Edmonton Oilers": 1491.5952156140027,
  "Winnipeg Jets": 1474.9673314727847,
  "Dallas Stars": 1605.7262015388715,
  "Anaheim Ducks": 1529.4517447350738,
  "San Jose Sharks": 1433.5995141548979,
  "Vegas Golden Knights": 1490.048116734819,
  "Calgary Flames": 1449.964862540899,
  "Vancouver Canucks": 1473.3056867709704,
  "Florida Panthers": 1490.745017873931,
  "Nashville Predators": 1375.7866791198478,
  "Montr\u00e9al Canadiens": 1527.7529521111505,
  "New Jersey Devils": 1467.4118205086568,
  "Philadelphia Flyers": 1508.9204455352453,
  "Seattle Kraken": 1429.470111174811,
  "New York Islanders": 1558.2660725869669,
  "Detroit Red Wings": 1526.158745245942,
  "Carolina Hurricanes": 1553.4031621962984,
  "Tampa Bay Lightning": 1584.899727851794,
  "Chicago Blackhawks": 1404.123931882781,
  "Team Kloss Team Kloss": 1483.4940194023939,
  "Team King Team King": 1516.5059805976061,
  "Team McDavid Team McDavid": 1500.0,
  "Team MacKinnon Team MacKinnon": 1486.5059805976061,
  "Team Matthews Team Matthews": 1526.9880388047877,
  "Team Hughes Team Hughes": 1486.5059805976061,
  "Utah Utah Hockey Club": 1508.3243492227573,
  "M\u00fcnchen EHC Red Bull M\u00fcnchen": 1486.5996867231736,
  "Sweden": 1486.2306923690662,
  "Canada": 1532.8949103374614,
  "Finland": 1483.4940194023939,
  "USA": 1497.3803778910785,
  "Utah Mammoth": 1475.8401396973363
}