{
  "ml_home": {
    "team:CBJ": -0.05,
    "div:Metropolitan": -0.05,
    "conf:East": -0.03243,
    "team:MTL": -0.041688,
    "div:Atlantic": 0.05,
    "team:CAR": 0.026194,
    "team:ANA": -0.037682,
    "div:Pacific": 0.04802,
    "conf:West": 0.05,
    "team:NYR": -0.04802,
    "team:DET": 0.042539,
    "team:BUF": 0.05,
    "team:NJD": 0.05,
    "team:TOR": -0.044293,
    "team:DAL": -0.04802,
    "div:Central": 0.04565,
    "team:WPG": 0.04565,
    "team:NSH": 0.04802,
    "team:CGY": -0.04706,
    "team:VGK": 0.041688,
    "team:EDM": 0.04802,
    "team:VAN": -0.031417,
    "team:WSH": 0.044293,
    "team:MIN": 0.031417,
    "team:TBL": -0.04802,
    "team:PIT": 0.044293,
    "team:NYI": 0.04802,
    "team:SJS": -0.041688,
    "team:PHI": 0.041688,
    "team:LAK": -0.041688,
    "team:STL": -0.04802,
    "team:COL": -0.04802,
    "team:SEA": 0.026194,
    "team:UTA": 0.044293,
    "team:CHI": 0.042539,
    "team:BOS": -0.04802,
    "team:FLA": -0.04802,
    "team:OTT": 0.026305
  },
  "goals": {
    "team:CBJ": -0.3,
    "div:Metropolitan": 0.2615,
    "conf:East": 0.2554,
    "team:BUF": 0.3,
    "div:Atlantic": 0.2578,
    "team:MTL": 0.177578,
    "team:PIT": 0.28812,
    "team:CAR": 0.28812,
    "team:TBL": -0.28812,
    "team:ANA": 0.28812,
    "div:Pacific": -0.2222,
    "conf:West": 0.237,
    "team:UTA": 0.28812,
    "div:Central": 0.3,
    "team:NYR": 0.28812,
    "team:BOS": 0.28812,
    "team:DET": -0.28812,
    "team:CHI": -0.184877,
    "team:NJD": 0.2129,
    "team:NYI": 0.28812,
    "team:TOR": -0.1379,
    "team:OTT": -0.276115,
    "team:PHI": -0.28812,
    "team:DAL": -0.28812,
    "team:MIN": -0.282358,
    "team:WPG": 0.3,
    "team:EDM": 0.28812,
    "team:NSH": -0.28812,
    "team:CGY": -0.1485,
    "team:SEA": -0.193232,
    "team:VGK": 0.250124,
    "team:LAK": -0.193232,
    "team:FLA": 0.165573,
    "team:VAN": -0.28812,
    "team:WSH": 0.3,
    "team:SJS": -0.3,
    "team:STL": -0.001152,
    "team:COL": 0.28812
  }
}