{
  "ml_home": {
    "team:CBJ": -0.041688,
    "div:Metropolitan": -0.046119,
    "conf:East": -0.05,
    "team:MTL": -0.05,
    "div:Atlantic": -0.05,
    "team:CAR": -0.044293,
    "team:ANA": -0.040854,
    "div:Pacific": 0.05,
    "conf:West": 0.05,
    "team:NYR": 0.042539,
    "team:DET": -0.037682,
    "team:BUF": -0.016999,
    "team:NJD": 0.046119,
    "team:TOR": 0.044293,
    "team:DAL": 0.046119,
    "div:Central": -0.05,
    "team:WPG": 0.05,
    "team:NSH": -0.035465,
    "team:CGY": 0.038451,
    "team:VGK": 0.046119,
    "team:EDM": 0.05,
    "team:VAN": -0.024213,
    "team:WSH": -0.046119,
    "team:MIN": -0.05,
    "team:TBL": -0.046119,
    "team:PIT": 0.040854,
    "team:NYI": -0.012351,
    "team:SJS": -0.038451,
    "team:PHI": -0.046119,
    "team:LAK": -0.038451,
    "team:STL": 0.038978,
    "team:COL": -0.042539,
    "team:SEA": 0.05,
    "team:UTA": -0.046119,
    "team:CHI": 0.041688,
    "team:BOS": -0.044293,
    "team:FLA": 0.044293,
    "team:OTT": 0.05
  },
  "goals": {
    "team:CBJ": -0.276711,
    "div:Metropolitan": -0.057833,
    "conf:East": 0.0164,
    "team:BUF": -0.157909,
    "div:Atlantic": 0.0164,
    "team:MTL": -0.1145,
    "team:PIT": 0.168333,
    "team:CAR": 0.026565,
    "team:TBL": -0.077848,
    "team:ANA": 0.3,
    "div:Pacific": 0.3,
    "conf:West": 0.3,
    "team:UTA": -0.233544,
    "div:Central": -0.3,
    "team:NYR": 0.276711,
    "team:BOS": -0.176818,
    "team:DET": -0.276711,
    "team:CHI": -0.276711,
    "team:NJD": 0.276711,
    "team:NYI": -0.205873,
    "team:TOR": 0.3,
    "team:OTT": 0.3,
    "team:PHI": -0.276711,
    "team:DAL": 0.191668,
    "team:MIN": -0.3,
    "team:WPG": -0.1484,
    "team:EDM": -0.147,
    "team:NSH": -0.3,
    "team:CGY": -0.102106,
    "team:SEA": 0.3,
    "team:VGK": 0.276711,
    "team:LAK": -0.001937,
    "team:FLA": -0.3,
    "team:VAN": -0.240646,
    "team:WSH": -0.276711,
    "team:SJS": 0.3,
    "team:STL": -0.3,
    "team:COL": -0.177279
  }
}