{
  "ml_home": {
    "team:CBJ": -0.02567,
    "div:Metropolitan": -0.043407,
    "conf:East": -0.05,
    "team:MTL": -0.05,
    "div:Atlantic": -0.05,
    "team:CAR": 0.038451,
    "team:ANA": -0.049,
    "div:Pacific": -0.049,
    "conf:West": -0.049,
    "team:NYR": 0.022285,
    "team:DET": -0.020717,
    "team:BUF": -0.049,
    "team:NJD": 0.025157,
    "team:TOR": -0.024161,
    "team:DAL": -0.03338,
    "div:Central": 0.022473,
    "team:WPG": -0.026194,
    "team:NSH": -0.026194,
    "team:CGY": 0.026194,
    "team:VGK": 0.04706,
    "team:EDM": 0.03338,
    "team:VAN": 0.02567,
    "team:WSH": 0.025157,
    "team:MIN": -0.041895,
    "team:TBL": -0.037682,
    "team:PIT": 0.032712,
    "team:NYI": -0.02567,
    "team:SJS": -0.024161,
    "team:PHI": -0.043407,
    "team:LAK": -0.032058,
    "team:STL": 0.024976,
    "team:COL": 0.04802,
    "team:SEA": 0.024161,
    "team:UTA": -0.035465,
    "team:CHI": -0.024161,
    "team:BOS": -0.035465,
    "team:FLA": 0.020555,
    "team:OTT": -0.030789
  },
  "goals": {
    "team:CBJ": -0.154023,
    "div:Metropolitan": -0.200797,
    "conf:East": 0.3,
    "team:BUF": 0.3,
    "div:Atlantic": 0.3,
    "team:MTL": 0.2119,
    "team:PIT": -0.204371,
    "team:CAR": 0.069885,
    "team:TBL": -0.226094,
    "team:ANA": -0.294,
    "div:Pacific": 0.13524,
    "conf:West": 0.13524,
    "team:UTA": -0.135266,
    "div:Central": 0.198611,
    "team:NYR": -0.144966,
    "team:BOS": -0.212798,
    "team:DET": 0.099251,
    "team:CHI": -0.128053,
    "team:NJD": -0.154023,
    "team:NYI": -0.154023,
    "team:TOR": -0.040107,
    "team:OTT": -0.184735,
    "team:PHI": -0.260438,
    "team:DAL": -0.208542,
    "team:MIN": -0.017287,
    "team:WPG": -0.157166,
    "team:EDM": -0.000904,
    "team:NSH": -0.025091,
    "team:CGY": -0.13715,
    "team:SEA": -0.157166,
    "team:VGK": 0.294,
    "team:LAK": -0.192352,
    "team:FLA": 0.144966,
    "team:VAN": -0.100272,
    "team:WSH": -0.062791,
    "team:SJS": 0.157166,
    "team:STL": 0.157166,
    "team:COL": 0.28812
  }
}