{
  "ml_home": {
    "team:CBJ": 0.044293,
    "div:Metropolitan": -0.05,
    "conf:East": -0.05,
    "team:MTL": -0.04706,
    "div:Atlantic": -0.05,
    "team:CAR": 0.049,
    "team:ANA": 0.04706,
    "div:Pacific": 0.05,
    "conf:West": 0.05,
    "team:NYR": -0.04706,
    "team:DET": -0.05,
    "team:BUF": -0.049,
    "team:NJD": 0.049,
    "team:TOR": 0.04802,
    "team:DAL": -0.049,
    "div:Central": -0.049,
    "team:WPG": 0.044293,
    "team:NSH": -0.049,
    "team:CGY": -0.05,
    "team:VGK": -0.049,
    "team:EDM": 0.023767,
    "team:VAN": -0.04802,
    "team:WSH": 0.013638,
    "team:MIN": 0.04706,
    "team:TBL": 0.042539,
    "team:PIT": 0.049,
    "team:NYI": -0.05,
    "team:SJS": 0.05,
    "team:PHI": -0.045197,
    "team:LAK": -0.049,
    "team:STL": 0.046119,
    "team:COL": 0.04706,
    "team:SEA": -0.04802,
    "team:UTA": -0.045197,
    "team:CHI": 0.034756,
    "team:BOS": 0.049,
    "team:FLA": 0.044293,
    "team:OTT": 0.042539
  },
  "goals": {
    "team:CBJ": -0.28812,
    "div:Metropolitan": 0.03,
    "conf:East": -0.1699,
    "team:BUF": -0.294,
    "div:Atlantic": -0.1748,
    "team:MTL": 0.216874,
    "team:PIT": 0.294,
    "team:CAR": 0.078106,
    "team:TBL": 0.294,
    "team:ANA": 0.294,
    "div:Pacific": -0.3,
    "conf:West": -0.3,
    "team:UTA": -0.224445,
    "div:Central": -0.17,
    "team:NYR": -0.0359,
    "team:BOS": 0.146118,
    "team:DET": -0.3,
    "team:CHI": 0.3,
    "team:NJD": -0.029988,
    "team:NYI": -0.3,
    "team:TOR": 0.28812,
    "team:OTT": -0.049098,
    "team:PHI": 0.11172,
    "team:DAL": 0.294,
    "team:MIN": 0.3,
    "team:WPG": -0.3,
    "team:EDM": -0.12452,
    "team:NSH": -0.294,
    "team:CGY": -0.3,
    "team:SEA": -0.28812,
    "team:VGK": -0.234906,
    "team:LAK": -0.294,
    "team:FLA": 0.294,
    "team:VAN": 0.021321,
    "team:WSH": 0.22148,
    "team:SJS": 0.0205,
    "team:STL": -0.239512,
    "team:COL": 0.008942
  }
}