{
  "ml_home": {
    "team:CBJ": -0.042539,
    "div:Metropolitan": 0.04802,
    "conf:East": 0.04095,
    "team:MTL": 0.04812,
    "div:Atlantic": 0.04095,
    "team:CAR": 0.046119,
    "team:ANA": 0.05,
    "div:Pacific": 0.05,
    "conf:West": 0.05,
    "team:NYR": 0.036928,
    "team:DET": -0.034328,
    "team:BUF": -0.04706,
    "team:NJD": 0.041688,
    "team:TOR": -0.040037,
    "team:DAL": 0.046119,
    "div:Central": 0.05,
    "team:WPG": -0.043407,
    "team:NSH": -0.043407,
    "team:CGY": 0.043407,
    "team:VGK": -0.04706,
    "team:EDM": -0.04802,
    "team:VAN": 0.042539,
    "team:WSH": 0.041688,
    "team:MIN": -0.04802,
    "team:TBL": 0.04706,
    "team:PIT": -0.046119,
    "team:NYI": -0.042539,
    "team:SJS": -0.040037,
    "team:PHI": 0.04802,
    "team:LAK": -0.020658,
    "team:STL": 0.041389,
    "team:COL": 0.04706,
    "team:SEA": 0.040037,
    "team:UTA": 0.05,
    "team:CHI": -0.040037,
    "team:BOS": -0.049,
    "team:FLA": 0.034061,
    "team:OTT": -0.049
  },
  "goals": {
    "team:CBJ": -0.255229,
    "div:Metropolitan": -0.268814,
    "conf:East": -0.3,
    "team:BUF": -0.017836,
    "div:Atlantic": -0.3,
    "team:MTL": -0.146,
    "team:PIT": -0.28812,
    "team:CAR": -0.294,
    "team:TBL": -0.3,
    "team:ANA": 0.3,
    "div:Pacific": 0.3,
    "conf:West": 0.3,
    "team:UTA": 0.0667,
    "div:Central": 0.2995,
    "team:NYR": -0.24022,
    "team:BOS": -0.294,
    "team:DET": 0.164471,
    "team:CHI": -0.212194,
    "team:NJD": -0.255229,
    "team:NYI": -0.255229,
    "team:TOR": -0.066461,
    "team:OTT": -0.294,
    "team:PHI": 0.28812,
    "team:DAL": 0.130518,
    "team:MIN": -0.016519,
    "team:WPG": -0.260438,
    "team:EDM": 0.3,
    "team:NSH": -0.041582,
    "team:CGY": -0.227275,
    "team:SEA": -0.260438,
    "team:VGK": -0.3,
    "team:LAK": -0.294,
    "team:FLA": 0.24022,
    "team:VAN": -0.16616,
    "team:WSH": -0.104049,
    "team:SJS": 0.260438,
    "team:STL": 0.260438,
    "team:COL": -0.053116
  }
}