{
  "ml_home": {
    "team:CBJ": 0.036189,
    "div:Metropolitan": 0.05,
    "conf:East": 0.05,
    "team:MTL": 0.046119,
    "div:Atlantic": 0.05,
    "team:CAR": 0.05,
    "team:ANA": 0.05,
    "div:Pacific": 0.05,
    "conf:West": 0.05,
    "team:NYR": -0.046119,
    "team:DET": -0.04802,
    "team:BUF": -0.04802,
    "team:NJD": 0.046119,
    "team:TOR": -0.041688,
    "team:DAL": 0.035465,
    "div:Central": -0.04802,
    "team:WPG": -0.036189,
    "team:NSH": -0.036189,
    "team:CGY": 0.04802,
    "team:VGK": -0.04802,
    "team:EDM": -0.04802,
    "team:VAN": -0.04802,
    "team:WSH": 0.04802,
    "team:MIN": 0.046119,
    "team:TBL": 0.05,
    "team:PIT": 0.04802,
    "team:NYI": -0.04802,
    "team:SJS": 0.035465,
    "team:PHI": -0.04802,
    "team:LAK": -0.026729,
    "team:STL": -0.04802,
    "team:COL": -0.035465,
    "team:SEA": 0.046119,
    "team:UTA": -0.04802,
    "team:CHI": -0.038451,
    "team:BOS": 0.046119,
    "team:FLA": -0.04802,
    "team:OTT": 0.04802
  },
  "goals": {
    "team:CBJ": 0.28812,
    "div:Metropolitan": 0.1032,
    "conf:East": 0.3,
    "team:BUF": -0.193713,
    "div:Atlantic": 0.3,
    "team:MTL": 0.28812,
    "team:PIT": 0.28812,
    "team:CAR": 0.0644,
    "team:TBL": 0.3,
    "team:ANA": 0.1487,
    "div:Pacific": -0.0429,
    "conf:West": -0.0155,
    "team:UTA": -0.193713,
    "div:Central": 0.28812,
    "team:NYR": 0.28812,
    "team:BOS": 0.3,
    "team:DET": -0.28812,
    "team:CHI": -0.276711,
    "team:NJD": -0.28812,
    "team:NYI": -0.205237,
    "team:TOR": -0.205237,
    "team:OTT": 0.28812,
    "team:PHI": -0.28812,
    "team:DAL": 0.148958,
    "team:MIN": 0.28812,
    "team:WPG": -0.28812,
    "team:EDM": 0.148958,
    "team:NSH": 0.137433,
    "team:CGY": -0.205237,
    "team:SEA": 0.148958,
    "team:VGK": -0.1549,
    "team:LAK": -0.3,
    "team:FLA": -0.28812,
    "team:VAN": -0.28812,
    "team:WSH": 0.28812,
    "team:SJS": -0.28812,
    "team:STL": 0.148958,
    "team:COL": 0.28812
  }
}