{
  "ml_home": {
    "team:CBJ": -0.038451,
    "div:Metropolitan": 0.015369,
    "conf:East": 0.05,
    "team:MTL": -0.044293,
    "div:Atlantic": 0.05,
    "team:CAR": 0.044293,
    "team:ANA": -0.036928,
    "div:Pacific": -0.05,
    "conf:West": -0.05,
    "team:NYR": -0.042539,
    "team:DET": 0.042539,
    "team:BUF": 0.044293,
    "team:NJD": -0.038451,
    "team:TOR": 0.044293,
    "team:DAL": -0.038451,
    "div:Central": -0.04026,
    "team:WPG": 0.05,
    "team:NSH": 0.05,
    "team:CGY": -0.037682,
    "team:VGK": 0.044293,
    "team:EDM": -0.044293,
    "team:VAN": -0.037682,
    "team:WSH": -0.040037,
    "team:MIN": -0.044293,
    "team:TBL": 0.039236,
    "team:PIT": -0.044293,
    "team:NYI": 0.039236,
    "team:SJS": -0.05,
    "team:PHI": -0.044293,
    "team:LAK": -0.040037,
    "team:STL": 0.037682,
    "team:COL": 0.044293,
    "team:SEA": -0.042539,
    "team:UTA": -0.05,
    "team:CHI": -0.043407,
    "team:BOS": 0.05,
    "team:FLA": 0.038451,
    "team:OTT": -0.044293
  },
  "goals": {
    "team:CBJ": -0.1139,
    "div:Metropolitan": -0.2512,
    "conf:East": -0.2512,
    "team:BUF": 0.265753,
    "div:Atlantic": -0.3,
    "team:MTL": -0.265753,
    "team:PIT": -0.3,
    "team:CAR": 0.191076,
    "team:TBL": 0.265753,
    "team:ANA": -0.217208,
    "div:Pacific": 0.3,
    "conf:West": 0.3,
    "team:UTA": -0.3,
    "div:Central": -0.204,
    "team:NYR": -0.265753,
    "team:BOS": -0.3,
    "team:DET": 0.265753,
    "team:CHI": -0.147493,
    "team:NJD": -0.1113,
    "team:NYI": -0.04004,
    "team:TOR": 0.137128,
    "team:OTT": -0.265753,
    "team:PHI": -0.265753,
    "team:DAL": 0.199492,
    "team:MIN": 0.055276,
    "team:WPG": 0.3,
    "team:EDM": 0.191076,
    "team:NSH": -0.1139,
    "team:CGY": -0.265753,
    "team:SEA": -0.265753,
    "team:VGK": 0.3,
    "team:LAK": -0.015856,
    "team:FLA": -0.217208,
    "team:VAN": -0.265753,
    "team:WSH": -0.3,
    "team:SJS": -0.3,
    "team:STL": -0.265753,
    "team:COL": 0.265753
  }
}