{
  "ml_home": {
    "team:CBJ": -0.042539,
    "div:Metropolitan": 0.017003,
    "conf:East": 0.05,
    "team:MTL": -0.049,
    "div:Atlantic": 0.04457,
    "team:CAR": 0.049,
    "team:ANA": -0.040854,
    "div:Pacific": -0.05,
    "conf:West": -0.05,
    "team:NYR": -0.04706,
    "team:DET": 0.04706,
    "team:BUF": 0.049,
    "team:NJD": -0.042539,
    "team:TOR": 0.049,
    "team:DAL": -0.042539,
    "div:Central": -0.05,
    "team:WPG": 0.05,
    "team:NSH": 0.05,
    "team:CGY": -0.041688,
    "team:VGK": 0.049,
    "team:EDM": -0.049,
    "team:VAN": -0.041688,
    "team:WSH": -0.044293,
    "team:MIN": -0.049,
    "team:TBL": 0.043407,
    "team:PIT": -0.049,
    "team:NYI": 0.043407,
    "team:SJS": -0.05,
    "team:PHI": -0.049,
    "team:LAK": -0.044293,
    "team:STL": 0.041688,
    "team:COL": 0.049,
    "team:SEA": -0.04706,
    "team:UTA": -0.05,
    "team:CHI": -0.04802,
    "team:BOS": 0.05,
    "team:FLA": 0.042539,
    "team:OTT": -0.049
  },
  "goals": {
    "team:CBJ": -0.25,
    "div:Metropolitan": -0.2548,
    "conf:East": -0.2548,
    "team:BUF": 0.294,
    "div:Atlantic": -0.1796,
    "team:MTL": -0.294,
    "team:PIT": -0.3,
    "team:CAR": 0.211386,
    "team:TBL": 0.294,
    "team:ANA": -0.240296,
    "div:Pacific": 0.3,
    "conf:West": 0.3,
    "team:UTA": -0.1592,
    "div:Central": -0.2587,
    "team:NYR": -0.294,
    "team:BOS": -0.1796,
    "team:DET": 0.294,
    "team:CHI": -0.16317,
    "team:NJD": -0.2407,
    "team:NYI": -0.044296,
    "team:TOR": 0.151704,
    "team:OTT": -0.294,
    "team:PHI": -0.294,
    "team:DAL": 0.220696,
    "team:MIN": 0.061152,
    "team:WPG": 0.3,
    "team:EDM": 0.211386,
    "team:NSH": -0.25,
    "team:CGY": -0.294,
    "team:SEA": -0.294,
    "team:VGK": 0.3,
    "team:LAK": -0.017542,
    "team:FLA": -0.240296,
    "team:VAN": -0.294,
    "team:WSH": -0.089,
    "team:SJS": 0.0204,
    "team:STL": -0.294,
    "team:COL": 0.294
  }
}