{
  "ml_home": {
    "team:CBJ": -0.045197,
    "div:Metropolitan": 0.05,
    "conf:East": 0.05,
    "team:MTL": 0.04749,
    "div:Atlantic": 0.04749,
    "team:CAR": 0.04706,
    "team:ANA": -0.05,
    "div:Pacific": -0.05,
    "conf:West": -0.05,
    "team:NYR": 0.049,
    "team:DET": 0.049,
    "team:BUF": 0.04802,
    "team:NJD": -0.05,
    "team:TOR": -0.038788,
    "team:DAL": 0.04706,
    "div:Central": 0.049,
    "team:WPG": -0.041688,
    "team:NSH": 0.049,
    "team:CGY": 0.040854,
    "team:VGK": 0.049,
    "team:EDM": -0.049,
    "team:VAN": -0.041688,
    "team:WSH": 0.045197,
    "team:MIN": -0.046119,
    "team:TBL": 0.044293,
    "team:PIT": -0.046119,
    "team:NYI": 0.049,
    "team:SJS": -0.02815,
    "team:PHI": 0.05,
    "team:LAK": -0.049,
    "team:STL": -0.039108,
    "team:COL": 0.049,
    "team:SEA": -0.046119,
    "team:UTA": -0.044293,
    "team:CHI": 0.04706,
    "team:BOS": 0.046119,
    "team:FLA": -0.049,
    "team:OTT": -0.035465
  },
  "goals": {
    "team:CBJ": 0.190063,
    "div:Metropolitan": 0.3,
    "conf:East": 0.3,
    "team:BUF": -0.0648,
    "div:Atlantic": -0.2587,
    "team:MTL": -0.1701,
    "team:PIT": 0.28812,
    "team:CAR": -0.281887,
    "team:TBL": -0.184926,
    "team:ANA": -0.3,
    "div:Pacific": -0.3,
    "conf:West": -0.1736,
    "team:UTA": 0.3,
    "div:Central": 0.3,
    "team:NYR": -0.147196,
    "team:BOS": -0.003136,
    "team:DET": 0.18865,
    "team:CHI": 0.158074,
    "team:NJD": -0.3,
    "team:NYI": -0.294,
    "team:TOR": 0.294,
    "team:OTT": 0.151802,
    "team:PHI": 0.2454,
    "team:DAL": -0.0011,
    "team:MIN": -0.294,
    "team:WPG": -0.3,
    "team:EDM": -0.294,
    "team:NSH": 0.294,
    "team:CGY": -0.294,
    "team:SEA": -0.276711,
    "team:VGK": 0.144452,
    "team:LAK": -0.294,
    "team:FLA": -0.294,
    "team:VAN": -0.294,
    "team:WSH": 0.3,
    "team:SJS": -0.1831,
    "team:STL": -0.28812,
    "team:COL": 0.207074
  }
}