{
  "ml_home": {
    "team:CBJ": 0.049,
    "div:Metropolitan": -0.05,
    "conf:East": -0.05,
    "team:MTL": 0.049,
    "div:Atlantic": 0.049,
    "team:CAR": 0.04706,
    "team:ANA": 0.05,
    "div:Pacific": -0.00569,
    "conf:West": -0.00569,
    "team:NYR": -0.03338,
    "team:DET": 0.035465,
    "team:BUF": 0.049,
    "team:NJD": 0.036928,
    "team:TOR": 0.038451,
    "team:DAL": 0.038451,
    "div:Central": -0.05,
    "team:WPG": 0.049,
    "team:NSH": 0.049,
    "team:CGY": 0.036928,
    "team:VGK": -0.04802,
    "team:EDM": 0.026293,
    "team:VAN": -0.038451,
    "team:WSH": -0.04802,
    "team:MIN": 0.049,
    "team:TBL": 0.04706,
    "team:PIT": 0.013444,
    "team:NYI": 0.05,
    "team:SJS": -0.00649,
    "team:PHI": -0.05,
    "team:LAK": -0.049,
    "team:STL": -0.04706,
    "team:COL": 0.038451,
    "team:SEA": -0.049,
    "team:UTA": -0.05,
    "team:CHI": 0.038451,
    "team:BOS": 0.049,
    "team:FLA": 0.049,
    "team:OTT": 0.04706
  },
  "goals": {
    "team:CBJ": -0.0483,
    "div:Metropolitan": -0.3,
    "conf:East": -0.2502,
    "team:BUF": 0.230006,
    "div:Atlantic": 0.2298,
    "team:MTL": 0.294,
    "team:PIT": 0.0196,
    "team:CAR": -0.1764,
    "team:TBL": -0.0361,
    "team:ANA": 0.3,
    "div:Pacific": -0.2504,
    "conf:West": -0.2504,
    "team:UTA": -0.102,
    "div:Central": -0.2313,
    "team:NYR": 0.2156,
    "team:BOS": 0.0196,
    "team:DET": 0.0084,
    "team:CHI": -0.130046,
    "team:NJD": -0.3,
    "team:NYI": -0.1993,
    "team:TOR": 0.294,
    "team:OTT": 0.2156,
    "team:PHI": -0.3,
    "team:DAL": -0.23618,
    "team:MIN": 0.15582,
    "team:WPG": 0.294,
    "team:EDM": 0.065954,
    "team:NSH": -0.04018,
    "team:CGY": -0.3,
    "team:SEA": -0.259602,
    "team:VGK": -0.018056,
    "team:LAK": -0.294,
    "team:FLA": 0.137102,
    "team:VAN": 0.0196,
    "team:WSH": -0.240786,
    "team:SJS": -0.0378,
    "team:STL": -0.23961,
    "team:COL": 0.024206
  }
}