{
  "ml_home": {
    "team:CBJ": -0.05,
    "div:Metropolitan": -0.05,
    "conf:East": -0.05,
    "team:MTL": 0.040037,
    "div:Atlantic": 0.05,
    "team:CAR": -0.049,
    "team:ANA": -0.04802,
    "div:Pacific": -0.049,
    "conf:West": 0.05,
    "team:NYR": 0.040037,
    "team:DET": -0.049,
    "team:BUF": 0.042539,
    "team:NJD": -0.05,
    "team:TOR": 0.04706,
    "team:DAL": -0.05,
    "div:Central": 0.05,
    "team:WPG": -0.044293,
    "team:NSH": 0.040037,
    "team:CGY": -0.049,
    "team:VGK": -0.046119,
    "team:EDM": -0.049,
    "team:VAN": -0.049,
    "team:WSH": -0.049,
    "team:MIN": -0.041688,
    "team:TBL": 0.043407,
    "team:PIT": 0.04706,
    "team:NYI": 0.039768,
    "team:SJS": -0.039749,
    "team:PHI": 0.040854,
    "team:LAK": 0.049,
    "team:STL": 0.049,
    "team:COL": 0.046119,
    "team:SEA": 0.04706,
    "team:UTA": -0.044293,
    "team:CHI": 0.05,
    "team:BOS": -0.041688,
    "team:FLA": 0.05,
    "team:OTT": 0.049
  },
  "goals": {
    "team:CBJ": 0.3,
    "div:Metropolitan": -0.1528,
    "conf:East": -0.2538,
    "team:BUF": -0.183946,
    "div:Atlantic": 0.0262,
    "team:MTL": -0.049,
    "team:PIT": 0.3,
    "team:CAR": 0.0994,
    "team:TBL": 0.294,
    "team:ANA": -0.23597,
    "div:Pacific": -0.2193,
    "conf:West": -0.3,
    "team:UTA": -0.179438,
    "div:Central": -0.203,
    "team:NYR": 0.193809,
    "team:BOS": 0.208054,
    "team:DET": -0.294,
    "team:CHI": -0.0241,
    "team:NJD": -0.3,
    "team:NYI": -0.043218,
    "team:TOR": 0.212562,
    "team:OTT": 0.222754,
    "team:PHI": 0.249214,
    "team:DAL": -0.1945,
    "team:MIN": 0.294,
    "team:WPG": -0.093394,
    "team:EDM": -0.294,
    "team:NSH": 0.048706,
    "team:CGY": 0.103978,
    "team:SEA": 0.272562,
    "team:VGK": -0.3,
    "team:LAK": 0.294,
    "team:FLA": -0.3,
    "team:VAN": -0.227262,
    "team:WSH": -0.040376,
    "team:SJS": 0.208054,
    "team:STL": -0.242746,
    "team:COL": -0.1786
  }
}