{
  "ml_home": {
    "team:CBJ": 0.04802,
    "div:Metropolitan": 0.04802,
    "conf:East": 0.05,
    "team:MTL": -0.036928,
    "div:Atlantic": 0.05,
    "team:CAR": -0.036928,
    "team:ANA": 0.034756,
    "div:Pacific": -0.05,
    "conf:West": -0.05,
    "team:NYR": -0.035465,
    "team:DET": 0.036189,
    "team:BUF": 0.007357,
    "team:NJD": 0.035465,
    "team:TOR": -0.05,
    "team:DAL": 0.04706,
    "div:Central": -0.05,
    "team:WPG": -0.04802,
    "team:NSH": -0.04802,
    "team:CGY": -0.05,
    "team:VGK": 0.02957,
    "team:EDM": 0.04802,
    "team:VAN": -0.05,
    "team:WSH": 0.034756,
    "team:MIN": -0.04802,
    "team:TBL": 0.026194,
    "team:PIT": -0.034756,
    "team:NYI": -0.04802,
    "team:SJS": 0.04706,
    "team:PHI": -0.034061,
    "team:LAK": -0.035465,
    "team:STL": -0.04802,
    "team:COL": -0.04706,
    "team:SEA": 0.05,
    "team:UTA": 0.034756,
    "team:CHI": -0.05,
    "team:BOS": 0.04802,
    "team:FLA": 0.02567,
    "team:OTT": 0.05
  },
  "goals": {
    "team:CBJ": 0.28812,
    "div:Metropolitan": -0.1825,
    "conf:East": 0.3,
    "team:BUF": 0.28812,
    "div:Atlantic": 0.3,
    "team:MTL": -0.12514,
    "team:PIT": 0.1174,
    "team:CAR": 0.040817,
    "team:TBL": 0.146749,
    "team:ANA": 0.3,
    "div:Pacific": -0.0167,
    "conf:West": -0.0167,
    "team:UTA": 0.28812,
    "div:Central": -0.3,
    "team:NYR": -0.282358,
    "team:BOS": 0.185069,
    "team:DET": 0.28812,
    "team:CHI": -0.3,
    "team:NJD": -0.2005,
    "team:NYI": -0.28812,
    "team:TOR": -0.3,
    "team:OTT": 0.3,
    "team:PHI": 0.282358,
    "team:DAL": -0.062496,
    "team:MIN": 0.027563,
    "team:WPG": -0.28812,
    "team:EDM": 0.28812,
    "team:NSH": -0.026315,
    "team:CGY": -0.2052,
    "team:SEA": 0.1516,
    "team:VGK": -0.3,
    "team:LAK": 0.202356,
    "team:FLA": 0.3,
    "team:VAN": -0.2005,
    "team:WSH": 0.28812,
    "team:SJS": -0.061177,
    "team:STL": -0.045331,
    "team:COL": 0.3
  }
}