{
  "ml_home": {
    "team:CBJ": -0.036928,
    "div:Metropolitan": 0.049,
    "conf:East": 0.017895,
    "team:MTL": -0.046119,
    "div:Atlantic": -0.049,
    "team:CAR": 0.040037,
    "team:ANA": 0.05,
    "div:Pacific": 0.05,
    "conf:West": 0.05,
    "team:NYR": 0.032058,
    "team:DET": -0.029801,
    "team:BUF": -0.04802,
    "team:NJD": 0.036189,
    "team:TOR": -0.034756,
    "team:DAL": -0.04802,
    "div:Central": 0.04986,
    "team:WPG": -0.037682,
    "team:NSH": -0.037682,
    "team:CGY": 0.037682,
    "team:VGK": 0.049,
    "team:EDM": 0.04802,
    "team:VAN": 0.036928,
    "team:WSH": 0.036189,
    "team:MIN": 0.05,
    "team:TBL": -0.049,
    "team:PIT": 0.04706,
    "team:NYI": -0.036928,
    "team:SJS": -0.034756,
    "team:PHI": 0.021668,
    "team:LAK": -0.046119,
    "team:STL": 0.035931,
    "team:COL": 0.040854,
    "team:SEA": 0.034756,
    "team:UTA": -0.04706,
    "team:CHI": -0.034756,
    "team:BOS": -0.046119,
    "team:FLA": 0.02957,
    "team:OTT": -0.044293
  },
  "goals": {
    "team:CBJ": -0.221572,
    "div:Metropolitan": -0.294,
    "conf:East": -0.294,
    "team:BUF": -0.185069,
    "div:Atlantic": -0.256368,
    "team:MTL": -0.24255,
    "team:PIT": -0.294,
    "team:CAR": -0.047304,
    "team:TBL": -0.294,
    "team:ANA": 0.2316,
    "div:Pacific": 0.0196,
    "conf:West": 0.0196,
    "team:UTA": 0.294,
    "div:Central": 0.0196,
    "team:NYR": -0.208542,
    "team:BOS": -0.28812,
    "team:DET": 0.142782,
    "team:CHI": -0.184212,
    "team:NJD": -0.221572,
    "team:NYI": -0.221572,
    "team:TOR": -0.057697,
    "team:OTT": -0.265753,
    "team:PHI": -0.294,
    "team:DAL": -0.3,
    "team:MIN": 0.3,
    "team:WPG": -0.226094,
    "team:EDM": -0.0013,
    "team:NSH": -0.036097,
    "team:CGY": -0.197302,
    "team:SEA": -0.226094,
    "team:VGK": 0.294,
    "team:LAK": -0.276711,
    "team:FLA": 0.208542,
    "team:VAN": -0.144247,
    "team:WSH": -0.090328,
    "team:SJS": 0.226094,
    "team:STL": 0.226094,
    "team:COL": 0.276711
  }
}