{
  "ml_home": {
    "team:CBJ": -0.04706,
    "div:Metropolitan": 0.05,
    "conf:East": 0.05,
    "team:MTL": 0.05,
    "div:Atlantic": 0.05,
    "team:CAR": 0.039236,
    "team:ANA": 0.05,
    "div:Pacific": 0.05,
    "conf:West": 0.05,
    "team:NYR": -0.05,
    "team:DET": 0.039236,
    "team:BUF": -0.04706,
    "team:NJD": 0.028399,
    "team:TOR": 0.05,
    "team:DAL": 0.05,
    "div:Central": 0.05,
    "team:WPG": 0.039236,
    "team:NSH": -0.039236,
    "team:CGY": -0.05,
    "team:VGK": -0.036928,
    "team:EDM": 0.039236,
    "team:VAN": -0.04706,
    "team:WSH": 0.05,
    "team:MIN": 0.04706,
    "team:TBL": -0.039236,
    "team:PIT": -0.039236,
    "team:NYI": -0.04706,
    "team:SJS": -0.05,
    "team:PHI": 0.04706,
    "team:LAK": 0.033229,
    "team:STL": 0.036189,
    "team:COL": -0.039236,
    "team:SEA": 0.039236,
    "team:UTA": 0.037682,
    "team:CHI": 0.04706,
    "team:BOS": -0.04706,
    "team:FLA": 0.039236,
    "team:OTT": -0.04706
  },
  "goals": {
    "team:CBJ": 0.024471,
    "div:Metropolitan": 0.2252,
    "conf:East": 0.1714,
    "team:BUF": -0.282358,
    "div:Atlantic": 0.0641,
    "team:MTL": 0.3,
    "team:PIT": -0.061,
    "team:CAR": 0.3,
    "team:TBL": -0.3,
    "team:ANA": 0.3,
    "div:Pacific": -0.0159,
    "conf:West": -0.0159,
    "team:UTA": -0.250545,
    "div:Central": 0.0641,
    "team:NYR": -0.3,
    "team:BOS": 0.125932,
    "team:DET": 0.212709,
    "team:CHI": -0.163956,
    "team:NJD": 0.212709,
    "team:NYI": -0.282358,
    "team:TOR": 0.3,
    "team:OTT": -0.282358,
    "team:PHI": 0.282358,
    "team:DAL": 0.3,
    "team:MIN": -0.2755,
    "team:WPG": 0.282358,
    "team:EDM": -0.3,
    "team:NSH": 0.3,
    "team:CGY": -0.3,
    "team:SEA": 0.3,
    "team:VGK": 0.3,
    "team:LAK": -0.148332,
    "team:FLA": 0.024471,
    "team:VAN": -0.282358,
    "team:WSH": -0.0821,
    "team:SJS": -0.3,
    "team:STL": 0.282358,
    "team:COL": 0.118402
  }
}