{
  "ml_home": {
    "team:CBJ": 0.042539,
    "div:Metropolitan": 0.035307,
    "conf:East": -0.05,
    "team:MTL": -0.042539,
    "div:Atlantic": -0.05,
    "team:CAR": -0.042539,
    "team:ANA": 0.040037,
    "div:Pacific": -0.05,
    "conf:West": -0.05,
    "team:NYR": -0.040854,
    "team:DET": 0.041688,
    "team:BUF": 0.008474,
    "team:NJD": 0.040854,
    "team:TOR": -0.05,
    "team:DAL": 0.05,
    "div:Central": -0.05,
    "team:WPG": -0.042173,
    "team:NSH": 0.042539,
    "team:CGY": -0.05,
    "team:VGK": 0.034061,
    "team:EDM": -0.042539,
    "team:VAN": -0.05,
    "team:WSH": 0.040037,
    "team:MIN": 0.042539,
    "team:TBL": 0.030173,
    "team:PIT": -0.040037,
    "team:NYI": 0.030173,
    "team:SJS": 0.05,
    "team:PHI": -0.039236,
    "team:LAK": -0.040854,
    "team:STL": 0.040037,
    "team:COL": -0.05,
    "team:SEA": -0.05,
    "team:UTA": 0.040037,
    "team:CHI": -0.05,
    "team:BOS": 0.042539,
    "team:FLA": 0.02957,
    "team:OTT": 0.033152
  },
  "goals": {
    "team:CBJ": -0.157136,
    "div:Metropolitan": -0.1713,
    "conf:East": -0.1713,
    "team:BUF": 0.255229,
    "div:Atlantic": -0.3,
    "team:MTL": -0.163516,
    "team:PIT": 0.255229,
    "team:CAR": -0.201205,
    "team:TBL": -0.3,
    "team:ANA": 0.3,
    "div:Pacific": 0.0387,
    "conf:West": -0.014,
    "team:UTA": 0.24022,
    "div:Central": -0.2513,
    "team:NYR": -0.3,
    "team:BOS": 0.006551,
    "team:DET": -0.036668,
    "team:CHI": -0.3,
    "team:NJD": 0.3,
    "team:NYI": 0.126916,
    "team:TOR": -0.0676,
    "team:OTT": 0.140546,
    "team:PHI": 0.3,
    "team:DAL": -0.0865,
    "team:MIN": 0.056235,
    "team:WPG": -0.157136,
    "team:EDM": 0.020928,
    "team:NSH": 0.255229,
    "team:CGY": -0.3,
    "team:SEA": -0.3,
    "team:VGK": 0.3,
    "team:LAK": -0.245122,
    "team:FLA": -0.167005,
    "team:VAN": 0.3,
    "team:WSH": -0.0762,
    "team:SJS": -0.0825,
    "team:STL": -0.3,
    "team:COL": -0.0177
  }
}