{
  "ml_home": {
    "team:CBJ": 0.042539,
    "div:Metropolitan": 0.05,
    "conf:East": 0.05,
    "team:MTL": 0.049,
    "div:Atlantic": -0.05,
    "team:CAR": 0.021219,
    "team:ANA": 0.045197,
    "div:Pacific": -0.049,
    "conf:West": -0.049,
    "team:NYR": 0.05,
    "team:DET": -0.04706,
    "team:BUF": -0.05,
    "team:NJD": 0.037682,
    "team:TOR": 0.0211,
    "team:DAL": -0.04706,
    "div:Central": -0.049,
    "team:WPG": -0.036044,
    "team:NSH": -0.049,
    "team:CGY": -0.018414,
    "team:VGK": -0.049,
    "team:EDM": -0.042539,
    "team:VAN": -0.049,
    "team:WSH": -0.045197,
    "team:MIN": 0.042539,
    "team:TBL": -0.049,
    "team:PIT": -0.04706,
    "team:NYI": 0.039602,
    "team:SJS": -0.042539,
    "team:PHI": -0.000265,
    "team:LAK": -0.042539,
    "team:STL": 0.049,
    "team:COL": -0.039236,
    "team:SEA": -0.026393,
    "team:UTA": -0.049,
    "team:CHI": -0.045197,
    "team:BOS": -0.04706,
    "team:FLA": -0.049,
    "team:OTT": -0.049
  },
  "goals": {
    "team:CBJ": -0.294,
    "div:Metropolitan": 0.3,
    "conf:East": 0.3,
    "team:BUF": -0.0677,
    "div:Atlantic": 0.1367,
    "team:MTL": 0.00637,
    "team:PIT": -0.05341,
    "team:CAR": -0.199815,
    "team:TBL": 0.20237,
    "team:ANA": 0.20237,
    "div:Pacific": -0.06272,
    "conf:West": -0.3,
    "team:UTA": 0.012642,
    "div:Central": -0.3,
    "team:NYR": 0.3,
    "team:BOS": 0.001729,
    "team:DET": 0.1508,
    "team:CHI": -0.3,
    "team:NJD": 0.294,
    "team:NYI": -0.294,
    "team:TOR": 0.277748,
    "team:OTT": 0.077126,
    "team:PHI": 0.200508,
    "team:DAL": -0.294,
    "team:MIN": -0.18424,
    "team:WPG": 0.00637,
    "team:EDM": 0.294,
    "team:NSH": 0.00637,
    "team:CGY": -0.11074,
    "team:SEA": 0.280476,
    "team:VGK": -0.24941,
    "team:LAK": -0.05341,
    "team:FLA": 0.00637,
    "team:VAN": -0.294,
    "team:WSH": 0.294,
    "team:SJS": -0.294,
    "team:STL": -0.294,
    "team:COL": 0.20237
  }
}