{
  "ml_home": {
    "team:CBJ": -0.04802,
    "div:Metropolitan": -0.05,
    "conf:East": -0.05,
    "team:MTL": 0.049,
    "div:Atlantic": -0.05,
    "team:CAR": 0.049,
    "team:ANA": 0.042539,
    "div:Pacific": -0.049,
    "conf:West": 0.02407,
    "team:NYR": -0.05,
    "team:DET": 0.038451,
    "team:BUF": 0.037682,
    "team:NJD": -0.049,
    "team:TOR": -0.04802,
    "team:DAL": 0.02565,
    "div:Central": 0.02407,
    "team:WPG": -0.05,
    "team:NSH": 0.046119,
    "team:CGY": -0.045169,
    "team:VGK": 0.038451,
    "team:EDM": 0.046119,
    "team:VAN": -0.046119,
    "team:WSH": -0.046119,
    "team:MIN": 0.049,
    "team:TBL": -0.05,
    "team:PIT": -0.049,
    "team:NYI": 0.04802,
    "team:SJS": -0.022089,
    "team:PHI": -0.04802,
    "team:LAK": -0.04802,
    "team:STL": -0.05,
    "team:COL": 0.04802,
    "team:SEA": -0.049,
    "team:UTA": 0.044932,
    "team:CHI": -0.032452,
    "team:BOS": 0.041688,
    "team:FLA": 0.042539,
    "team:OTT": -0.044293
  },
  "goals": {
    "team:CBJ": -0.28812,
    "div:Metropolitan": -0.3,
    "conf:East": -0.2247,
    "team:BUF": 0.069188,
    "div:Atlantic": 0.2277,
    "team:MTL": 0.294,
    "team:PIT": 0.294,
    "team:CAR": 0.148372,
    "team:TBL": -0.1987,
    "team:ANA": -0.0428,
    "div:Pacific": -0.3,
    "conf:West": -0.1723,
    "team:UTA": 0.294,
    "div:Central": 0.3,
    "team:NYR": -0.2883,
    "team:BOS": 0.012936,
    "team:DET": 0.049749,
    "team:CHI": -0.28812,
    "team:NJD": -0.17395,
    "team:NYI": 0.209079,
    "team:TOR": -0.233665,
    "team:OTT": 0.0013,
    "team:PHI": -0.26852,
    "team:DAL": -0.0428,
    "team:MIN": 0.294,
    "team:WPG": -0.0114,
    "team:EDM": -0.17395,
    "team:NSH": 0.3,
    "team:CGY": -0.046387,
    "team:SEA": -0.294,
    "team:VGK": 0.113039,
    "team:LAK": -0.3,
    "team:FLA": 0.3,
    "team:VAN": -0.294,
    "team:WSH": -0.28812,
    "team:SJS": 0.28812,
    "team:STL": -0.3,
    "team:COL": 0.28812
  }
}