{
  "ml_home": {
    "team:CBJ": -0.036189,
    "div:Metropolitan": 0.04802,
    "conf:East": -0.05,
    "team:MTL": -0.05,
    "div:Atlantic": -0.05,
    "team:CAR": 0.039236,
    "team:ANA": 0.049,
    "div:Pacific": 0.049,
    "conf:West": -0.05,
    "team:NYR": 0.031417,
    "team:DET": -0.029205,
    "team:BUF": -0.04706,
    "team:NJD": 0.035465,
    "team:TOR": -0.034061,
    "team:DAL": -0.04706,
    "div:Central": -0.05,
    "team:WPG": -0.036928,
    "team:NSH": -0.036928,
    "team:CGY": 0.036928,
    "team:VGK": 0.04802,
    "team:EDM": 0.04706,
    "team:VAN": 0.036189,
    "team:WSH": 0.035465,
    "team:MIN": 0.049,
    "team:TBL": -0.04802,
    "team:PIT": 0.046119,
    "team:NYI": -0.036189,
    "team:SJS": -0.034061,
    "team:PHI": 0.021235,
    "team:LAK": -0.045197,
    "team:STL": 0.035212,
    "team:COL": 0.040037,
    "team:SEA": 0.034061,
    "team:UTA": -0.05,
    "team:CHI": -0.034061,
    "team:BOS": -0.05,
    "team:FLA": 0.028979,
    "team:OTT": -0.043407
  },
  "goals": {
    "team:CBJ": -0.217141,
    "div:Metropolitan": -0.28812,
    "conf:East": -0.0612,
    "team:BUF": 0.0337,
    "div:Atlantic": -0.0612,
    "team:MTL": -0.3,
    "team:PIT": -0.28812,
    "team:CAR": -0.046358,
    "team:TBL": -0.3,
    "team:ANA": 0.226968,
    "div:Pacific": 0.3,
    "conf:West": 0.1388,
    "team:UTA": -0.1907,
    "div:Central": -0.3,
    "team:NYR": -0.204371,
    "team:BOS": -0.3,
    "team:DET": 0.139926,
    "team:CHI": -0.180528,
    "team:NJD": -0.217141,
    "team:NYI": -0.217141,
    "team:TOR": -0.056543,
    "team:OTT": -0.260438,
    "team:PHI": -0.28812,
    "team:DAL": -0.294,
    "team:MIN": 0.294,
    "team:WPG": -0.221572,
    "team:EDM": -0.001274,
    "team:NSH": -0.035375,
    "team:CGY": -0.193356,
    "team:SEA": -0.221572,
    "team:VGK": 0.3,
    "team:LAK": -0.271177,
    "team:FLA": 0.204371,
    "team:VAN": -0.141362,
    "team:WSH": -0.088521,
    "team:SJS": 0.221572,
    "team:STL": 0.221572,
    "team:COL": 0.271177
  }
}