{
  "ml_home": {
    "team:CBJ": 0.043407,
    "div:Metropolitan": 0.036028,
    "conf:East": -0.05,
    "team:MTL": -0.043407,
    "div:Atlantic": -0.05,
    "team:CAR": -0.043407,
    "team:ANA": 0.040854,
    "div:Pacific": -0.05,
    "conf:West": -0.05,
    "team:NYR": -0.041688,
    "team:DET": 0.042539,
    "team:BUF": 0.008647,
    "team:NJD": 0.041688,
    "team:TOR": -0.05,
    "team:DAL": 0.05,
    "div:Central": -0.05,
    "team:WPG": -0.043034,
    "team:NSH": 0.043407,
    "team:CGY": -0.05,
    "team:VGK": 0.034756,
    "team:EDM": -0.043407,
    "team:VAN": -0.05,
    "team:WSH": 0.040854,
    "team:MIN": 0.043407,
    "team:TBL": 0.030789,
    "team:PIT": -0.040854,
    "team:NYI": 0.030789,
    "team:SJS": 0.05,
    "team:PHI": -0.040037,
    "team:LAK": -0.041688,
    "team:STL": 0.040854,
    "team:COL": -0.05,
    "team:SEA": -0.05,
    "team:UTA": 0.040854,
    "team:CHI": -0.05,
    "team:BOS": 0.043407,
    "team:FLA": 0.030173,
    "team:OTT": 0.033829
  },
  "goals": {
    "team:CBJ": -0.160343,
    "div:Metropolitan": -0.1712,
    "conf:East": -0.1712,
    "team:BUF": 0.260438,
    "div:Atlantic": -0.3,
    "team:MTL": -0.166853,
    "team:PIT": 0.260438,
    "team:CAR": -0.205311,
    "team:TBL": -0.3,
    "team:ANA": 0.3,
    "div:Pacific": 0.0392,
    "conf:West": -0.0136,
    "team:UTA": 0.245122,
    "div:Central": -0.2512,
    "team:NYR": -0.3,
    "team:BOS": 0.006685,
    "team:DET": -0.037416,
    "team:CHI": -0.3,
    "team:NJD": 0.3,
    "team:NYI": 0.129506,
    "team:TOR": -0.0718,
    "team:OTT": 0.143414,
    "team:PHI": 0.3,
    "team:DAL": -0.0959,
    "team:MIN": 0.057383,
    "team:WPG": -0.160343,
    "team:EDM": 0.021355,
    "team:NSH": 0.260438,
    "team:CGY": -0.3,
    "team:SEA": -0.3,
    "team:VGK": 0.3,
    "team:LAK": -0.250124,
    "team:FLA": -0.170413,
    "team:VAN": 0.3,
    "team:WSH": -0.0827,
    "team:SJS": -0.0907,
    "team:STL": -0.3,
    "team:COL": -0.0081
  }
}