{
  "ml_home": {
    "team:CBJ": 0.04802,
    "div:Metropolitan": 0.04365,
    "conf:East": 0.04365,
    "team:MTL": 0.04802,
    "div:Atlantic": -0.04802,
    "team:CAR": 0.023953,
    "team:ANA": 0.05,
    "div:Pacific": 0.05,
    "conf:West": 0.05,
    "team:NYR": -0.05,
    "team:DET": -0.04802,
    "team:BUF": -0.01389,
    "team:NJD": 0.042539,
    "team:TOR": -0.046119,
    "team:DAL": -0.05,
    "div:Central": 0.0416,
    "team:WPG": -0.043407,
    "team:NSH": 0.04802,
    "team:CGY": 0.05,
    "team:VGK": -0.045197,
    "team:EDM": -0.04802,
    "team:VAN": -0.04802,
    "team:WSH": -0.05,
    "team:MIN": 0.04802,
    "team:TBL": -0.037682,
    "team:PIT": -0.05,
    "team:NYI": 0.05,
    "team:SJS": -0.04802,
    "team:PHI": -0.037682,
    "team:LAK": -0.04802,
    "team:STL": 0.031846,
    "team:COL": -0.044293,
    "team:SEA": -0.029795,
    "team:UTA": 0.05,
    "team:CHI": -0.05,
    "team:BOS": 0.044744,
    "team:FLA": 0.036189,
    "team:OTT": 0.04802
  },
  "goals": {
    "team:CBJ": -0.3,
    "div:Metropolitan": -0.3,
    "conf:East": 0.1668,
    "team:BUF": 0.3,
    "div:Atlantic": 0.3,
    "team:MTL": 0.28812,
    "team:PIT": -0.3,
    "team:CAR": 0.3,
    "team:TBL": 0.1433,
    "team:ANA": 0.3,
    "div:Pacific": 0.2171,
    "conf:West": 0.2171,
    "team:UTA": 0.2038,
    "div:Central": -0.0629,
    "team:NYR": -0.3,
    "team:BOS": 0.28812,
    "team:DET": -0.28812,
    "team:CHI": -0.3,
    "team:NJD": -0.179124,
    "team:NYI": -0.3,
    "team:TOR": -0.28812,
    "team:OTT": 0.28812,
    "team:PHI": 0.28812,
    "team:DAL": -0.3,
    "team:MIN": -0.28812,
    "team:WPG": 0.0415,
    "team:EDM": -0.28812,
    "team:NSH": 0.127,
    "team:CGY": 0.2831,
    "team:SEA": -0.28812,
    "team:VGK": -0.2255,
    "team:LAK": -0.2255,
    "team:FLA": -0.276711,
    "team:VAN": -0.28812,
    "team:WSH": -0.3,
    "team:SJS": -0.28812,
    "team:STL": -0.210136,
    "team:COL": -0.0737
  }
}