{
  "ml_home": {
    "team:CBJ": 0.040037,
    "div:Metropolitan": 0.033231,
    "conf:East": -0.05,
    "team:MTL": -0.040037,
    "div:Atlantic": -0.05,
    "team:CAR": -0.040037,
    "team:ANA": 0.037682,
    "div:Pacific": -0.05,
    "conf:West": -0.05,
    "team:NYR": -0.038451,
    "team:DET": 0.039236,
    "team:BUF": 0.007976,
    "team:NJD": 0.038451,
    "team:TOR": -0.05,
    "team:DAL": 0.05,
    "div:Central": -0.05,
    "team:WPG": -0.039693,
    "team:NSH": 0.040037,
    "team:CGY": -0.05,
    "team:VGK": 0.032058,
    "team:EDM": -0.040037,
    "team:VAN": -0.05,
    "team:WSH": 0.037682,
    "team:MIN": 0.040037,
    "team:TBL": 0.028399,
    "team:PIT": -0.037682,
    "team:NYI": 0.028399,
    "team:SJS": 0.05,
    "team:PHI": -0.036928,
    "team:LAK": -0.038451,
    "team:STL": 0.037682,
    "team:COL": -0.05,
    "team:SEA": -0.05,
    "team:UTA": 0.037682,
    "team:CHI": -0.05,
    "team:BOS": 0.040037,
    "team:FLA": 0.027831,
    "team:OTT": 0.031202
  },
  "goals": {
    "team:CBJ": -0.147895,
    "div:Metropolitan": -0.1718,
    "conf:East": -0.1718,
    "team:BUF": 0.24022,
    "div:Atlantic": -0.3,
    "team:MTL": -0.1539,
    "team:PIT": 0.24022,
    "team:CAR": -0.189372,
    "team:TBL": -0.3,
    "team:ANA": 0.3,
    "div:Pacific": 0.0374,
    "conf:West": -0.0152,
    "team:UTA": 0.226094,
    "div:Central": -0.2518,
    "team:NYR": -0.3,
    "team:BOS": 0.006166,
    "team:DET": -0.034512,
    "team:CHI": -0.3,
    "team:NJD": 0.3,
    "team:NYI": 0.119452,
    "team:TOR": -0.0605,
    "team:OTT": 0.13228,
    "team:PHI": 0.3,
    "team:DAL": -0.0696,
    "team:MIN": 0.052928,
    "team:WPG": -0.147895,
    "team:EDM": 0.019697,
    "team:NSH": 0.24022,
    "team:CGY": -0.3,
    "team:SEA": -0.3,
    "team:VGK": 0.3,
    "team:LAK": -0.230708,
    "team:FLA": -0.157184,
    "team:VAN": 0.3,
    "team:WSH": -0.0646,
    "team:SJS": -0.0677,
    "team:STL": -0.3,
    "team:COL": -0.0364
  }
}