{
  "ml_home": {
    "team:CBJ": 0.044293,
    "div:Metropolitan": 0.05,
    "conf:East": 0.05,
    "team:MTL": -0.044293,
    "div:Atlantic": 0.05,
    "team:CAR": 0.027831,
    "team:ANA": -0.040037,
    "div:Pacific": -0.05,
    "conf:West": -0.05,
    "team:NYR": -0.035465,
    "team:DET": 0.045197,
    "team:BUF": 0.05,
    "team:NJD": 0.05,
    "team:TOR": -0.04706,
    "team:DAL": -0.04706,
    "div:Central": 0.04706,
    "team:WPG": 0.044293,
    "team:NSH": -0.04706,
    "team:CGY": -0.05,
    "team:VGK": 0.044293,
    "team:EDM": 0.027831,
    "team:VAN": -0.03338,
    "team:WSH": 0.04706,
    "team:MIN": 0.03338,
    "team:TBL": -0.027831,
    "team:PIT": 0.04706,
    "team:NYI": 0.04706,
    "team:SJS": -0.044293,
    "team:PHI": 0.044293,
    "team:LAK": -0.044293,
    "team:STL": -0.04706,
    "team:COL": 0.012038,
    "team:SEA": 0.027831,
    "team:UTA": 0.04706,
    "team:CHI": 0.045197,
    "team:BOS": -0.04706,
    "team:FLA": 0.027831,
    "team:OTT": -0.04706
  },
  "goals": {
    "team:CBJ": 0.282358,
    "div:Metropolitan": 0.3,
    "conf:East": -0.1338,
    "team:BUF": 0.3,
    "div:Atlantic": -0.3,
    "team:MTL": -0.3,
    "team:PIT": 0.282358,
    "team:CAR": 0.265753,
    "team:TBL": -0.265753,
    "team:ANA": 0.282358,
    "div:Pacific": -0.3,
    "conf:West": -0.3,
    "team:UTA": 0.282358,
    "div:Central": -0.3,
    "team:NYR": -0.00062,
    "team:BOS": -0.145132,
    "team:DET": -0.3,
    "team:CHI": -0.271177,
    "team:NJD": 0.3,
    "team:NYI": 0.282358,
    "team:TOR": -0.282358,
    "team:OTT": -0.13732,
    "team:PHI": -0.265753,
    "team:DAL": -0.282358,
    "team:MIN": -0.3,
    "team:WPG": 0.265753,
    "team:EDM": -0.145132,
    "team:NSH": -0.282358,
    "team:CGY": -0.3,
    "team:SEA": -0.282358,
    "team:VGK": 0.265753,
    "team:LAK": -0.282358,
    "team:FLA": 0.194168,
    "team:VAN": -0.282358,
    "team:WSH": 0.282358,
    "team:SJS": -0.141649,
    "team:STL": -0.282358,
    "team:COL": 0.198497
  }
}