{
  "ml_home": {
    "team:CBJ": 0.039236,
    "div:Metropolitan": 0.032566,
    "conf:East": -0.05,
    "team:MTL": -0.039236,
    "div:Atlantic": -0.05,
    "team:CAR": -0.039236,
    "team:ANA": 0.036928,
    "div:Pacific": -0.04968,
    "conf:West": -0.04968,
    "team:NYR": -0.037682,
    "team:DET": 0.038451,
    "team:BUF": 0.007816,
    "team:NJD": 0.037682,
    "team:TOR": -0.05,
    "team:DAL": 0.05,
    "div:Central": -0.05,
    "team:WPG": -0.038899,
    "team:NSH": 0.039236,
    "team:CGY": -0.05,
    "team:VGK": 0.031417,
    "team:EDM": -0.039236,
    "team:VAN": -0.05,
    "team:WSH": 0.036928,
    "team:MIN": 0.039236,
    "team:TBL": 0.027831,
    "team:PIT": -0.036928,
    "team:NYI": 0.027831,
    "team:SJS": 0.05,
    "team:PHI": -0.036189,
    "team:LAK": -0.037682,
    "team:STL": 0.036928,
    "team:COL": -0.05,
    "team:SEA": -0.05,
    "team:UTA": 0.036928,
    "team:CHI": -0.05,
    "team:BOS": 0.039236,
    "team:FLA": 0.027274,
    "team:OTT": 0.030578
  },
  "goals": {
    "team:CBJ": -0.144937,
    "div:Metropolitan": -0.1719,
    "conf:East": -0.1719,
    "team:BUF": 0.235416,
    "div:Atlantic": -0.3,
    "team:MTL": -0.150822,
    "team:PIT": 0.235416,
    "team:CAR": -0.185585,
    "team:TBL": -0.3,
    "team:ANA": 0.3,
    "div:Pacific": 0.0369,
    "conf:West": -0.0156,
    "team:UTA": 0.221572,
    "div:Central": -0.2519,
    "team:NYR": -0.3,
    "team:BOS": 0.006043,
    "team:DET": -0.033822,
    "team:CHI": -0.3,
    "team:NJD": 0.3,
    "team:NYI": 0.117063,
    "team:TOR": -0.0593,
    "team:OTT": 0.129634,
    "team:PHI": 0.3,
    "team:DAL": -0.0664,
    "team:MIN": 0.051869,
    "team:WPG": -0.144937,
    "team:EDM": 0.019303,
    "team:NSH": 0.235416,
    "team:CGY": -0.3,
    "team:SEA": -0.3,
    "team:VGK": 0.3,
    "team:LAK": -0.226094,
    "team:FLA": -0.15404,
    "team:VAN": 0.3,
    "team:WSH": -0.0625,
    "team:SJS": -0.065,
    "team:STL": -0.3,
    "team:COL": -0.0404
  }
}