{
  "ml_home": {
    "team:CBJ": -0.04802,
    "div:Metropolitan": 0.0448,
    "conf:East": 0.05,
    "team:MTL": -0.040037,
    "div:Atlantic": 0.05,
    "team:CAR": 0.025157,
    "team:ANA": -0.036189,
    "div:Pacific": 0.05,
    "conf:West": 0.05,
    "team:NYR": -0.046119,
    "team:DET": 0.049,
    "team:BUF": 0.04802,
    "team:NJD": 0.05,
    "team:TOR": 0.049,
    "team:DAL": 0.049,
    "div:Central": -0.05,
    "team:WPG": -0.05,
    "team:NSH": -0.03876,
    "team:CGY": 0.05,
    "team:VGK": 0.040037,
    "team:EDM": 0.046119,
    "team:VAN": 0.05,
    "team:WSH": -0.049,
    "team:MIN": -0.05,
    "team:TBL": 0.05,
    "team:PIT": -0.049,
    "team:NYI": 0.046119,
    "team:SJS": -0.040037,
    "team:PHI": 0.049,
    "team:LAK": -0.040037,
    "team:STL": -0.046119,
    "team:COL": -0.046119,
    "team:SEA": 0.049,
    "team:UTA": 0.042539,
    "team:CHI": -0.04746,
    "team:BOS": 0.049,
    "team:FLA": 0.049,
    "team:OTT": 0.025263
  },
  "goals": {
    "team:CBJ": 0.178262,
    "div:Metropolitan": -0.3,
    "conf:East": -0.3,
    "team:BUF": 0.247254,
    "div:Atlantic": 0.0512,
    "team:MTL": 0.294,
    "team:PIT": 0.294,
    "team:CAR": 0.04214,
    "team:TBL": -0.1909,
    "team:ANA": 0.23814,
    "div:Pacific": 0.256,
    "conf:West": 0.256,
    "team:UTA": 0.2512,
    "div:Central": -0.224,
    "team:NYR": -0.1627,
    "team:BOS": 0.23814,
    "team:DET": 0.294,
    "team:CHI": -0.3,
    "team:NJD": 0.3,
    "team:NYI": 0.23814,
    "team:TOR": 0.10682,
    "team:OTT": 0.294,
    "team:PHI": -0.008624,
    "team:DAL": -0.1477,
    "team:MIN": 0.1808,
    "team:WPG": 0.0465,
    "team:EDM": 0.0497,
    "team:NSH": -0.0341,
    "team:CGY": 0.3,
    "team:SEA": -0.131712,
    "team:VGK": -0.3,
    "team:LAK": 0.0674,
    "team:FLA": 0.143962,
    "team:VAN": 0.0523,
    "team:WSH": -0.144746,
    "team:SJS": 0.3,
    "team:STL": 0.211876,
    "team:COL": 0.0497
  }
}