{
  "ml_home": {
    "team:CBJ": -0.026194,
    "div:Metropolitan": -0.044293,
    "conf:East": -0.05,
    "team:MTL": -0.04802,
    "div:Atlantic": -0.05,
    "team:CAR": 0.039236,
    "team:ANA": -0.05,
    "div:Pacific": -0.05,
    "conf:West": -0.05,
    "team:NYR": 0.02274,
    "team:DET": -0.02114,
    "team:BUF": -0.05,
    "team:NJD": 0.02567,
    "team:TOR": -0.024654,
    "team:DAL": -0.034061,
    "div:Central": 0.022932,
    "team:WPG": -0.026729,
    "team:NSH": -0.026729,
    "team:CGY": 0.026729,
    "team:VGK": 0.04802,
    "team:EDM": 0.034061,
    "team:VAN": 0.026194,
    "team:WSH": 0.02567,
    "team:MIN": -0.04275,
    "team:TBL": -0.038451,
    "team:PIT": 0.03338,
    "team:NYI": -0.026194,
    "team:SJS": -0.024654,
    "team:PHI": -0.044293,
    "team:LAK": -0.032712,
    "team:STL": 0.025486,
    "team:COL": 0.049,
    "team:SEA": 0.024654,
    "team:UTA": -0.036189,
    "team:CHI": -0.024654,
    "team:BOS": -0.036189,
    "team:FLA": 0.020974,
    "team:OTT": -0.031417
  },
  "goals": {
    "team:CBJ": -0.157166,
    "div:Metropolitan": -0.204895,
    "conf:East": 0.3,
    "team:BUF": -0.2163,
    "div:Atlantic": 0.3,
    "team:MTL": 0.3,
    "team:PIT": -0.208542,
    "team:CAR": 0.071311,
    "team:TBL": -0.230708,
    "team:ANA": -0.3,
    "div:Pacific": 0.138,
    "conf:West": 0.138,
    "team:UTA": -0.138027,
    "div:Central": 0.202664,
    "team:NYR": -0.147924,
    "team:BOS": -0.217141,
    "team:DET": 0.101277,
    "team:CHI": -0.130666,
    "team:NJD": -0.157166,
    "team:NYI": -0.157166,
    "team:TOR": -0.040926,
    "team:OTT": -0.188505,
    "team:PHI": -0.265753,
    "team:DAL": -0.212798,
    "team:MIN": -0.01764,
    "team:WPG": -0.160373,
    "team:EDM": -0.000922,
    "team:NSH": -0.025603,
    "team:CGY": -0.139949,
    "team:SEA": -0.160373,
    "team:VGK": 0.3,
    "team:LAK": -0.196278,
    "team:FLA": 0.147924,
    "team:VAN": -0.102318,
    "team:WSH": -0.064072,
    "team:SJS": 0.160373,
    "team:STL": 0.160373,
    "team:COL": 0.294
  }
}