{
  "ml_home": {
    "team:CBJ": 0.04706,
    "div:Metropolitan": 0.05,
    "conf:East": 0.05,
    "team:MTL": -0.030789,
    "div:Atlantic": 0.05,
    "team:CAR": 0.05,
    "team:ANA": -0.027831,
    "div:Pacific": -0.04381,
    "conf:West": -0.04381,
    "team:NYR": -0.035465,
    "team:DET": 0.037682,
    "team:BUF": -0.040854,
    "team:NJD": 0.039236,
    "team:TOR": 0.040854,
    "team:DAL": 0.040854,
    "div:Central": 0.00712,
    "team:WPG": 0.05,
    "team:NSH": -0.040854,
    "team:CGY": 0.039236,
    "team:VGK": 0.030789,
    "team:EDM": -0.05,
    "team:VAN": -0.040854,
    "team:WSH": -0.037682,
    "team:MIN": -0.05,
    "team:TBL": 0.05,
    "team:PIT": 0.014284,
    "team:NYI": 0.035465,
    "team:SJS": 0.05,
    "team:PHI": 0.05,
    "team:LAK": -0.05,
    "team:STL": -0.05,
    "team:COL": 0.040854,
    "team:SEA": -0.034546,
    "team:UTA": 0.032712,
    "team:CHI": 0.040854,
    "team:BOS": 0.05,
    "team:FLA": -0.040854,
    "team:OTT": 0.05
  },
  "goals": {
    "team:CBJ": 0.282358,
    "div:Metropolitan": 0.0295,
    "conf:East": 0.2131,
    "team:BUF": 0.0588,
    "div:Atlantic": 0.2131,
    "team:MTL": 0.245122,
    "team:PIT": 0.3,
    "team:CAR": 0.3,
    "team:TBL": -0.3,
    "team:ANA": 0.156716,
    "div:Pacific": 0.2295,
    "conf:West": 0.2295,
    "team:UTA": 0.143803,
    "div:Central": 0.2295,
    "team:NYR": 0.3,
    "team:BOS": 0.3,
    "team:DET": 0.3,
    "team:CHI": 0.1012,
    "team:NJD": -0.3,
    "team:NYI": -0.3,
    "team:TOR": 0.04866,
    "team:OTT": 0.3,
    "team:PHI": 0.3,
    "team:DAL": -0.3,
    "team:MIN": -0.3,
    "team:WPG": 0.3,
    "team:EDM": 0.1012,
    "team:NSH": -0.3,
    "team:CGY": 0.0774,
    "team:SEA": -0.070842,
    "team:VGK": 0.245122,
    "team:LAK": 0.0867,
    "team:FLA": -0.064632,
    "team:VAN": 0.3,
    "team:WSH": -0.245122,
    "team:SJS": 0.3,
    "team:STL": -0.0442,
    "team:COL": 0.245122
  }
}