{
  "ml_home": {
    "team:CBJ": 0.049,
    "div:Metropolitan": -0.05,
    "conf:East": 0.02812,
    "team:MTL": -0.049,
    "div:Atlantic": 0.02892,
    "team:CAR": 0.030789,
    "team:ANA": -0.044293,
    "div:Pacific": -0.026029,
    "conf:West": 0.05,
    "team:NYR": -0.039236,
    "team:DET": 0.05,
    "team:BUF": 0.049,
    "team:NJD": 0.049,
    "team:TOR": -0.049,
    "team:DAL": -0.044293,
    "div:Central": 0.05,
    "team:WPG": 0.049,
    "team:NSH": -0.030789,
    "team:CGY": -0.039236,
    "team:VGK": 0.049,
    "team:EDM": 0.030789,
    "team:VAN": -0.036928,
    "team:WSH": -0.05,
    "team:MIN": 0.036928,
    "team:TBL": -0.030789,
    "team:PIT": -0.030789,
    "team:NYI": 0.044293,
    "team:SJS": -0.049,
    "team:PHI": 0.049,
    "team:LAK": -0.049,
    "team:STL": 0.049,
    "team:COL": 0.013318,
    "team:SEA": 0.030789,
    "team:UTA": 0.05,
    "team:CHI": 0.05,
    "team:BOS": -0.036928,
    "team:FLA": 0.030789,
    "team:OTT": -0.049
  },
  "goals": {
    "team:CBJ": -0.196686,
    "div:Metropolitan": 0.1955,
    "conf:East": -0.0013,
    "team:BUF": 0.215992,
    "div:Atlantic": -0.1986,
    "team:MTL": 0.140042,
    "team:PIT": 0.228438,
    "team:CAR": 0.294,
    "team:TBL": -0.294,
    "team:ANA": -0.3,
    "div:Pacific": -0.3,
    "conf:West": -0.2236,
    "team:UTA": 0.2469,
    "div:Central": -0.1453,
    "team:NYR": -0.000686,
    "team:BOS": -0.3,
    "team:DET": -0.0141,
    "team:CHI": -0.3,
    "team:NJD": 0.294,
    "team:NYI": 0.294,
    "team:TOR": -0.196686,
    "team:OTT": 0.294,
    "team:PHI": -0.294,
    "team:DAL": -0.251958,
    "team:MIN": -0.294,
    "team:WPG": 0.294,
    "team:EDM": -0.3,
    "team:NSH": -0.294,
    "team:CGY": -0.294,
    "team:SEA": 0.294,
    "team:VGK": 0.294,
    "team:LAK": -0.196686,
    "team:FLA": -0.294,
    "team:VAN": 0.3,
    "team:WSH": 0.2469,
    "team:SJS": -0.294,
    "team:STL": 0.13965,
    "team:COL": 0.294
  }
}