{
  "ml_home": {
    "team:CBJ": -0.04802,
    "div:Metropolitan": 0.05,
    "conf:East": 0.04666,
    "team:MTL": 0.049,
    "div:Atlantic": -0.04897,
    "team:CAR": 0.049,
    "team:ANA": -0.04706,
    "div:Pacific": -0.049,
    "conf:West": -0.049,
    "team:NYR": 0.049,
    "team:DET": -0.043407,
    "team:BUF": 0.049,
    "team:NJD": -0.04706,
    "team:TOR": -0.044293,
    "team:DAL": 0.037573,
    "div:Central": -0.049,
    "team:WPG": -0.041964,
    "team:NSH": -0.040854,
    "team:CGY": 0.044293,
    "team:VGK": -0.04706,
    "team:EDM": -0.014455,
    "team:VAN": -0.04802,
    "team:WSH": 0.002209,
    "team:MIN": 0.049,
    "team:TBL": -0.049,
    "team:PIT": 0.04706,
    "team:NYI": 0.040037,
    "team:SJS": -0.044293,
    "team:PHI": 0.04742,
    "team:LAK": -0.044293,
    "team:STL": -0.049,
    "team:COL": -0.049,
    "team:SEA": -0.049,
    "team:UTA": -0.040037,
    "team:CHI": 0.04802,
    "team:BOS": 0.049,
    "team:FLA": 0.049,
    "team:OTT": -0.05
  },
  "goals": {
    "team:CBJ": 0.294,
    "div:Metropolitan": -0.1851,
    "conf:East": -0.296,
    "team:BUF": 0.294,
    "div:Atlantic": -0.2539,
    "team:MTL": 0.1251,
    "team:PIT": 0.294,
    "team:CAR": 0.294,
    "team:TBL": 0.0049,
    "team:ANA": -0.05488,
    "div:Pacific": -0.125244,
    "conf:West": 0.06468,
    "team:UTA": -0.294,
    "div:Central": -0.037142,
    "team:NYR": 0.294,
    "team:BOS": 0.0049,
    "team:DET": -0.174048,
    "team:CHI": -0.074431,
    "team:NJD": -0.282358,
    "team:NYI": -0.041552,
    "team:TOR": -0.294,
    "team:OTT": -0.2277,
    "team:PHI": 0.0507,
    "team:DAL": 0.0049,
    "team:MIN": 0.14112,
    "team:WPG": -0.294,
    "team:EDM": 0.294,
    "team:NSH": -0.041552,
    "team:CGY": -0.294,
    "team:SEA": -0.213836,
    "team:VGK": -0.294,
    "team:LAK": -0.266658,
    "team:FLA": 0.05586,
    "team:VAN": -0.28812,
    "team:WSH": -0.1946,
    "team:SJS": -0.237552,
    "team:STL": 0.2009,
    "team:COL": 0.039298
  }
}