{
  "ml_home": {
    "team:CBJ": -0.04802,
    "div:Metropolitan": -0.049,
    "conf:East": -0.05,
    "team:MTL": 0.041688,
    "div:Atlantic": -0.05,
    "team:CAR": -0.049,
    "team:ANA": -0.05,
    "div:Pacific": -0.05,
    "conf:West": -0.05,
    "team:NYR": 0.041688,
    "team:DET": 0.04802,
    "team:BUF": 0.044293,
    "team:NJD": -0.044293,
    "team:TOR": 0.049,
    "team:DAL": -0.04802,
    "div:Central": 0.05,
    "team:WPG": -0.046119,
    "team:NSH": 0.041688,
    "team:CGY": 0.04802,
    "team:VGK": -0.04802,
    "team:EDM": -0.04802,
    "team:VAN": -0.05,
    "team:WSH": 0.04002,
    "team:MIN": -0.043407,
    "team:TBL": 0.045197,
    "team:PIT": 0.049,
    "team:NYI": -0.049,
    "team:SJS": 0.04802,
    "team:PHI": 0.042539,
    "team:LAK": -0.034055,
    "team:STL": 0.05,
    "team:COL": 0.04802,
    "team:SEA": 0.049,
    "team:UTA": -0.046119,
    "team:CHI": 0.049,
    "team:BOS": -0.043407,
    "team:FLA": -0.05,
    "team:OTT": 0.049
  },
  "goals": {
    "team:CBJ": -0.023242,
    "div:Metropolitan": 0.3,
    "conf:East": 0.2448,
    "team:BUF": 0.28812,
    "div:Atlantic": -0.1778,
    "team:MTL": 0.294,
    "team:PIT": 0.294,
    "team:CAR": 0.201488,
    "team:TBL": 0.294,
    "team:ANA": -0.2457,
    "div:Pacific": 0.0015,
    "conf:West": 0.3,
    "team:UTA": 0.294,
    "div:Central": 0.3,
    "team:NYR": 0.2018,
    "team:BOS": 0.28812,
    "team:DET": -0.1666,
    "team:CHI": 0.00049,
    "team:NJD": -0.236066,
    "team:NYI": -0.294,
    "team:TOR": 0.294,
    "team:OTT": 0.052136,
    "team:PHI": -0.168454,
    "team:DAL": -0.2352,
    "team:MIN": 0.3,
    "team:WPG": 0.15092,
    "team:EDM": -0.195826,
    "team:NSH": -0.174342,
    "team:CGY": 0.152608,
    "team:SEA": 0.2838,
    "team:VGK": -0.1633,
    "team:LAK": 0.003724,
    "team:FLA": -0.3,
    "team:VAN": -0.0234,
    "team:WSH": 0.219912,
    "team:SJS": 0.28812,
    "team:STL": -0.0435,
    "team:COL": 0.28812
  }
}