{
  "ml_home": {
    "team:CBJ": -0.025157,
    "div:Metropolitan": -0.042539,
    "conf:East": -0.05,
    "team:MTL": -0.049,
    "div:Atlantic": -0.05,
    "team:CAR": 0.037682,
    "team:ANA": -0.04802,
    "div:Pacific": -0.04802,
    "conf:West": -0.04802,
    "team:NYR": 0.021839,
    "team:DET": -0.020303,
    "team:BUF": -0.05,
    "team:NJD": 0.024654,
    "team:TOR": -0.023678,
    "team:DAL": -0.032712,
    "div:Central": 0.022024,
    "team:WPG": -0.02567,
    "team:NSH": -0.02567,
    "team:CGY": 0.02567,
    "team:VGK": 0.046119,
    "team:EDM": 0.032712,
    "team:VAN": 0.025157,
    "team:WSH": 0.024654,
    "team:MIN": -0.041057,
    "team:TBL": -0.036928,
    "team:PIT": 0.032058,
    "team:NYI": -0.025157,
    "team:SJS": -0.023678,
    "team:PHI": -0.042539,
    "team:LAK": -0.031417,
    "team:STL": 0.024476,
    "team:COL": 0.04706,
    "team:SEA": 0.023678,
    "team:UTA": -0.034756,
    "team:CHI": -0.023678,
    "team:BOS": -0.034756,
    "team:FLA": 0.020144,
    "team:OTT": -0.030173
  },
  "goals": {
    "team:CBJ": -0.150943,
    "div:Metropolitan": -0.196781,
    "conf:East": -0.0224,
    "team:BUF": 0.0071,
    "div:Atlantic": -0.0224,
    "team:MTL": 0.1381,
    "team:PIT": -0.200284,
    "team:CAR": 0.068487,
    "team:TBL": -0.221572,
    "team:ANA": -0.28812,
    "div:Pacific": 0.132535,
    "conf:West": 0.132535,
    "team:UTA": -0.132561,
    "div:Central": 0.194639,
    "team:NYR": -0.142067,
    "team:BOS": -0.208542,
    "team:DET": 0.097266,
    "team:CHI": -0.125492,
    "team:NJD": -0.150943,
    "team:NYI": -0.150943,
    "team:TOR": -0.039305,
    "team:OTT": -0.18104,
    "team:PHI": -0.255229,
    "team:DAL": -0.204371,
    "team:MIN": -0.016941,
    "team:WPG": -0.154023,
    "team:EDM": -0.000886,
    "team:NSH": -0.024589,
    "team:CGY": -0.134407,
    "team:SEA": -0.154023,
    "team:VGK": 0.28812,
    "team:LAK": -0.188505,
    "team:FLA": 0.142067,
    "team:VAN": -0.098267,
    "team:WSH": -0.061535,
    "team:SJS": 0.154023,
    "team:STL": 0.154023,
    "team:COL": 0.282358
  }
}