{
  "ml_home": {
    "team:CBJ": 0.05,
    "div:Metropolitan": 0.0415,
    "conf:East": 0.0415,
    "team:MTL": -0.05,
    "div:Atlantic": -0.05,
    "team:CAR": -0.05,
    "team:ANA": 0.04706,
    "div:Pacific": -0.05,
    "conf:West": 0.05,
    "team:NYR": -0.04802,
    "team:DET": 0.049,
    "team:BUF": 0.00996,
    "team:NJD": 0.04802,
    "team:TOR": 0.040037,
    "team:DAL": -0.049,
    "div:Central": 0.05,
    "team:WPG": -0.04957,
    "team:NSH": 0.05,
    "team:CGY": -0.034061,
    "team:VGK": 0.040037,
    "team:EDM": -0.05,
    "team:VAN": -0.034061,
    "team:WSH": 0.04706,
    "team:MIN": 0.05,
    "team:TBL": 0.035465,
    "team:PIT": -0.04706,
    "team:NYI": 0.035465,
    "team:SJS": -0.045197,
    "team:PHI": -0.046119,
    "team:LAK": -0.04802,
    "team:STL": 0.04706,
    "team:COL": -0.046119,
    "team:SEA": -0.038451,
    "team:UTA": 0.04706,
    "team:CHI": -0.046119,
    "team:BOS": 0.05,
    "team:FLA": 0.034756,
    "team:OTT": 0.038966
  },
  "goals": {
    "team:CBJ": -0.1847,
    "div:Metropolitan": 0.3,
    "conf:East": 0.2294,
    "team:BUF": 0.3,
    "div:Atlantic": -0.0768,
    "team:MTL": -0.1922,
    "team:PIT": 0.3,
    "team:CAR": -0.2365,
    "team:TBL": 0.203546,
    "team:ANA": -0.16725,
    "div:Pacific": -0.0979,
    "conf:West": -0.0506,
    "team:UTA": 0.282358,
    "div:Central": -0.0435,
    "team:NYR": -0.0388,
    "team:BOS": 0.0077,
    "team:DET": -0.0431,
    "team:CHI": -0.0319,
    "team:NJD": 0.211864,
    "team:NYI": 0.149179,
    "team:TOR": -0.167438,
    "team:OTT": 0.1652,
    "team:PHI": -0.28812,
    "team:DAL": -0.3,
    "team:MIN": 0.0661,
    "team:WPG": -0.1847,
    "team:EDM": 0.0246,
    "team:NSH": 0.3,
    "team:CGY": -0.202356,
    "team:SEA": -0.215418,
    "team:VGK": 0.1554,
    "team:LAK": -0.28812,
    "team:FLA": -0.1963,
    "team:VAN": -0.282358,
    "team:WSH": -0.22711,
    "team:SJS": -0.271177,
    "team:STL": -0.294,
    "team:COL": 0.182537
  }
}