{
  "ml_home": {
    "team:CBJ": -0.05,
    "div:Metropolitan": -0.00297,
    "conf:East": -0.00297,
    "team:MTL": 0.039236,
    "div:Atlantic": 0.049,
    "team:CAR": 0.039236,
    "team:ANA": -0.049,
    "div:Pacific": -0.05,
    "conf:West": 0.00289,
    "team:NYR": -0.019619,
    "team:DET": -0.045197,
    "team:BUF": 0.049,
    "team:NJD": -0.049,
    "team:TOR": -0.046119,
    "team:DAL": 0.019649,
    "div:Central": 0.05,
    "team:WPG": 0.046119,
    "team:NSH": -0.042539,
    "team:CGY": 0.046119,
    "team:VGK": -0.049,
    "team:EDM": -0.015051,
    "team:VAN": -0.05,
    "team:WSH": 0.0023,
    "team:MIN": 0.043407,
    "team:TBL": -0.039236,
    "team:PIT": 0.049,
    "team:NYI": 0.041688,
    "team:SJS": -0.046119,
    "team:PHI": -0.05,
    "team:LAK": -0.046119,
    "team:STL": -0.039236,
    "team:COL": 0.049,
    "team:SEA": -0.046119,
    "team:UTA": -0.041688,
    "team:CHI": 0.05,
    "team:BOS": 0.046119,
    "team:FLA": -0.036928,
    "team:OTT": -0.035465
  },
  "goals": {
    "team:CBJ": 0.3,
    "div:Metropolitan": 0.3,
    "conf:East": 0.0151,
    "team:BUF": 0.294,
    "div:Atlantic": -0.0557,
    "team:MTL": 0.276711,
    "team:PIT": 0.294,
    "team:CAR": 0.276711,
    "team:TBL": 0.294,
    "team:ANA": -0.294,
    "div:Pacific": -0.3,
    "conf:West": -0.3,
    "team:UTA": -0.0849,
    "div:Central": -0.1105,
    "team:NYR": 0.3,
    "team:BOS": 0.294,
    "team:DET": -0.19404,
    "team:CHI": -0.0775,
    "team:NJD": -0.294,
    "team:NYI": -0.276711,
    "team:TOR": -0.276711,
    "team:OTT": -0.0035,
    "team:PHI": -0.1617,
    "team:DAL": 0.294,
    "team:MIN": -0.294,
    "team:WPG": -0.193974,
    "team:EDM": 0.294,
    "team:NSH": -0.276711,
    "team:CGY": 0.0874,
    "team:SEA": 0.009316,
    "team:VGK": -0.294,
    "team:LAK": 0.1956,
    "team:FLA": -0.14996,
    "team:VAN": -0.3,
    "team:WSH": 0.3,
    "team:SJS": -0.276711,
    "team:STL": 0.294,
    "team:COL": 0.083594
  }
}