{
  "ml_home": {
    "team:CBJ": -0.040854,
    "div:Metropolitan": -0.049,
    "conf:East": -0.05,
    "team:MTL": -0.05,
    "div:Atlantic": -0.05,
    "team:CAR": 0.044293,
    "team:ANA": 0.05,
    "div:Pacific": 0.05,
    "conf:West": 0.05,
    "team:NYR": 0.035465,
    "team:DET": -0.032968,
    "team:BUF": -0.045197,
    "team:NJD": 0.040037,
    "team:TOR": -0.038451,
    "team:DAL": 0.044293,
    "div:Central": 0.049,
    "team:WPG": -0.041688,
    "team:NSH": -0.041688,
    "team:CGY": 0.041688,
    "team:VGK": -0.045197,
    "team:EDM": -0.046119,
    "team:VAN": 0.040854,
    "team:WSH": 0.040037,
    "team:MIN": 0.049,
    "team:TBL": 0.045197,
    "team:PIT": -0.044293,
    "team:NYI": -0.040854,
    "team:SJS": -0.038451,
    "team:PHI": -0.049,
    "team:LAK": -0.05,
    "team:STL": 0.03975,
    "team:COL": 0.045197,
    "team:SEA": 0.038451,
    "team:UTA": 0.04802,
    "team:CHI": -0.038451,
    "team:BOS": -0.05,
    "team:FLA": 0.032712,
    "team:OTT": -0.049
  },
  "goals": {
    "team:CBJ": -0.245122,
    "div:Metropolitan": -0.022246,
    "conf:East": -0.0082,
    "team:BUF": 0.3,
    "div:Atlantic": -0.0082,
    "team:MTL": -0.3,
    "team:PIT": -0.047824,
    "team:CAR": -0.052332,
    "team:TBL": -0.2528,
    "team:ANA": 0.3,
    "div:Pacific": -0.003,
    "conf:West": 0.2079,
    "team:UTA": 0.064059,
    "div:Central": 0.3,
    "team:NYR": -0.230708,
    "team:BOS": -0.3,
    "team:DET": 0.157958,
    "team:CHI": -0.203791,
    "team:NJD": -0.245122,
    "team:NYI": -0.245122,
    "team:TOR": -0.063829,
    "team:OTT": -0.294,
    "team:PHI": 0.00294,
    "team:DAL": -0.118188,
    "team:MIN": -0.035084,
    "team:WPG": -0.250124,
    "team:EDM": 0.2082,
    "team:NSH": -0.039935,
    "team:CGY": -0.218274,
    "team:SEA": -0.250124,
    "team:VGK": -0.28812,
    "team:LAK": -0.3,
    "team:FLA": 0.230708,
    "team:VAN": -0.15958,
    "team:WSH": -0.099929,
    "team:SJS": 0.250124,
    "team:STL": 0.250124,
    "team:COL": 0.3
  }
}