{
  "ml_home": {
    "team:CBJ": -0.04706,
    "div:Metropolitan": 0.05,
    "conf:East": 0.05,
    "team:MTL": 0.049,
    "div:Atlantic": 0.05,
    "team:CAR": 0.043407,
    "team:ANA": -0.05,
    "div:Pacific": -0.05,
    "conf:West": -0.05,
    "team:NYR": 0.049,
    "team:DET": -0.046119,
    "team:BUF": 0.049,
    "team:NJD": -0.043407,
    "team:TOR": 0.029161,
    "team:DAL": 0.022721,
    "div:Central": 0.049,
    "team:WPG": -0.044293,
    "team:NSH": 0.049,
    "team:CGY": 0.049,
    "team:VGK": -0.046119,
    "team:EDM": 0.040854,
    "team:VAN": -0.040854,
    "team:WSH": -0.049,
    "team:MIN": 0.049,
    "team:TBL": 0.05,
    "team:PIT": -0.045197,
    "team:NYI": -0.04802,
    "team:SJS": -0.049,
    "team:PHI": 0.05,
    "team:LAK": -0.05,
    "team:STL": -0.04706,
    "team:COL": 0.04802,
    "team:SEA": -0.045197,
    "team:UTA": -0.04802,
    "team:CHI": -0.028747,
    "team:BOS": -0.049,
    "team:FLA": -0.049,
    "team:OTT": 0.049
  },
  "goals": {
    "team:CBJ": -0.1613,
    "div:Metropolitan": 0.2295,
    "conf:East": 0.2295,
    "team:BUF": 0.217168,
    "div:Atlantic": 0.3,
    "team:MTL": 0.225498,
    "team:PIT": -0.294,
    "team:CAR": 0.294,
    "team:TBL": 0.3,
    "team:ANA": -0.2871,
    "div:Pacific": -0.3,
    "conf:West": -0.3,
    "team:UTA": -0.28812,
    "div:Central": -0.1753,
    "team:NYR": 0.157388,
    "team:BOS": -0.006566,
    "team:DET": 0.161896,
    "team:CHI": -0.038612,
    "team:NJD": -0.28812,
    "team:NYI": -0.294,
    "team:TOR": -0.234612,
    "team:OTT": 0.294,
    "team:PHI": 0.3,
    "team:DAL": 0.28812,
    "team:MIN": 0.294,
    "team:WPG": -0.28812,
    "team:EDM": -0.038514,
    "team:NSH": 0.249312,
    "team:CGY": 0.294,
    "team:SEA": -0.0413,
    "team:VGK": -0.230104,
    "team:LAK": -0.3,
    "team:FLA": 0.025774,
    "team:VAN": 0.0247,
    "team:WSH": -0.235004,
    "team:SJS": -0.038514,
    "team:STL": -0.1753,
    "team:COL": 0.208503
  }
}