{
  "ml_home": {
    "team:CBJ": -0.049,
    "div:Metropolitan": -0.05,
    "conf:East": -0.05,
    "team:MTL": 0.021099,
    "div:Atlantic": 0.05,
    "team:CAR": 0.045197,
    "team:ANA": -0.05,
    "div:Pacific": -0.05,
    "conf:West": -0.05,
    "team:NYR": -0.04706,
    "team:DET": -0.04802,
    "team:BUF": 0.049,
    "team:NJD": -0.045197,
    "team:TOR": 0.030363,
    "team:DAL": 0.023658,
    "div:Central": -0.05,
    "team:WPG": -0.046119,
    "team:NSH": -0.0286,
    "team:CGY": 0.039141,
    "team:VGK": -0.04802,
    "team:EDM": 0.042539,
    "team:VAN": -0.042539,
    "team:WSH": 0.031968,
    "team:MIN": 0.04706,
    "team:TBL": -0.049,
    "team:PIT": -0.04706,
    "team:NYI": -0.05,
    "team:SJS": -0.041189,
    "team:PHI": -0.044293,
    "team:LAK": -0.044293,
    "team:STL": -0.049,
    "team:COL": 0.05,
    "team:SEA": -0.04706,
    "team:UTA": -0.05,
    "team:CHI": -0.029933,
    "team:BOS": -0.049,
    "team:FLA": 0.05,
    "team:OTT": 0.038053
  },
  "goals": {
    "team:CBJ": -0.234024,
    "div:Metropolitan": -0.3,
    "conf:East": -0.3,
    "team:BUF": 0.294,
    "div:Atlantic": 0.3,
    "team:MTL": 0.049784,
    "team:PIT": -0.294,
    "team:CAR": 0.2217,
    "team:TBL": -0.294,
    "team:ANA": -0.0431,
    "div:Pacific": 0.0129,
    "conf:West": 0.3,
    "team:UTA": -0.3,
    "div:Central": 0.3,
    "team:NYR": -0.294,
    "team:BOS": -0.252252,
    "team:DET": -0.28812,
    "team:CHI": -0.294,
    "team:NJD": -0.3,
    "team:NYI": -0.3,
    "team:TOR": -0.294,
    "team:OTT": 0.187474,
    "team:PHI": -0.02646,
    "team:DAL": 0.3,
    "team:MIN": 0.294,
    "team:WPG": -0.3,
    "team:EDM": 0.216384,
    "team:NSH": -0.174313,
    "team:CGY": 0.150136,
    "team:SEA": -0.294,
    "team:VGK": -0.28812,
    "team:LAK": -0.294,
    "team:FLA": 0.3,
    "team:VAN": 0.0087,
    "team:WSH": -0.039396,
    "team:SJS": 0.216384,
    "team:STL": -0.294,
    "team:COL": 0.2171
  }
}