{
  "ml_home": {
    "team:CBJ": 0.041688,
    "div:Metropolitan": 0.01357,
    "conf:East": 0.01357,
    "team:MTL": 0.04802,
    "div:Atlantic": 0.049,
    "team:CAR": 0.04802,
    "team:ANA": 0.049,
    "div:Pacific": -0.05,
    "conf:West": -0.05,
    "team:NYR": 0.01516,
    "team:DET": -0.049,
    "team:BUF": -0.046119,
    "team:NJD": -0.05,
    "team:TOR": -0.049,
    "team:DAL": 0.03429,
    "div:Central": 0.049,
    "team:WPG": 0.041688,
    "team:NSH": -0.04802,
    "team:CGY": -0.04706,
    "team:VGK": -0.05,
    "team:EDM": 0.05,
    "team:VAN": -0.049,
    "team:WSH": 0.012836,
    "team:MIN": 0.049,
    "team:TBL": 0.04802,
    "team:PIT": -0.049,
    "team:NYI": -0.04706,
    "team:SJS": 0.04802,
    "team:PHI": -0.04802,
    "team:LAK": -0.046119,
    "team:STL": -0.04802,
    "team:COL": 0.044293,
    "team:SEA": -0.045197,
    "team:UTA": -0.042539,
    "team:CHI": 0.032712,
    "team:BOS": 0.046119,
    "team:FLA": 0.041688,
    "team:OTT": 0.049
  },
  "goals": {
    "team:CBJ": 0.011,
    "div:Metropolitan": 0.3,
    "conf:East": 0.2312,
    "team:BUF": -0.229728,
    "div:Atlantic": 0.1098,
    "team:MTL": 0.28812,
    "team:PIT": -0.294,
    "team:CAR": 0.294,
    "team:TBL": 0.213017,
    "team:ANA": 0.294,
    "div:Pacific": 0.0312,
    "conf:West": 0.0136,
    "team:UTA": -0.294,
    "div:Central": -0.2351,
    "team:NYR": 0.3,
    "team:BOS": 0.28812,
    "team:DET": -0.294,
    "team:CHI": 0.294,
    "team:NJD": -0.3,
    "team:NYI": 0.1111,
    "team:TOR": 0.294,
    "team:OTT": 0.150626,
    "team:PHI": -0.116304,
    "team:DAL": 0.025382,
    "team:MIN": 0.020776,
    "team:WPG": -0.294,
    "team:EDM": 0.1607,
    "team:NSH": -0.0389,
    "team:CGY": -0.294,
    "team:SEA": -0.294,
    "team:VGK": -0.3,
    "team:LAK": -0.230496,
    "team:FLA": -0.1457,
    "team:VAN": 0.294,
    "team:WSH": -0.033614,
    "team:SJS": 0.007107,
    "team:STL": -0.188623,
    "team:COL": 0.294
  }
}