{
  "ml_home": {
    "team:CBJ": -0.044293,
    "div:Metropolitan": 0.049,
    "conf:East": 0.049,
    "team:MTL": 0.049,
    "div:Atlantic": 0.049,
    "team:CAR": 0.049,
    "team:ANA": -0.042539,
    "div:Pacific": -0.041327,
    "conf:West": 0.05,
    "team:NYR": -0.049,
    "team:DET": 0.049,
    "team:BUF": 0.045197,
    "team:NJD": -0.044293,
    "team:TOR": 0.045197,
    "team:DAL": -0.044293,
    "div:Central": 0.05,
    "team:WPG": 0.05,
    "team:NSH": 0.049,
    "team:CGY": -0.043407,
    "team:VGK": 0.049,
    "team:EDM": 0.044328,
    "team:VAN": -0.043407,
    "team:WSH": -0.046119,
    "team:MIN": -0.036928,
    "team:TBL": 0.045197,
    "team:PIT": 0.049,
    "team:NYI": 0.045197,
    "team:SJS": 0.045197,
    "team:PHI": -0.049,
    "team:LAK": -0.046119,
    "team:STL": 0.043407,
    "team:COL": 0.049,
    "team:SEA": -0.049,
    "team:UTA": 0.05,
    "team:CHI": -0.05,
    "team:BOS": 0.049,
    "team:FLA": 0.044293,
    "team:OTT": 0.043407
  },
  "goals": {
    "team:CBJ": -0.024696,
    "div:Metropolitan": 0.186,
    "conf:East": 0.1853,
    "team:BUF": 0.294,
    "div:Atlantic": -0.190904,
    "team:MTL": 0.294,
    "team:PIT": 0.294,
    "team:CAR": 0.294,
    "team:TBL": 0.271177,
    "team:ANA": -0.294,
    "div:Pacific": -0.3,
    "conf:West": -0.258,
    "team:UTA": 0.0724,
    "div:Central": 0.0251,
    "team:NYR": -0.294,
    "team:BOS": 0.294,
    "team:DET": 0.294,
    "team:CHI": -0.1935,
    "team:NJD": -0.294,
    "team:NYI": -0.294,
    "team:TOR": -0.294,
    "team:OTT": -0.294,
    "team:PHI": -0.294,
    "team:DAL": 0.051007,
    "team:MIN": 0.098392,
    "team:WPG": 0.3,
    "team:EDM": 0.294,
    "team:NSH": -0.294,
    "team:CGY": -0.294,
    "team:SEA": -0.294,
    "team:VGK": 0.294,
    "team:LAK": -0.2591,
    "team:FLA": -0.294,
    "team:VAN": -0.294,
    "team:WSH": 0.1637,
    "team:SJS": 0.276711,
    "team:STL": -0.3,
    "team:COL": 0.294
  }
}