{
  "ml_home": {
    "team:CBJ": -0.028979,
    "div:Metropolitan": -0.049,
    "conf:East": 0.0435,
    "team:MTL": 0.05,
    "div:Atlantic": 0.04429,
    "team:CAR": 0.043407,
    "team:ANA": 0.05,
    "div:Pacific": 0.05,
    "conf:West": 0.05,
    "team:NYR": 0.025157,
    "team:DET": -0.023386,
    "team:BUF": -0.04802,
    "team:NJD": 0.028399,
    "team:TOR": -0.027274,
    "team:DAL": -0.037682,
    "div:Central": 0.049,
    "team:WPG": -0.02957,
    "team:NSH": -0.02957,
    "team:CGY": 0.02957,
    "team:VGK": -0.045197,
    "team:EDM": 0.037682,
    "team:VAN": 0.028979,
    "team:WSH": 0.028399,
    "team:MIN": 0.049,
    "team:TBL": -0.042539,
    "team:PIT": 0.036928,
    "team:NYI": -0.028979,
    "team:SJS": -0.027274,
    "team:PHI": -0.049,
    "team:LAK": -0.036189,
    "team:STL": 0.028196,
    "team:COL": 0.044293,
    "team:SEA": 0.027274,
    "team:UTA": -0.040037,
    "team:CHI": -0.027274,
    "team:BOS": -0.040037,
    "team:FLA": 0.023204,
    "team:OTT": -0.034756
  },
  "goals": {
    "team:CBJ": -0.173871,
    "div:Metropolitan": -0.226674,
    "conf:East": 0.0209,
    "team:BUF": -0.3,
    "div:Atlantic": 0.0209,
    "team:MTL": 0.3,
    "team:PIT": -0.230708,
    "team:CAR": 0.07889,
    "team:TBL": -0.255229,
    "team:ANA": -0.0496,
    "div:Pacific": 0.2209,
    "conf:West": 0.0129,
    "team:UTA": -0.152698,
    "div:Central": -0.176204,
    "team:NYR": -0.163646,
    "team:BOS": -0.24022,
    "team:DET": 0.112042,
    "team:CHI": -0.144555,
    "team:NJD": -0.173871,
    "team:NYI": -0.173871,
    "team:TOR": -0.045276,
    "team:OTT": -0.208542,
    "team:PHI": -0.294,
    "team:DAL": -0.235416,
    "team:MIN": 0.294,
    "team:WPG": -0.177419,
    "team:EDM": -0.00102,
    "team:NSH": -0.028325,
    "team:CGY": -0.154825,
    "team:SEA": -0.177419,
    "team:VGK": 0.2114,
    "team:LAK": -0.217141,
    "team:FLA": 0.163646,
    "team:VAN": -0.113194,
    "team:WSH": -0.070883,
    "team:SJS": 0.177419,
    "team:STL": 0.177419,
    "team:COL": -0.198744
  }
}