{
  "ml_home": {
    "team:CBJ": -0.042539,
    "div:Metropolitan": -0.04706,
    "conf:East": -0.05,
    "team:MTL": -0.05,
    "div:Atlantic": -0.05,
    "team:CAR": -0.045197,
    "team:ANA": -0.041688,
    "div:Pacific": 0.05,
    "conf:West": 0.05,
    "team:NYR": 0.043407,
    "team:DET": -0.038451,
    "team:BUF": -0.017346,
    "team:NJD": 0.04706,
    "team:TOR": 0.045197,
    "team:DAL": 0.04706,
    "div:Central": -0.05,
    "team:WPG": 0.05,
    "team:NSH": -0.036189,
    "team:CGY": 0.039236,
    "team:VGK": 0.04706,
    "team:EDM": 0.05,
    "team:VAN": -0.024707,
    "team:WSH": -0.04706,
    "team:MIN": -0.05,
    "team:TBL": -0.04706,
    "team:PIT": 0.041688,
    "team:NYI": -0.012603,
    "team:SJS": -0.039236,
    "team:PHI": -0.04706,
    "team:LAK": -0.039236,
    "team:STL": 0.039773,
    "team:COL": -0.043407,
    "team:SEA": 0.05,
    "team:UTA": -0.04706,
    "team:CHI": 0.042539,
    "team:BOS": -0.045197,
    "team:FLA": 0.045197,
    "team:OTT": 0.05
  },
  "goals": {
    "team:CBJ": -0.282358,
    "div:Metropolitan": -0.059013,
    "conf:East": 0.017,
    "team:BUF": -0.161132,
    "div:Atlantic": 0.017,
    "team:MTL": -0.1159,
    "team:PIT": 0.171768,
    "team:CAR": 0.027107,
    "team:TBL": -0.079437,
    "team:ANA": 0.2812,
    "div:Pacific": 0.3,
    "conf:West": 0.3,
    "team:UTA": -0.23831,
    "div:Central": -0.3,
    "team:NYR": 0.282358,
    "team:BOS": -0.180427,
    "team:DET": -0.282358,
    "team:CHI": -0.282358,
    "team:NJD": 0.282358,
    "team:NYI": -0.210074,
    "team:TOR": 0.3,
    "team:OTT": 0.3,
    "team:PHI": -0.282358,
    "team:DAL": 0.19558,
    "team:MIN": -0.3,
    "team:WPG": -0.1591,
    "team:EDM": -0.1573,
    "team:NSH": -0.3,
    "team:CGY": -0.10419,
    "team:SEA": 0.3,
    "team:VGK": 0.282358,
    "team:LAK": -0.001977,
    "team:FLA": -0.3,
    "team:VAN": -0.245557,
    "team:WSH": -0.282358,
    "team:SJS": 0.3,
    "team:STL": -0.3,
    "team:COL": -0.180897
  }
}