{
  "ml_home": {
    "team:CBJ": -0.04706,
    "div:Metropolitan": 0.049,
    "conf:East": 0.05,
    "team:MTL": -0.049,
    "div:Atlantic": 0.04972,
    "team:CAR": 0.04706,
    "team:ANA": -0.04706,
    "div:Pacific": 0.05,
    "conf:West": 0.05,
    "team:NYR": 0.049,
    "team:DET": -0.049,
    "team:BUF": 0.05,
    "team:NJD": -0.027887,
    "team:TOR": 0.016558,
    "team:DAL": -0.04706,
    "div:Central": 0.01964,
    "team:WPG": 0.03621,
    "team:NSH": -0.040037,
    "team:CGY": 0.020652,
    "team:VGK": 0.045197,
    "team:EDM": -0.04706,
    "team:VAN": -0.04706,
    "team:WSH": 0.04706,
    "team:MIN": 0.045197,
    "team:TBL": 0.04706,
    "team:PIT": 0.049,
    "team:NYI": -0.046119,
    "team:SJS": 0.02481,
    "team:PHI": 0.049,
    "team:LAK": 0.05,
    "team:STL": 0.040037,
    "team:COL": -0.049,
    "team:SEA": -0.04706,
    "team:UTA": -0.038451,
    "team:CHI": -0.043407,
    "team:BOS": 0.043407,
    "team:FLA": 0.045197,
    "team:OTT": 0.049
  },
  "goals": {
    "team:CBJ": -0.282358,
    "div:Metropolitan": -0.185514,
    "conf:East": -0.2117,
    "team:BUF": -0.0553,
    "div:Atlantic": -0.2811,
    "team:MTL": -0.294,
    "team:PIT": 0.294,
    "team:CAR": 0.129556,
    "team:TBL": -0.0772,
    "team:ANA": -0.154073,
    "div:Pacific": -0.2282,
    "conf:West": -0.3,
    "team:UTA": 0.282358,
    "div:Central": -0.2209,
    "team:NYR": 0.294,
    "team:BOS": -0.294,
    "team:DET": 0.117796,
    "team:CHI": -0.2737,
    "team:NJD": 0.070756,
    "team:NYI": -0.248004,
    "team:TOR": 0.282358,
    "team:OTT": 0.294,
    "team:PHI": -0.294,
    "team:DAL": -0.282358,
    "team:MIN": 0.294,
    "team:WPG": 0.3,
    "team:EDM": -0.282358,
    "team:NSH": -0.0035,
    "team:CGY": 0.282358,
    "team:SEA": -0.3,
    "team:VGK": 0.282358,
    "team:LAK": 0.1965,
    "team:FLA": -0.294,
    "team:VAN": 0.166779,
    "team:WSH": -0.294,
    "team:SJS": 0.1228,
    "team:STL": 0.12593,
    "team:COL": -0.294
  }
}