{
  "ml_home": {
    "team:CBJ": -0.031417,
    "div:Metropolitan": -0.04285,
    "conf:East": -0.04129,
    "team:MTL": -0.043407,
    "div:Atlantic": 0.045884,
    "team:CAR": 0.04706,
    "team:ANA": 0.042539,
    "div:Pacific": -0.049,
    "conf:West": -0.049,
    "team:NYR": 0.027274,
    "team:DET": -0.025354,
    "team:BUF": 0.049,
    "team:NJD": 0.030789,
    "team:TOR": -0.02957,
    "team:DAL": -0.040854,
    "div:Central": 0.04802,
    "team:WPG": -0.032058,
    "team:NSH": -0.032058,
    "team:CGY": 0.032058,
    "team:VGK": -0.049,
    "team:EDM": 0.040854,
    "team:VAN": 0.031417,
    "team:WSH": 0.030789,
    "team:MIN": 0.042539,
    "team:TBL": -0.046119,
    "team:PIT": 0.040037,
    "team:NYI": -0.031417,
    "team:SJS": -0.02957,
    "team:PHI": -0.05,
    "team:LAK": -0.039236,
    "team:STL": 0.030568,
    "team:COL": 0.04802,
    "team:SEA": 0.02957,
    "team:UTA": -0.043407,
    "team:CHI": -0.02957,
    "team:BOS": -0.043407,
    "team:FLA": 0.025157,
    "team:OTT": -0.037682
  },
  "goals": {
    "team:CBJ": -0.188505,
    "div:Metropolitan": -0.0593,
    "conf:East": -0.0593,
    "team:BUF": 0.199332,
    "div:Atlantic": -0.252448,
    "team:MTL": -0.294,
    "team:PIT": -0.250124,
    "team:CAR": 0.1332,
    "team:TBL": -0.276711,
    "team:ANA": -0.211386,
    "div:Pacific": -0.25529,
    "conf:West": -0.25529,
    "team:UTA": -0.16555,
    "div:Central": 0.019496,
    "team:NYR": -0.177419,
    "team:BOS": -0.260438,
    "team:DET": 0.121472,
    "team:CHI": -0.156721,
    "team:NJD": -0.188505,
    "team:NYI": -0.188505,
    "team:TOR": -0.049087,
    "team:OTT": -0.226094,
    "team:PHI": -0.3,
    "team:DAL": -0.255229,
    "team:MIN": 0.010372,
    "team:WPG": -0.192352,
    "team:EDM": -0.001106,
    "team:NSH": -0.030709,
    "team:CGY": -0.167856,
    "team:SEA": -0.192352,
    "team:VGK": -0.261562,
    "team:LAK": -0.235416,
    "team:FLA": 0.177419,
    "team:VAN": -0.12272,
    "team:WSH": -0.076849,
    "team:SJS": 0.192352,
    "team:STL": 0.192352,
    "team:COL": 0.28812
  }
}