{
  "ml_home": {
    "team:CBJ": 0.04802,
    "div:Metropolitan": 0.039857,
    "conf:East": -0.05,
    "team:MTL": -0.04802,
    "div:Atlantic": -0.05,
    "team:CAR": -0.04802,
    "team:ANA": 0.045197,
    "div:Pacific": -0.05,
    "conf:West": -0.05,
    "team:NYR": -0.046119,
    "team:DET": 0.04706,
    "team:BUF": 0.009566,
    "team:NJD": 0.046119,
    "team:TOR": -0.05,
    "team:DAL": 0.05,
    "div:Central": -0.05,
    "team:WPG": -0.047607,
    "team:NSH": 0.04802,
    "team:CGY": -0.05,
    "team:VGK": 0.038451,
    "team:EDM": -0.04802,
    "team:VAN": -0.05,
    "team:WSH": 0.045197,
    "team:MIN": 0.04802,
    "team:TBL": 0.034061,
    "team:PIT": -0.045197,
    "team:NYI": 0.034061,
    "team:SJS": 0.05,
    "team:PHI": -0.044293,
    "team:LAK": -0.046119,
    "team:STL": 0.045197,
    "team:COL": -0.05,
    "team:SEA": -0.05,
    "team:UTA": 0.045197,
    "team:CHI": -0.05,
    "team:BOS": 0.04802,
    "team:FLA": 0.03338,
    "team:OTT": 0.037423
  },
  "goals": {
    "team:CBJ": -0.177386,
    "div:Metropolitan": -0.1705,
    "conf:East": -0.1705,
    "team:BUF": 0.28812,
    "div:Atlantic": -0.3,
    "team:MTL": -0.184589,
    "team:PIT": 0.28812,
    "team:CAR": -0.227135,
    "team:TBL": -0.2503,
    "team:ANA": 0.2354,
    "div:Pacific": 0.0416,
    "conf:West": -0.0115,
    "team:UTA": 0.271177,
    "div:Central": -0.2505,
    "team:NYR": -0.3,
    "team:BOS": 0.007395,
    "team:DET": -0.041393,
    "team:CHI": -0.3,
    "team:NJD": 0.3,
    "team:NYI": 0.143271,
    "team:TOR": -0.1215,
    "team:OTT": 0.158658,
    "team:PHI": 0.3,
    "team:DAL": -0.203,
    "team:MIN": 0.063482,
    "team:WPG": -0.177386,
    "team:EDM": 0.023626,
    "team:NSH": 0.28812,
    "team:CGY": -0.3,
    "team:SEA": -0.3,
    "team:VGK": 0.3,
    "team:LAK": -0.276711,
    "team:FLA": -0.188527,
    "team:VAN": 0.1647,
    "team:WSH": -0.1582,
    "team:SJS": -0.1853,
    "team:STL": -0.3,
    "team:COL": 0.0936
  }
}