{
  "ml_home": {
    "team:CBJ": 0.044293,
    "div:Metropolitan": 0.049,
    "conf:East": -0.05,
    "team:MTL": -0.04706,
    "div:Atlantic": -0.05,
    "team:CAR": -0.044293,
    "team:ANA": -0.044293,
    "div:Pacific": 0.03293,
    "conf:West": 0.03293,
    "team:NYR": -0.04706,
    "team:DET": 0.04706,
    "team:BUF": -0.05,
    "team:NJD": 0.040037,
    "team:TOR": -0.049,
    "team:DAL": 0.040037,
    "div:Central": 0.049,
    "team:WPG": 0.047893,
    "team:NSH": -0.040037,
    "team:CGY": -0.05,
    "team:VGK": 0.05,
    "team:EDM": 0.04802,
    "team:VAN": 0.04802,
    "team:WSH": 0.04706,
    "team:MIN": -0.04706,
    "team:TBL": 0.049,
    "team:PIT": 0.049,
    "team:NYI": -0.04802,
    "team:SJS": -0.05,
    "team:PHI": -0.049,
    "team:LAK": -0.049,
    "team:STL": -0.049,
    "team:COL": 0.049,
    "team:SEA": 0.05
  },
  "goals": {
    "team:CBJ": -0.178654,
    "div:Metropolitan": 0.2757,
    "conf:East": 0.3,
    "team:BUF": 0.134,
    "div:Atlantic": 0.2358,
    "team:MTL": -0.029204,
    "team:PIT": 0.3,
    "team:CAR": 0.172104,
    "team:TBL": 0.294,
    "team:ANA": 0.3,
    "div:Pacific": 0.0406,
    "conf:West": 0.0406,
    "team:UTA": -0.282358,
    "div:Central": -0.3,
    "team:NYR": 0.282358,
    "team:BOS": 0.294,
    "team:DET": -0.167776,
    "team:CHI": 0.004508,
    "team:NJD": 0.28812,
    "team:NYI": 0.034382,
    "team:TOR": 0.030576,
    "team:OTT": -0.017057,
    "team:PHI": -0.225204,
    "team:DAL": -0.165424,
    "team:MIN": -0.282358,
    "team:WPG": -0.03381,
    "team:EDM": -0.2154,
    "team:NSH": -0.294,
    "team:CGY": -0.3,
    "team:SEA": 0.2174,
    "team:VGK": -0.3,
    "team:LAK": -0.005194,
    "team:FLA": 0.265753,
    "team:VAN": 0.3,
    "team:WSH": 0.282358,
    "team:SJS": -0.3,
    "team:STL": -0.195314,
    "team:COL": -0.242
  }
}