{
  "ml_home": {
    "team:CBJ": 0.044293,
    "div:Metropolitan": 0.036763,
    "conf:East": -0.05,
    "team:MTL": -0.044293,
    "div:Atlantic": -0.05,
    "team:CAR": -0.044293,
    "team:ANA": 0.041688,
    "div:Pacific": -0.05,
    "conf:West": -0.05,
    "team:NYR": -0.042539,
    "team:DET": 0.043407,
    "team:BUF": 0.008823,
    "team:NJD": 0.042539,
    "team:TOR": -0.05,
    "team:DAL": 0.05,
    "div:Central": -0.05,
    "team:WPG": -0.043912,
    "team:NSH": 0.044293,
    "team:CGY": -0.05,
    "team:VGK": 0.035465,
    "team:EDM": -0.044293,
    "team:VAN": -0.05,
    "team:WSH": 0.041688,
    "team:MIN": 0.044293,
    "team:TBL": 0.031417,
    "team:PIT": -0.041688,
    "team:NYI": 0.031417,
    "team:SJS": 0.05,
    "team:PHI": -0.040854,
    "team:LAK": -0.042539,
    "team:STL": 0.041688,
    "team:COL": -0.05,
    "team:SEA": -0.05,
    "team:UTA": 0.041688,
    "team:CHI": -0.05,
    "team:BOS": 0.044293,
    "team:FLA": 0.030789,
    "team:OTT": 0.034519
  },
  "goals": {
    "team:CBJ": -0.163615,
    "div:Metropolitan": -0.1711,
    "conf:East": -0.1711,
    "team:BUF": 0.265753,
    "div:Atlantic": -0.3,
    "team:MTL": -0.170258,
    "team:PIT": 0.265753,
    "team:CAR": -0.209501,
    "team:TBL": -0.3,
    "team:ANA": 0.3,
    "div:Pacific": 0.0397,
    "conf:West": -0.0131,
    "team:UTA": 0.250124,
    "div:Central": -0.2511,
    "team:NYR": -0.3,
    "team:BOS": 0.006821,
    "team:DET": -0.03818,
    "team:CHI": -0.3,
    "team:NJD": 0.3,
    "team:NYI": 0.132149,
    "team:TOR": -0.0773,
    "team:OTT": 0.146341,
    "team:PHI": 0.3,
    "team:DAL": -0.108,
    "team:MIN": 0.058554,
    "team:WPG": -0.163615,
    "team:EDM": 0.021791,
    "team:NSH": 0.265753,
    "team:CGY": -0.3,
    "team:SEA": -0.3,
    "team:VGK": 0.3,
    "team:LAK": -0.255229,
    "team:FLA": -0.173891,
    "team:VAN": 0.3,
    "team:WSH": -0.0912,
    "team:SJS": -0.1014,
    "team:STL": -0.3,
    "team:COL": 0.004
  }
}