{
  "ml_home": {
    "team:CBJ": -0.046119,
    "div:Metropolitan": 0.049,
    "conf:East": 0.05,
    "team:MTL": 0.049,
    "div:Atlantic": 0.05,
    "team:CAR": 0.038451,
    "team:ANA": 0.049,
    "div:Pacific": 0.049,
    "conf:West": 0.04911,
    "team:NYR": -0.049,
    "team:DET": 0.05,
    "team:BUF": 0.05,
    "team:NJD": 0.027831,
    "team:TOR": 0.049,
    "team:DAL": 0.049,
    "div:Central": 0.04911,
    "team:WPG": 0.038451,
    "team:NSH": -0.038451,
    "team:CGY": -0.049,
    "team:VGK": -0.036189,
    "team:EDM": 0.038451,
    "team:VAN": -0.046119,
    "team:WSH": 0.049,
    "team:MIN": 0.046119,
    "team:TBL": -0.038451,
    "team:PIT": -0.038451,
    "team:NYI": -0.046119,
    "team:SJS": -0.049,
    "team:PHI": 0.046119,
    "team:LAK": 0.032564,
    "team:STL": -0.05,
    "team:COL": -0.038451,
    "team:SEA": 0.038451,
    "team:UTA": 0.05,
    "team:CHI": 0.046119,
    "team:BOS": -0.046119,
    "team:FLA": 0.038451,
    "team:OTT": -0.046119
  },
  "goals": {
    "team:CBJ": 0.023982,
    "div:Metropolitan": 0.220696,
    "conf:East": -0.1368,
    "team:BUF": 0.3,
    "div:Atlantic": -0.1368,
    "team:MTL": 0.294,
    "team:PIT": -0.05978,
    "team:CAR": 0.294,
    "team:TBL": -0.294,
    "team:ANA": 0.294,
    "div:Pacific": -0.3,
    "conf:West": -0.1662,
    "team:UTA": -0.1732,
    "div:Central": 0.2632,
    "team:NYR": -0.294,
    "team:BOS": 0.123413,
    "team:DET": 0.3,
    "team:CHI": 0.3,
    "team:NJD": 0.208455,
    "team:NYI": -0.276711,
    "team:TOR": 0.294,
    "team:OTT": 0.0019,
    "team:PHI": 0.276711,
    "team:DAL": 0.294,
    "team:MIN": -0.26999,
    "team:WPG": 0.276711,
    "team:EDM": -0.294,
    "team:NSH": 0.294,
    "team:CGY": -0.3,
    "team:SEA": 0.294,
    "team:VGK": 0.294,
    "team:LAK": -0.145365,
    "team:FLA": -0.3,
    "team:VAN": -0.276711,
    "team:WSH": -0.080458,
    "team:SJS": -0.294,
    "team:STL": 0.2446,
    "team:COL": 0.116034
  }
}