{
  "ml_home": {
    "team:CBJ": -0.041688,
    "div:Metropolitan": -0.05,
    "conf:East": -0.05,
    "team:MTL": 0.047158,
    "div:Atlantic": -0.04493,
    "team:CAR": 0.045197,
    "team:ANA": 0.049,
    "div:Pacific": 0.049,
    "conf:West": 0.05,
    "team:NYR": 0.036189,
    "team:DET": -0.033641,
    "team:BUF": -0.046119,
    "team:NJD": 0.040854,
    "team:TOR": -0.039236,
    "team:DAL": 0.045197,
    "div:Central": 0.05,
    "team:WPG": -0.042539,
    "team:NSH": -0.042539,
    "team:CGY": 0.042539,
    "team:VGK": -0.046119,
    "team:EDM": -0.04706,
    "team:VAN": 0.041688,
    "team:WSH": 0.040854,
    "team:MIN": 0.05,
    "team:TBL": 0.046119,
    "team:PIT": -0.045197,
    "team:NYI": -0.041688,
    "team:SJS": -0.039236,
    "team:PHI": -0.05,
    "team:LAK": -0.020245,
    "team:STL": 0.040561,
    "team:COL": 0.046119,
    "team:SEA": 0.039236,
    "team:UTA": 0.049,
    "team:CHI": -0.039236,
    "team:BOS": -0.04802,
    "team:FLA": 0.03338,
    "team:OTT": -0.05
  },
  "goals": {
    "team:CBJ": -0.250124,
    "div:Metropolitan": -0.0227,
    "conf:East": -0.0415,
    "team:BUF": -0.017479,
    "div:Atlantic": -0.3,
    "team:MTL": -0.14308,
    "team:PIT": -0.0488,
    "team:CAR": -0.0534,
    "team:TBL": -0.294,
    "team:ANA": 0.294,
    "div:Pacific": 0.294,
    "conf:West": -0.0531,
    "team:UTA": 0.065366,
    "div:Central": -0.0534,
    "team:NYR": -0.235416,
    "team:BOS": -0.28812,
    "team:DET": 0.161182,
    "team:CHI": -0.20795,
    "team:NJD": -0.250124,
    "team:NYI": -0.250124,
    "team:TOR": -0.065132,
    "team:OTT": -0.3,
    "team:PHI": 0.003,
    "team:DAL": -0.1206,
    "team:MIN": -0.0358,
    "team:WPG": -0.255229,
    "team:EDM": 0.294,
    "team:NSH": -0.04075,
    "team:CGY": -0.222729,
    "team:SEA": -0.255229,
    "team:VGK": -0.294,
    "team:LAK": -0.28812,
    "team:FLA": 0.235416,
    "team:VAN": -0.162837,
    "team:WSH": -0.101968,
    "team:SJS": 0.255229,
    "team:STL": 0.255229,
    "team:COL": -0.052054
  }
}