{
  "ml_home": {
    "team:CBJ": 0.041688,
    "div:Metropolitan": 0.034601,
    "conf:East": -0.05,
    "team:MTL": -0.041688,
    "div:Atlantic": -0.05,
    "team:CAR": -0.041688,
    "team:ANA": 0.039236,
    "div:Pacific": -0.05,
    "conf:West": -0.05,
    "team:NYR": -0.040037,
    "team:DET": 0.040854,
    "team:BUF": 0.008305,
    "team:NJD": 0.040037,
    "team:TOR": -0.05,
    "team:DAL": 0.05,
    "div:Central": -0.05,
    "team:WPG": -0.04133,
    "team:NSH": 0.041688,
    "team:CGY": -0.05,
    "team:VGK": 0.03338,
    "team:EDM": -0.041688,
    "team:VAN": -0.05,
    "team:WSH": 0.039236,
    "team:MIN": 0.041688,
    "team:TBL": 0.02957,
    "team:PIT": -0.039236,
    "team:NYI": 0.02957,
    "team:SJS": 0.05,
    "team:PHI": -0.038451,
    "team:LAK": -0.040037,
    "team:STL": 0.039236,
    "team:COL": -0.05,
    "team:SEA": -0.05,
    "team:UTA": 0.039236,
    "team:CHI": -0.05,
    "team:BOS": 0.041688,
    "team:FLA": 0.028979,
    "team:OTT": 0.032489
  },
  "goals": {
    "team:CBJ": -0.153993,
    "div:Metropolitan": -0.1715,
    "conf:East": -0.1715,
    "team:BUF": 0.250124,
    "div:Atlantic": -0.3,
    "team:MTL": -0.160246,
    "team:PIT": 0.250124,
    "team:CAR": -0.197181,
    "team:TBL": -0.3,
    "team:ANA": 0.3,
    "div:Pacific": 0.0383,
    "conf:West": -0.0144,
    "team:UTA": 0.235416,
    "div:Central": -0.2515,
    "team:NYR": -0.3,
    "team:BOS": 0.00642,
    "team:DET": -0.035935,
    "team:CHI": -0.3,
    "team:NJD": 0.3,
    "team:NYI": 0.124378,
    "team:TOR": -0.0645,
    "team:OTT": 0.137735,
    "team:PHI": 0.3,
    "team:DAL": -0.0793,
    "team:MIN": 0.05511,
    "team:WPG": -0.153993,
    "team:EDM": 0.020509,
    "team:NSH": 0.250124,
    "team:CGY": -0.3,
    "team:SEA": -0.3,
    "team:VGK": 0.3,
    "team:LAK": -0.24022,
    "team:FLA": -0.163665,
    "team:VAN": 0.3,
    "team:WSH": -0.0712,
    "team:SJS": -0.0762,
    "team:STL": -0.3,
    "team:COL": -0.0254
  }
}