{
  "ml_home": {
    "team:CBJ": -0.04706,
    "div:Metropolitan": -0.05,
    "conf:East": 0.05,
    "team:MTL": 0.032763,
    "div:Atlantic": 0.05,
    "team:CAR": 0.049,
    "team:ANA": 0.04706,
    "div:Pacific": 0.05,
    "conf:West": 0.05,
    "team:NYR": -0.043679,
    "team:DET": -0.04706,
    "team:BUF": 0.05,
    "team:NJD": -0.05,
    "team:TOR": -0.040388,
    "team:DAL": 0.049,
    "div:Central": -0.03993,
    "team:WPG": -0.043407,
    "team:NSH": -0.04802,
    "team:CGY": 0.042539,
    "team:VGK": 0.04802,
    "team:EDM": -0.045197,
    "team:VAN": -0.043407,
    "team:WSH": 0.04706,
    "team:MIN": -0.04802,
    "team:TBL": 0.046119,
    "team:PIT": -0.04802,
    "team:NYI": -0.049,
    "team:SJS": 0.05,
    "team:PHI": -0.05,
    "team:LAK": 0.04802,
    "team:STL": -0.04072,
    "team:COL": 0.04802,
    "team:SEA": -0.04802,
    "team:UTA": -0.046119,
    "team:CHI": 0.049,
    "team:BOS": 0.04802,
    "team:FLA": -0.04706,
    "team:OTT": -0.036928
  },
  "goals": {
    "team:CBJ": 0.1979,
    "div:Metropolitan": 0.1744,
    "conf:East": 0.3,
    "team:BUF": 0.1936,
    "div:Atlantic": 0.1989,
    "team:MTL": 0.019112,
    "team:PIT": 0.3,
    "team:CAR": -0.29351,
    "team:TBL": 0.28812,
    "team:ANA": 0.3,
    "div:Pacific": 0.3,
    "conf:West": 0.226,
    "team:UTA": -0.2445,
    "div:Central": -0.254,
    "team:NYR": -0.172968,
    "team:BOS": -0.24058,
    "team:DET": -0.246054,
    "team:CHI": 0.22442,
    "team:NJD": 0.155,
    "team:NYI": -0.294,
    "team:TOR": 0.28812,
    "team:OTT": -0.294,
    "team:PHI": -0.1835,
    "team:DAL": 0.294,
    "team:MIN": -0.040721,
    "team:WPG": -0.2991,
    "team:EDM": 0.28812,
    "team:NSH": 0.019112,
    "team:CGY": -0.294,
    "team:SEA": -0.28812,
    "team:VGK": -0.0485,
    "team:LAK": -0.237315,
    "team:FLA": -0.002071,
    "team:VAN": -0.28812,
    "team:WSH": 0.294,
    "team:SJS": 0.3,
    "team:STL": -0.3,
    "team:COL": 0.28812
  }
}