{
  "ml_home": {
    "team:CBJ": -0.027274,
    "div:Metropolitan": -0.046119,
    "conf:East": -0.05,
    "team:MTL": -0.05,
    "div:Atlantic": -0.05,
    "team:CAR": 0.040854,
    "team:ANA": 0.04802,
    "div:Pacific": 0.05,
    "conf:West": 0.05,
    "team:NYR": 0.023678,
    "team:DET": -0.022011,
    "team:BUF": -0.045197,
    "team:NJD": 0.026729,
    "team:TOR": -0.02567,
    "team:DAL": -0.035465,
    "div:Central": -0.044512,
    "team:WPG": -0.027831,
    "team:NSH": -0.027831,
    "team:CGY": 0.027831,
    "team:VGK": 0.05,
    "team:EDM": 0.035465,
    "team:VAN": 0.027274,
    "team:WSH": 0.026729,
    "team:MIN": -0.044512,
    "team:TBL": -0.040037,
    "team:PIT": 0.034756,
    "team:NYI": -0.027274,
    "team:SJS": -0.02567,
    "team:PHI": -0.046119,
    "team:LAK": -0.034061,
    "team:STL": 0.026537,
    "team:COL": 0.041688,
    "team:SEA": 0.02567,
    "team:UTA": -0.037682,
    "team:CHI": -0.02567,
    "team:BOS": -0.037682,
    "team:FLA": 0.021839,
    "team:OTT": -0.032712
  },
  "goals": {
    "team:CBJ": -0.163646,
    "div:Metropolitan": -0.213344,
    "conf:East": -0.1884,
    "team:BUF": -0.2529,
    "div:Atlantic": -0.1884,
    "team:MTL": 0.008,
    "team:PIT": -0.217141,
    "team:CAR": 0.074251,
    "team:TBL": -0.24022,
    "team:ANA": -0.1143,
    "div:Pacific": -0.1054,
    "conf:West": -0.0626,
    "team:UTA": -0.143718,
    "div:Central": 0.135534,
    "team:NYR": -0.154023,
    "team:BOS": -0.226094,
    "team:DET": 0.105453,
    "team:CHI": -0.136054,
    "team:NJD": -0.163646,
    "team:NYI": -0.163646,
    "team:TOR": -0.042613,
    "team:OTT": -0.196278,
    "team:PHI": -0.276711,
    "team:DAL": -0.221572,
    "team:MIN": 0.004116,
    "team:WPG": -0.166986,
    "team:EDM": -0.00096,
    "team:NSH": -0.026659,
    "team:CGY": -0.145719,
    "team:SEA": -0.166986,
    "team:VGK": 0.0893,
    "team:LAK": -0.204371,
    "team:FLA": 0.154023,
    "team:VAN": -0.106537,
    "team:WSH": -0.066714,
    "team:SJS": 0.166986,
    "team:STL": 0.166986,
    "team:COL": 0.221088
  }
}