{
  "ml_home": {
    "team:CBJ": -0.044293,
    "div:Metropolitan": 0.04706,
    "conf:East": 0.05,
    "team:MTL": 0.04706,
    "div:Atlantic": 0.05,
    "team:CAR": 0.036928,
    "team:ANA": 0.04706,
    "div:Pacific": 0.04706,
    "conf:West": 0.03488,
    "team:NYR": -0.04706,
    "team:DET": 0.05,
    "team:BUF": 0.05,
    "team:NJD": 0.026729,
    "team:TOR": 0.04706,
    "team:DAL": 0.04706,
    "div:Central": 0.03488,
    "team:WPG": 0.036928,
    "team:NSH": -0.036928,
    "team:CGY": -0.04706,
    "team:VGK": -0.034756,
    "team:EDM": 0.036928,
    "team:VAN": -0.044293,
    "team:WSH": 0.04706,
    "team:MIN": 0.044293,
    "team:TBL": -0.036928,
    "team:PIT": -0.036928,
    "team:NYI": -0.044293,
    "team:SJS": -0.04706,
    "team:PHI": 0.044293,
    "team:LAK": 0.031275,
    "team:STL": -0.05,
    "team:COL": -0.036928,
    "team:SEA": 0.036928,
    "team:UTA": 0.05,
    "team:CHI": 0.044293,
    "team:BOS": -0.044293,
    "team:FLA": 0.036928,
    "team:OTT": -0.044293
  },
  "goals": {
    "team:CBJ": 0.023032,
    "div:Metropolitan": 0.211956,
    "conf:East": -0.1412,
    "team:BUF": 0.3,
    "div:Atlantic": -0.1412,
    "team:MTL": 0.282358,
    "team:PIT": -0.057412,
    "team:CAR": 0.282358,
    "team:TBL": -0.282358,
    "team:ANA": 0.282358,
    "div:Pacific": -0.3,
    "conf:West": -0.1742,
    "team:UTA": -0.0712,
    "div:Central": 0.2588,
    "team:NYR": -0.282358,
    "team:BOS": 0.118526,
    "team:DET": 0.3,
    "team:CHI": 0.3,
    "team:NJD": 0.2002,
    "team:NYI": -0.265753,
    "team:TOR": 0.282358,
    "team:OTT": 0.3,
    "team:PHI": 0.265753,
    "team:DAL": 0.282358,
    "team:MIN": -0.259298,
    "team:WPG": 0.265753,
    "team:EDM": -0.282358,
    "team:NSH": 0.282358,
    "team:CGY": -0.3,
    "team:SEA": 0.282358,
    "team:VGK": 0.282358,
    "team:LAK": -0.139609,
    "team:FLA": -0.3,
    "team:VAN": -0.265753,
    "team:WSH": -0.077272,
    "team:SJS": -0.282358,
    "team:STL": 0.1856,
    "team:COL": 0.111439
  }
}