{
  "ml_home": {
    "team:CBJ": 0.045197,
    "div:Metropolitan": -0.05,
    "conf:East": -0.05,
    "team:MTL": -0.034756,
    "div:Atlantic": 0.05,
    "team:CAR": -0.034756,
    "team:ANA": 0.032712,
    "div:Pacific": 0.05,
    "conf:West": 0.05,
    "team:NYR": 0.05,
    "team:DET": 0.034061,
    "team:BUF": 0.006925,
    "team:NJD": 0.03338,
    "team:TOR": -0.04802,
    "team:DAL": 0.044293,
    "div:Central": -0.04802,
    "team:WPG": -0.045197,
    "team:NSH": -0.045197,
    "team:CGY": -0.04802,
    "team:VGK": 0.027831,
    "team:EDM": 0.05,
    "team:VAN": -0.04802,
    "team:WSH": 0.032712,
    "team:MIN": -0.045197,
    "team:TBL": 0.05,
    "team:PIT": -0.032712,
    "team:NYI": -0.045197,
    "team:SJS": 0.044293,
    "team:PHI": -0.05,
    "team:LAK": -0.03338,
    "team:STL": -0.045197,
    "team:COL": -0.044293,
    "team:SEA": 0.04802,
    "team:UTA": 0.032712,
    "team:CHI": -0.04802,
    "team:BOS": 0.045197,
    "team:FLA": 0.024161,
    "team:OTT": 0.04802
  },
  "goals": {
    "team:CBJ": 0.271177,
    "div:Metropolitan": -0.0536,
    "conf:East": -0.0536,
    "team:BUF": 0.271177,
    "div:Atlantic": -0.1824,
    "team:MTL": -0.11778,
    "team:PIT": 0.075199,
    "team:CAR": 0.038417,
    "team:TBL": -0.2928,
    "team:ANA": 0.3,
    "div:Pacific": 0.3,
    "conf:West": 0.3,
    "team:UTA": -0.3,
    "div:Central": -0.3,
    "team:NYR": 0.1623,
    "team:BOS": 0.087,
    "team:DET": 0.271177,
    "team:CHI": -0.28812,
    "team:NJD": -0.28812,
    "team:NYI": 0.1589,
    "team:TOR": -0.28812,
    "team:OTT": 0.28812,
    "team:PHI": -0.3,
    "team:DAL": -0.058821,
    "team:MIN": 0.025943,
    "team:WPG": -0.271177,
    "team:EDM": 0.3,
    "team:NSH": -0.024768,
    "team:CGY": -0.167686,
    "team:SEA": 0.28812,
    "team:VGK": -0.28812,
    "team:LAK": 0.190456,
    "team:FLA": 0.28812,
    "team:VAN": -0.28812,
    "team:WSH": 0.271177,
    "team:SJS": -0.057579,
    "team:STL": -0.042665,
    "team:COL": 0.28812
  }
}