{
  "ml_home": {
    "team:CBJ": 0.04706,
    "div:Metropolitan": 0.03647,
    "conf:East": -0.05,
    "team:MTL": -0.05,
    "div:Atlantic": -0.05,
    "team:CAR": -0.04706,
    "team:ANA": -0.04706,
    "div:Pacific": 0.05,
    "conf:West": 0.03647,
    "team:NYR": -0.05,
    "team:DET": 0.05,
    "team:BUF": 0.042539,
    "team:NJD": 0.042539,
    "team:TOR": -0.042539,
    "team:DAL": 0.042539,
    "div:Central": -0.05,
    "team:WPG": -0.042539,
    "team:NSH": -0.042539,
    "team:CGY": 0.042539,
    "team:VGK": 0.05,
    "team:EDM": -0.04706,
    "team:VAN": 0.04706,
    "team:WSH": 0.05,
    "team:MIN": -0.05
  },
  "goals": {
    "team:CBJ": 0.282358,
    "div:Metropolitan": -0.1582,
    "conf:East": 0.3,
    "team:BUF": -0.3,
    "div:Atlantic": 0.3,
    "team:MTL": -0.3,
    "team:PIT": -0.282358,
    "team:CAR": -0.282358,
    "team:TBL": -0.141056,
    "team:ANA": -0.282358,
    "div:Pacific": -0.1077,
    "conf:West": -0.0704,
    "team:UTA": -0.3,
    "div:Central": -0.0203,
    "team:NYR": 0.3,
    "team:BOS": 0.255229,
    "team:DET": 0.3,
    "team:CHI": -0.255229,
    "team:NJD": 0.255229,
    "team:NYI": 0.3,
    "team:TOR": 0.3,
    "team:OTT": -0.018122,
    "team:PHI": -0.3,
    "team:DAL": 0.3,
    "team:MIN": -0.3,
    "team:WPG": -0.255229,
    "team:EDM": -0.282358,
    "team:NSH": -0.255229,
    "team:CGY": -0.282358,
    "team:SEA": 0.282358,
    "team:VGK": -0.124,
    "team:LAK": -0.007812,
    "team:FLA": 0.282358,
    "team:VAN": -0.001883,
    "team:WSH": 0.3
  }
}