{
  "ml_home": {
    "team:CBJ": -0.0448,
    "div:Metropolitan": -0.05,
    "conf:East": -0.03897,
    "team:MTL": -0.042539,
    "div:Atlantic": 0.03222,
    "team:CAR": 0.026729,
    "team:ANA": -0.038451,
    "div:Pacific": 0.049,
    "conf:West": 0.05,
    "team:NYR": -0.049,
    "team:DET": 0.043407,
    "team:BUF": 0.05,
    "team:NJD": 0.05,
    "team:TOR": -0.045197,
    "team:DAL": -0.049,
    "div:Central": 0.00506,
    "team:WPG": 0.00506,
    "team:NSH": 0.049,
    "team:CGY": -0.04802,
    "team:VGK": 0.042539,
    "team:EDM": 0.049,
    "team:VAN": -0.032058,
    "team:WSH": 0.045197,
    "team:MIN": 0.032058,
    "team:TBL": -0.049,
    "team:PIT": 0.045197,
    "team:NYI": 0.049,
    "team:SJS": -0.042539,
    "team:PHI": 0.042539,
    "team:LAK": -0.042539,
    "team:STL": -0.049,
    "team:COL": -0.049,
    "team:SEA": 0.026729,
    "team:UTA": 0.045197,
    "team:CHI": 0.043407,
    "team:BOS": -0.049,
    "team:FLA": -0.049,
    "team:OTT": 0.026842
  },
  "goals": {
    "team:CBJ": -0.1646,
    "div:Metropolitan": 0.2755,
    "conf:East": 0.2573,
    "team:BUF": 0.3,
    "div:Atlantic": 0.2584,
    "team:MTL": 0.181202,
    "team:PIT": 0.294,
    "team:CAR": 0.294,
    "team:TBL": -0.294,
    "team:ANA": 0.294,
    "div:Pacific": -0.0987,
    "conf:West": 0.2584,
    "team:UTA": 0.294,
    "div:Central": 0.3,
    "team:NYR": 0.294,
    "team:BOS": 0.294,
    "team:DET": -0.294,
    "team:CHI": -0.18865,
    "team:NJD": 0.2489,
    "team:NYI": 0.294,
    "team:TOR": -0.1985,
    "team:OTT": -0.28175,
    "team:PHI": -0.294,
    "team:DAL": -0.294,
    "team:MIN": -0.28812,
    "team:WPG": 0.1832,
    "team:EDM": 0.294,
    "team:NSH": -0.294,
    "team:CGY": -0.2121,
    "team:SEA": -0.197176,
    "team:VGK": 0.255229,
    "team:LAK": -0.197176,
    "team:FLA": 0.168952,
    "team:VAN": -0.294,
    "team:WSH": 0.3,
    "team:SJS": -0.1464,
    "team:STL": -0.001176,
    "team:COL": 0.294
  }
}