{
  "ml_home": {
    "team:CBJ": 0.03338,
    "div:Metropolitan": 0.05,
    "conf:East": 0.05,
    "team:MTL": 0.042539,
    "div:Atlantic": 0.01854,
    "team:CAR": 0.05,
    "team:ANA": 0.05,
    "div:Pacific": 0.05,
    "conf:West": 0.05,
    "team:NYR": -0.042539,
    "team:DET": -0.044293,
    "team:BUF": -0.044293,
    "team:NJD": -0.04981,
    "team:TOR": -0.038451,
    "team:DAL": 0.049,
    "div:Central": 0.021638,
    "team:WPG": -0.03338,
    "team:NSH": 0.049,
    "team:CGY": -0.049,
    "team:VGK": -0.044293,
    "team:EDM": -0.05,
    "team:VAN": -0.044293,
    "team:WSH": 0.049,
    "team:MIN": 0.049,
    "team:TBL": 0.05,
    "team:PIT": -0.049,
    "team:NYI": 0.04488,
    "team:SJS": 0.032712,
    "team:PHI": 0.05,
    "team:LAK": -0.024654,
    "team:STL": -0.044293,
    "team:COL": -0.049,
    "team:SEA": 0.042539,
    "team:UTA": 0.049,
    "team:CHI": 0.049,
    "team:BOS": 0.042539,
    "team:FLA": -0.049,
    "team:OTT": 0.044293
  },
  "goals": {
    "team:CBJ": 0.1905,
    "div:Metropolitan": 0.3,
    "conf:East": 0.3,
    "team:BUF": 0.2131,
    "div:Atlantic": 0.3,
    "team:MTL": 0.132888,
    "team:PIT": 0.0044,
    "team:CAR": 0.2012,
    "team:TBL": 0.3,
    "team:ANA": 0.3,
    "div:Pacific": -0.2718,
    "conf:West": -0.2718,
    "team:UTA": 0.294,
    "div:Central": 0.294,
    "team:NYR": 0.265753,
    "team:BOS": 0.282358,
    "team:DET": -0.294,
    "team:CHI": 0.294,
    "team:NJD": -0.3,
    "team:NYI": 0.1427,
    "team:TOR": 0.3,
    "team:OTT": 0.0842,
    "team:PHI": -0.0347,
    "team:DAL": 0.294,
    "team:MIN": 0.294,
    "team:WPG": -0.20727,
    "team:EDM": -0.1122,
    "team:NSH": 0.294,
    "team:CGY": -0.294,
    "team:SEA": -0.1122,
    "team:VGK": -0.132614,
    "team:LAK": -0.282358,
    "team:FLA": -0.20727,
    "team:VAN": -0.294,
    "team:WSH": 0.0131,
    "team:SJS": -0.20727,
    "team:STL": 0.294,
    "team:COL": -0.294
  }
}