{
  "ml_home": {
    "team:CBJ": 0.044293,
    "div:Metropolitan": 0.040572,
    "conf:East": 0.040572,
    "team:MTL": -0.049,
    "div:Atlantic": -0.049,
    "team:CAR": 0.04212,
    "team:ANA": 0.04706,
    "div:Pacific": 0.05,
    "conf:West": 0.05,
    "team:NYR": -0.04706,
    "team:DET": 0.042539,
    "team:BUF": 0.041688,
    "team:NJD": -0.045197,
    "team:TOR": 0.04802,
    "team:DAL": 0.04706,
    "div:Central": -0.05,
    "team:WPG": -0.032781,
    "team:NSH": 0.049,
    "team:CGY": -0.04997,
    "team:VGK": 0.042539,
    "team:EDM": -0.049,
    "team:VAN": -0.04802,
    "team:WSH": 0.04706,
    "team:MIN": -0.040037,
    "team:TBL": -0.046119,
    "team:PIT": -0.049,
    "team:NYI": 0.049,
    "team:SJS": -0.024437,
    "team:PHI": 0.048716,
    "team:LAK": 0.025014,
    "team:STL": -0.049,
    "team:COL": 0.042539,
    "team:SEA": 0.05,
    "team:UTA": -0.05,
    "team:CHI": 0.05,
    "team:BOS": 0.046119,
    "team:FLA": 0.04706,
    "team:OTT": -0.049
  },
  "goals": {
    "team:CBJ": -0.294,
    "div:Metropolitan": -0.3,
    "conf:East": 0.1463,
    "team:BUF": 0.15582,
    "div:Atlantic": 0.3,
    "team:MTL": -0.294,
    "team:PIT": -0.001274,
    "team:CAR": 0.051156,
    "team:TBL": 0.294,
    "team:ANA": 0.294,
    "div:Pacific": -0.2557,
    "conf:West": -0.1946,
    "team:UTA": -0.2426,
    "div:Central": 0.0731,
    "team:NYR": -0.3,
    "team:BOS": 0.294,
    "team:DET": 0.3,
    "team:CHI": -0.238,
    "team:NJD": -0.036554,
    "team:NYI": 0.154938,
    "team:TOR": -0.28812,
    "team:OTT": -0.232554,
    "team:PHI": 0.161014,
    "team:DAL": 0.28224,
    "team:MIN": -0.040721,
    "team:WPG": -0.194334,
    "team:EDM": 0.21021,
    "team:NSH": 0.184828,
    "team:CGY": 0.2184,
    "team:SEA": -0.2426,
    "team:VGK": 0.231182,
    "team:LAK": 0.0184,
    "team:FLA": 0.3,
    "team:VAN": -0.28812,
    "team:WSH": -0.043954,
    "team:SJS": -0.294,
    "team:STL": -0.243334,
    "team:COL": 0.039004
  }
}