{
  "ml_home": {
    "team:CBJ": 0.04802,
    "div:Metropolitan": 0.05,
    "conf:East": -0.03306,
    "team:MTL": -0.04802,
    "div:Atlantic": -0.05,
    "team:CAR": 0.030173,
    "team:ANA": -0.043407,
    "div:Pacific": -0.025508,
    "conf:West": 0.05,
    "team:NYR": -0.038451,
    "team:DET": 0.049,
    "team:BUF": 0.04802,
    "team:NJD": 0.04802,
    "team:TOR": -0.05,
    "team:DAL": -0.05,
    "div:Central": 0.05,
    "team:WPG": 0.04802,
    "team:NSH": -0.05,
    "team:CGY": -0.038451,
    "team:VGK": 0.04802,
    "team:EDM": 0.030173,
    "team:VAN": -0.036189,
    "team:WSH": 0.00966,
    "team:MIN": 0.036189,
    "team:TBL": -0.030173,
    "team:PIT": 0.05,
    "team:NYI": 0.05,
    "team:SJS": -0.04802,
    "team:PHI": 0.04802,
    "team:LAK": -0.04802,
    "team:STL": -0.05,
    "team:COL": 0.013052,
    "team:SEA": 0.030173,
    "team:UTA": 0.05,
    "team:CHI": 0.049,
    "team:BOS": -0.05,
    "team:FLA": 0.030173,
    "team:OTT": -0.05
  },
  "goals": {
    "team:CBJ": 0.2628,
    "div:Metropolitan": 0.3,
    "conf:East": 0.3,
    "team:BUF": 0.211672,
    "div:Atlantic": 0.0386,
    "team:MTL": 0.137241,
    "team:PIT": 0.3,
    "team:CAR": 0.28812,
    "team:TBL": -0.28812,
    "team:ANA": 0.1818,
    "div:Pacific": 0.177,
    "conf:West": 0.0361,
    "team:UTA": 0.3,
    "div:Central": -0.0014,
    "team:NYR": -0.000672,
    "team:BOS": -0.2182,
    "team:DET": -0.013818,
    "team:CHI": -0.294,
    "team:NJD": 0.3,
    "team:NYI": 0.3,
    "team:TOR": -0.3,
    "team:OTT": 0.0475,
    "team:PHI": -0.28812,
    "team:DAL": -0.3,
    "team:MIN": -0.28812,
    "team:WPG": 0.28812,
    "team:EDM": -0.2182,
    "team:NSH": -0.3,
    "team:CGY": -0.28812,
    "team:SEA": -0.1525,
    "team:VGK": 0.28812,
    "team:LAK": -0.3,
    "team:FLA": -0.0135,
    "team:VAN": -0.1478,
    "team:WSH": 0.3,
    "team:SJS": -0.2135,
    "team:STL": -0.2735,
    "team:COL": 0.2475
  }
}