{
  "ml_home": {
    "team:CBJ": 0.044293,
    "div:Metropolitan": -0.05,
    "conf:East": -0.05,
    "team:MTL": -0.034061,
    "div:Atlantic": 0.05,
    "team:CAR": -0.034061,
    "team:ANA": 0.032058,
    "div:Pacific": 0.05,
    "conf:West": 0.05,
    "team:NYR": 0.05,
    "team:DET": 0.03338,
    "team:BUF": 0.006786,
    "team:NJD": 0.032712,
    "team:TOR": -0.04706,
    "team:DAL": 0.043407,
    "div:Central": -0.04706,
    "team:WPG": -0.044293,
    "team:NSH": -0.044293,
    "team:CGY": -0.04706,
    "team:VGK": 0.027274,
    "team:EDM": 0.05,
    "team:VAN": -0.04706,
    "team:WSH": 0.032058,
    "team:MIN": -0.044293,
    "team:TBL": 0.05,
    "team:PIT": -0.032058,
    "team:NYI": -0.044293,
    "team:SJS": 0.043407,
    "team:PHI": -0.05,
    "team:LAK": -0.032712,
    "team:STL": -0.044293,
    "team:COL": -0.043407,
    "team:SEA": 0.04706,
    "team:UTA": 0.032058,
    "team:CHI": -0.04706,
    "team:BOS": 0.044293,
    "team:FLA": 0.023678,
    "team:OTT": 0.04706
  },
  "goals": {
    "team:CBJ": 0.265753,
    "div:Metropolitan": -0.0535,
    "conf:East": -0.0535,
    "team:BUF": 0.265753,
    "div:Atlantic": -0.2535,
    "team:MTL": -0.115424,
    "team:PIT": 0.073695,
    "team:CAR": 0.037649,
    "team:TBL": -0.3,
    "team:ANA": 0.3,
    "div:Pacific": 0.3,
    "conf:West": 0.3,
    "team:UTA": -0.3,
    "div:Central": -0.3,
    "team:NYR": 0.3,
    "team:BOS": 0.0547,
    "team:DET": 0.265753,
    "team:CHI": -0.282358,
    "team:NJD": -0.282358,
    "team:NYI": 0.3,
    "team:TOR": -0.282358,
    "team:OTT": 0.282358,
    "team:PHI": -0.3,
    "team:DAL": -0.057645,
    "team:MIN": 0.025424,
    "team:WPG": -0.265753,
    "team:EDM": 0.3,
    "team:NSH": -0.024273,
    "team:CGY": -0.164332,
    "team:SEA": 0.282358,
    "team:VGK": -0.282358,
    "team:LAK": 0.186647,
    "team:FLA": 0.282358,
    "team:VAN": -0.282358,
    "team:WSH": 0.265753,
    "team:SJS": -0.056427,
    "team:STL": -0.041812,
    "team:COL": 0.282358
  }
}