{
  "ml_home": {
    "team:CBJ": 0.034756,
    "div:Metropolitan": 0.02668,
    "conf:East": 0.02668,
    "team:MTL": 0.044293,
    "div:Atlantic": -0.01499,
    "team:CAR": 0.049,
    "team:ANA": 0.049,
    "div:Pacific": -0.05,
    "conf:West": -0.05,
    "team:NYR": -0.044293,
    "team:DET": -0.046119,
    "team:BUF": -0.046119,
    "team:NJD": 0.044293,
    "team:TOR": -0.040037,
    "team:DAL": 0.05,
    "div:Central": 0.02715,
    "team:WPG": -0.034756,
    "team:NSH": 0.03144,
    "team:CGY": -0.05,
    "team:VGK": -0.046119,
    "team:EDM": -0.046119,
    "team:VAN": -0.046119,
    "team:WSH": 0.05,
    "team:MIN": 0.05,
    "team:TBL": 0.049,
    "team:PIT": -0.05,
    "team:NYI": -0.046119,
    "team:SJS": 0.034061,
    "team:PHI": -0.046119,
    "team:LAK": -0.02567,
    "team:STL": -0.046119,
    "team:COL": -0.05,
    "team:SEA": 0.044293,
    "team:UTA": 0.03025,
    "team:CHI": 0.05,
    "team:BOS": 0.044293,
    "team:FLA": -0.05,
    "team:OTT": 0.046119
  },
  "goals": {
    "team:CBJ": 0.276711,
    "div:Metropolitan": -0.3,
    "conf:East": -0.061,
    "team:BUF": 0.2302,
    "div:Atlantic": 0.101,
    "team:MTL": 0.2004,
    "team:PIT": 0.0004,
    "team:CAR": 0.03038,
    "team:TBL": 0.294,
    "team:ANA": 0.291158,
    "div:Pacific": -0.3,
    "conf:West": -0.2058,
    "team:UTA": 0.3,
    "div:Central": 0.3,
    "team:NYR": 0.276711,
    "team:BOS": 0.294,
    "team:DET": -0.3,
    "team:CHI": 0.3,
    "team:NJD": -0.276711,
    "team:NYI": -0.3,
    "team:TOR": 0.0213,
    "team:OTT": 0.2004,
    "team:PHI": -0.276711,
    "team:DAL": 0.2935,
    "team:MIN": 0.3,
    "team:WPG": -0.2423,
    "team:EDM": 0.143059,
    "team:NSH": 0.3,
    "team:CGY": -0.3,
    "team:SEA": 0.143059,
    "team:VGK": -0.138082,
    "team:LAK": -0.294,
    "team:FLA": -0.2423,
    "team:VAN": -0.3,
    "team:WSH": 0.3,
    "team:SJS": -0.2423,
    "team:STL": 0.3,
    "team:COL": -0.3
  }
}