{
  "ml_home": {
    "team:CBJ": 0.046119,
    "div:Metropolitan": 0.01116,
    "conf:East": 0.05,
    "team:MTL": -0.049,
    "div:Atlantic": 0.05,
    "team:CAR": 0.044293,
    "team:ANA": 0.049,
    "div:Pacific": -0.05,
    "conf:West": -0.05,
    "team:NYR": -0.049,
    "team:DET": 0.03338,
    "team:BUF": -0.049,
    "team:NJD": 0.034756,
    "team:TOR": 0.05,
    "team:DAL": 0.049,
    "div:Central": 0.049,
    "team:WPG": 0.046119,
    "team:NSH": -0.014002,
    "team:CGY": 0.05,
    "team:VGK": 0.049,
    "team:EDM": 0.024747,
    "team:VAN": -0.05,
    "team:WSH": 0.0142,
    "team:MIN": 0.049,
    "team:TBL": 0.044293,
    "team:PIT": 0.012653,
    "team:NYI": -0.049,
    "team:SJS": -0.006108,
    "team:PHI": -0.04706,
    "team:LAK": 0.049,
    "team:STL": 0.04802,
    "team:COL": 0.049,
    "team:SEA": -0.05,
    "team:UTA": -0.04706,
    "team:CHI": 0.036189,
    "team:BOS": 0.046119,
    "team:FLA": 0.046119,
    "team:OTT": 0.044293
  },
  "goals": {
    "team:CBJ": -0.3,
    "div:Metropolitan": -0.1683,
    "conf:East": -0.1683,
    "team:BUF": -0.227752,
    "div:Atlantic": 0.1964,
    "team:MTL": 0.294,
    "team:PIT": 0.006147,
    "team:CAR": -0.141708,
    "team:TBL": -0.232064,
    "team:ANA": 0.294,
    "div:Pacific": 0.3,
    "conf:West": 0.3,
    "team:UTA": -0.2337,
    "div:Central": 0.1517,
    "team:NYR": -0.294,
    "team:BOS": 0.20188,
    "team:DET": -0.294,
    "team:CHI": 0.1612,
    "team:NJD": -0.282358,
    "team:NYI": -0.158956,
    "team:TOR": 0.3,
    "team:OTT": 0.202921,
    "team:PHI": 0.157192,
    "team:DAL": 0.009212,
    "team:MIN": 0.108388,
    "team:WPG": -0.294,
    "team:EDM": -0.129654,
    "team:NSH": -0.08232,
    "team:CGY": 0.1658,
    "team:SEA": -0.3,
    "team:VGK": -0.294,
    "team:LAK": -0.2303,
    "team:FLA": 0.094276,
    "team:VAN": 0.0222,
    "team:WSH": 0.3,
    "team:SJS": 0.3,
    "team:STL": -0.3,
    "team:COL": 0.00931
  }
}