{
  "ml_home": {
    "team:CBJ": 0.036928,
    "div:Metropolitan": 0.02692,
    "conf:East": 0.05,
    "team:MTL": 0.04706,
    "div:Atlantic": 0.05,
    "team:CAR": 0.05,
    "team:ANA": 0.05,
    "div:Pacific": 0.05,
    "conf:West": 0.05,
    "team:NYR": -0.04706,
    "team:DET": -0.049,
    "team:BUF": -0.049,
    "team:NJD": 0.04706,
    "team:TOR": -0.042539,
    "team:DAL": 0.036189,
    "div:Central": -0.049,
    "team:WPG": -0.036928,
    "team:NSH": -0.036928,
    "team:CGY": 0.049,
    "team:VGK": -0.049,
    "team:EDM": -0.049,
    "team:VAN": -0.049,
    "team:WSH": 0.049,
    "team:MIN": 0.04706,
    "team:TBL": 0.05,
    "team:PIT": 0.049,
    "team:NYI": -0.049,
    "team:SJS": 0.036189,
    "team:PHI": -0.049,
    "team:LAK": -0.027274,
    "team:STL": -0.049,
    "team:COL": -0.036189,
    "team:SEA": 0.04706,
    "team:UTA": -0.049,
    "team:CHI": -0.039236,
    "team:BOS": 0.04706,
    "team:FLA": -0.049,
    "team:OTT": 0.049
  },
  "goals": {
    "team:CBJ": 0.294,
    "div:Metropolitan": 0.1546,
    "conf:East": 0.3,
    "team:BUF": -0.197666,
    "div:Atlantic": 0.3,
    "team:MTL": 0.294,
    "team:PIT": 0.294,
    "team:CAR": 0.1051,
    "team:TBL": 0.3,
    "team:ANA": -0.0424,
    "div:Pacific": -0.0617,
    "conf:West": -0.0071,
    "team:UTA": -0.197666,
    "div:Central": 0.294,
    "team:NYR": 0.294,
    "team:BOS": 0.3,
    "team:DET": -0.294,
    "team:CHI": -0.282358,
    "team:NJD": -0.294,
    "team:NYI": -0.209426,
    "team:TOR": -0.209426,
    "team:OTT": 0.294,
    "team:PHI": -0.294,
    "team:DAL": 0.151998,
    "team:MIN": 0.294,
    "team:WPG": -0.294,
    "team:EDM": 0.151998,
    "team:NSH": 0.140238,
    "team:CGY": -0.209426,
    "team:SEA": 0.151998,
    "team:VGK": -0.1746,
    "team:LAK": -0.3,
    "team:FLA": -0.294,
    "team:VAN": -0.294,
    "team:WSH": 0.294,
    "team:SJS": -0.294,
    "team:STL": 0.151998,
    "team:COL": 0.294
  }
}