{
  "ml_home": {
    "team:CBJ": 0.04802,
    "div:Metropolitan": 0.05,
    "conf:East": 0.05,
    "team:MTL": 0.044293,
    "div:Atlantic": -0.05,
    "team:CAR": 0.049,
    "team:ANA": -0.049,
    "div:Pacific": -0.05,
    "conf:West": -0.05,
    "team:NYR": 0.044293,
    "team:DET": 0.04802,
    "team:BUF": 0.04706,
    "team:NJD": -0.04706,
    "team:TOR": 0.05,
    "team:DAL": -0.04706,
    "div:Central": -0.05,
    "team:WPG": -0.049,
    "team:NSH": 0.044293,
    "team:CGY": 0.049,
    "team:VGK": -0.049,
    "team:EDM": 0.046119,
    "team:VAN": -0.05,
    "team:WSH": -0.046119,
    "team:MIN": -0.046119,
    "team:TBL": 0.04802,
    "team:PIT": 0.05,
    "team:NYI": 0.04706,
    "team:SJS": -0.044293,
    "team:PHI": 0.045197,
    "team:LAK": 0.04706,
    "team:STL": -0.033144,
    "team:COL": 0.049,
    "team:SEA": -0.049,
    "team:UTA": -0.049,
    "team:CHI": -0.05,
    "team:BOS": -0.046119,
    "team:FLA": -0.05,
    "team:OTT": -0.049
  },
  "goals": {
    "team:CBJ": 0.237748,
    "div:Metropolitan": 0.3,
    "conf:East": 0.3,
    "team:BUF": 0.294,
    "div:Atlantic": -0.2092,
    "team:MTL": 0.2195,
    "team:PIT": 0.3,
    "team:CAR": -0.2389,
    "team:TBL": 0.28812,
    "team:ANA": -0.040768,
    "div:Pacific": -0.0015,
    "conf:West": -0.1721,
    "team:UTA": -0.232162,
    "div:Central": 0.0243,
    "team:NYR": -0.294,
    "team:BOS": -0.294,
    "team:DET": 0.0097,
    "team:CHI": -0.2455,
    "team:NJD": -0.3,
    "team:NYI": -0.2414,
    "team:TOR": 0.2083,
    "team:OTT": -0.176988,
    "team:PHI": 0.3,
    "team:DAL": 0.150967,
    "team:MIN": 0.294,
    "team:WPG": -0.294,
    "team:EDM": 0.008624,
    "team:NSH": 0.137396,
    "team:CGY": -0.294,
    "team:SEA": -0.085554,
    "team:VGK": 0.019012,
    "team:LAK": 0.019012,
    "team:FLA": 0.0243,
    "team:VAN": -0.0138,
    "team:WSH": 0.018424,
    "team:SJS": 0.294,
    "team:STL": -0.294,
    "team:COL": 0.294
  }
}