{
  "ml_home": {
    "team:CBJ": -0.046119,
    "div:Metropolitan": -0.05,
    "conf:East": -0.05,
    "team:MTL": 0.04706,
    "div:Atlantic": 0.049,
    "team:CAR": -0.049,
    "team:ANA": -0.045197,
    "div:Pacific": -0.032026,
    "conf:West": 0.05,
    "team:NYR": 0.04706,
    "team:DET": -0.041688,
    "team:BUF": -0.049,
    "team:NJD": -0.049,
    "team:TOR": 0.049,
    "team:DAL": 0.049,
    "div:Central": 0.04157,
    "team:WPG": -0.049,
    "team:NSH": -0.039236,
    "team:CGY": 0.042539,
    "team:VGK": 0.049,
    "team:EDM": -0.013883,
    "team:VAN": 0.049,
    "team:WSH": 0.002122,
    "team:MIN": -0.049,
    "team:TBL": 0.007879,
    "team:PIT": 0.045197,
    "team:NYI": -0.05,
    "team:SJS": -0.042539,
    "team:PHI": 0.045543,
    "team:LAK": -0.042539,
    "team:STL": 0.04312,
    "team:COL": -0.04706,
    "team:SEA": -0.049,
    "team:UTA": -0.049,
    "team:CHI": 0.046119,
    "team:BOS": -0.049,
    "team:FLA": 0.049,
    "team:OTT": -0.04802
  },
  "goals": {
    "team:CBJ": -0.189434,
    "div:Metropolitan": -0.2112,
    "conf:East": -0.2112,
    "team:BUF": -0.189434,
    "div:Atlantic": -0.294,
    "team:MTL": 0.120146,
    "team:PIT": 0.006566,
    "team:CAR": -0.189434,
    "team:TBL": 0.1764,
    "team:ANA": 0.130536,
    "div:Pacific": -0.3,
    "conf:West": -0.1434,
    "team:UTA": -0.294,
    "div:Central": 0.1508,
    "team:NYR": 0.294,
    "team:BOS": -0.2156,
    "team:DET": -0.294,
    "team:CHI": -0.080556,
    "team:NJD": -0.044296,
    "team:NYI": -0.2558,
    "team:TOR": 0.294,
    "team:OTT": -0.218683,
    "team:PHI": 0.015582,
    "team:DAL": 0.294,
    "team:MIN": -0.110936,
    "team:WPG": -0.249214,
    "team:EDM": -0.2187,
    "team:NSH": -0.055272,
    "team:CGY": 0.142786,
    "team:SEA": -0.294,
    "team:VGK": 0.294,
    "team:LAK": -0.2288,
    "team:FLA": -0.1764,
    "team:VAN": -0.048706,
    "team:WSH": -0.294,
    "team:SJS": -0.0098,
    "team:STL": 0.0809,
    "team:COL": 0.294
  }
}