{
  "ml_home": {
    "team:CBJ": -0.04802,
    "div:Metropolitan": 0.05,
    "conf:East": 0.05,
    "team:MTL": -0.05,
    "div:Atlantic": -0.05,
    "team:CAR": 0.04802,
    "team:ANA": -0.04802,
    "div:Pacific": -0.04802,
    "conf:West": -0.05,
    "team:NYR": 0.05,
    "team:DET": -0.05,
    "team:BUF": 0.044293,
    "team:NJD": -0.028456,
    "team:TOR": 0.016896,
    "team:DAL": -0.04802,
    "div:Central": -0.05,
    "team:WPG": -0.028861,
    "team:NSH": -0.040854,
    "team:CGY": 0.021073,
    "team:VGK": 0.046119,
    "team:EDM": -0.04802,
    "team:VAN": -0.04802,
    "team:WSH": 0.04802,
    "team:MIN": 0.046119,
    "team:TBL": 0.04802,
    "team:PIT": 0.05,
    "team:NYI": -0.04706,
    "team:SJS": -0.04802,
    "team:PHI": 0.05,
    "team:LAK": 0.04802,
    "team:STL": 0.040854,
    "team:COL": -0.05,
    "team:SEA": -0.04802,
    "team:UTA": -0.039236,
    "team:CHI": -0.044293,
    "team:BOS": 0.044293,
    "team:FLA": 0.046119,
    "team:OTT": 0.05
  },
  "goals": {
    "team:CBJ": -0.28812,
    "div:Metropolitan": -0.1893,
    "conf:East": -0.1893,
    "team:BUF": -0.28812,
    "div:Atlantic": -0.3,
    "team:MTL": -0.3,
    "team:PIT": 0.3,
    "team:CAR": 0.1322,
    "team:TBL": 0.194193,
    "team:ANA": -0.157217,
    "div:Pacific": -0.056568,
    "conf:West": -0.0207,
    "team:UTA": 0.28812,
    "div:Central": -0.0207,
    "team:NYR": 0.3,
    "team:BOS": -0.3,
    "team:DET": 0.1202,
    "team:CHI": -0.056472,
    "team:NJD": 0.0722,
    "team:NYI": -0.253065,
    "team:TOR": 0.28812,
    "team:OTT": 0.3,
    "team:PHI": -0.3,
    "team:DAL": -0.28812,
    "team:MIN": 0.3,
    "team:WPG": -0.28812,
    "team:EDM": -0.28812,
    "team:NSH": 0.28812,
    "team:CGY": 0.28812,
    "team:SEA": -0.28812,
    "team:VGK": 0.28812,
    "team:LAK": 0.28812,
    "team:FLA": -0.3,
    "team:VAN": 0.170183,
    "team:WSH": -0.3,
    "team:SJS": 0.194193,
    "team:STL": 0.1285,
    "team:COL": -0.3
  }
}