{
  "ml_home": {
    "team:CBJ": 0.046119,
    "div:Metropolitan": -0.05,
    "conf:East": -0.05,
    "team:MTL": -0.035465,
    "div:Atlantic": 0.05,
    "team:CAR": -0.035465,
    "team:ANA": 0.03338,
    "div:Pacific": 0.05,
    "conf:West": 0.05,
    "team:NYR": 0.05,
    "team:DET": 0.034756,
    "team:BUF": 0.007066,
    "team:NJD": 0.034061,
    "team:TOR": -0.049,
    "team:DAL": 0.045197,
    "div:Central": -0.049,
    "team:WPG": -0.046119,
    "team:NSH": -0.046119,
    "team:CGY": -0.049,
    "team:VGK": 0.028399,
    "team:EDM": 0.05,
    "team:VAN": -0.049,
    "team:WSH": 0.03338,
    "team:MIN": -0.046119,
    "team:TBL": 0.04732,
    "team:PIT": -0.03338,
    "team:NYI": -0.046119,
    "team:SJS": 0.045197,
    "team:PHI": -0.05,
    "team:LAK": -0.034061,
    "team:STL": -0.046119,
    "team:COL": -0.045197,
    "team:SEA": 0.049,
    "team:UTA": 0.03338,
    "team:CHI": -0.049,
    "team:BOS": 0.046119,
    "team:FLA": 0.024654,
    "team:OTT": 0.049
  },
  "goals": {
    "team:CBJ": 0.276711,
    "div:Metropolitan": -0.0538,
    "conf:East": -0.0538,
    "team:BUF": 0.276711,
    "div:Atlantic": 0.0034,
    "team:MTL": -0.120184,
    "team:PIT": 0.076734,
    "team:CAR": 0.039201,
    "team:TBL": -0.101,
    "team:ANA": 0.3,
    "div:Pacific": 0.3,
    "conf:West": 0.3,
    "team:UTA": -0.3,
    "div:Central": -0.3,
    "team:NYR": -0.0307,
    "team:BOS": 0.1284,
    "team:DET": 0.276711,
    "team:CHI": -0.294,
    "team:NJD": -0.294,
    "team:NYI": -0.0351,
    "team:TOR": -0.294,
    "team:OTT": 0.294,
    "team:PHI": -0.3,
    "team:DAL": -0.060021,
    "team:MIN": 0.026472,
    "team:WPG": -0.276711,
    "team:EDM": 0.3,
    "team:NSH": -0.025273,
    "team:CGY": -0.171108,
    "team:SEA": 0.294,
    "team:VGK": -0.294,
    "team:LAK": 0.194343,
    "team:FLA": 0.294,
    "team:VAN": -0.294,
    "team:WSH": 0.276711,
    "team:SJS": -0.058754,
    "team:STL": -0.043536,
    "team:COL": 0.294
  }
}