{
  "ml_home": {
    "team:CBJ": -0.030789,
    "div:Metropolitan": -0.041993,
    "conf:East": -0.05,
    "team:MTL": -0.042539,
    "div:Atlantic": -0.05,
    "team:CAR": 0.046119,
    "team:ANA": -0.05,
    "div:Pacific": -0.05,
    "conf:West": -0.05,
    "team:NYR": 0.026729,
    "team:DET": -0.024847,
    "team:BUF": -0.05,
    "team:NJD": 0.030173,
    "team:TOR": -0.028979,
    "team:DAL": -0.040037,
    "div:Central": 0.04706,
    "team:WPG": -0.031417,
    "team:NSH": -0.031417,
    "team:CGY": 0.031417,
    "team:VGK": -0.04802,
    "team:EDM": 0.040037,
    "team:VAN": 0.030789,
    "team:WSH": 0.030173,
    "team:MIN": 0.041688,
    "team:TBL": -0.045197,
    "team:PIT": 0.039236,
    "team:NYI": -0.030789,
    "team:SJS": -0.028979,
    "team:PHI": -0.049,
    "team:LAK": -0.038451,
    "team:STL": 0.029957,
    "team:COL": 0.04706,
    "team:SEA": 0.028979,
    "team:UTA": -0.042539,
    "team:CHI": -0.028979,
    "team:BOS": -0.042539,
    "team:FLA": 0.024654,
    "team:OTT": -0.036928
  },
  "goals": {
    "team:CBJ": -0.184735,
    "div:Metropolitan": -0.058114,
    "conf:East": 0.1419,
    "team:BUF": -0.2618,
    "div:Atlantic": 0.1419,
    "team:MTL": 0.1514,
    "team:PIT": -0.245122,
    "team:CAR": 0.130536,
    "team:TBL": -0.271177,
    "team:ANA": -0.3,
    "div:Pacific": 0.3,
    "conf:West": 0.3,
    "team:UTA": -0.162239,
    "div:Central": 0.019106,
    "team:NYR": -0.173871,
    "team:BOS": -0.255229,
    "team:DET": 0.119043,
    "team:CHI": -0.153587,
    "team:NJD": -0.184735,
    "team:NYI": -0.184735,
    "team:TOR": -0.048105,
    "team:OTT": -0.221572,
    "team:PHI": -0.294,
    "team:DAL": -0.250124,
    "team:MIN": 0.010165,
    "team:WPG": -0.188505,
    "team:EDM": -0.001084,
    "team:NSH": -0.030095,
    "team:CGY": -0.164499,
    "team:SEA": -0.188505,
    "team:VGK": 0.3,
    "team:LAK": -0.230708,
    "team:FLA": 0.173871,
    "team:VAN": -0.120266,
    "team:WSH": -0.075312,
    "team:SJS": 0.188505,
    "team:STL": 0.188505,
    "team:COL": 0.282358
  }
}