{
  "ml_home": {
    "team:CBJ": 0.046119,
    "div:Metropolitan": 0.038279,
    "conf:East": -0.05,
    "team:MTL": -0.046119,
    "div:Atlantic": -0.05,
    "team:CAR": -0.046119,
    "team:ANA": 0.043407,
    "div:Pacific": -0.05,
    "conf:West": -0.05,
    "team:NYR": -0.044293,
    "team:DET": 0.045197,
    "team:BUF": 0.009187,
    "team:NJD": 0.044293,
    "team:TOR": -0.05,
    "team:DAL": 0.05,
    "div:Central": -0.05,
    "team:WPG": -0.045722,
    "team:NSH": 0.046119,
    "team:CGY": -0.05,
    "team:VGK": 0.036928,
    "team:EDM": -0.046119,
    "team:VAN": -0.05,
    "team:WSH": 0.043407,
    "team:MIN": 0.046119,
    "team:TBL": 0.032712,
    "team:PIT": -0.043407,
    "team:NYI": 0.032712,
    "team:SJS": 0.05,
    "team:PHI": -0.042539,
    "team:LAK": -0.044293,
    "team:STL": 0.043407,
    "team:COL": -0.05,
    "team:SEA": -0.05,
    "team:UTA": 0.043407,
    "team:CHI": -0.05,
    "team:BOS": 0.046119,
    "team:FLA": 0.032058,
    "team:OTT": 0.035942
  },
  "goals": {
    "team:CBJ": -0.170361,
    "div:Metropolitan": -0.1708,
    "conf:East": -0.1708,
    "team:BUF": 0.276711,
    "div:Atlantic": -0.3,
    "team:MTL": -0.177279,
    "team:PIT": 0.276711,
    "team:CAR": -0.21814,
    "team:TBL": -0.3,
    "team:ANA": 0.3,
    "div:Pacific": 0.0407,
    "conf:West": -0.0123,
    "team:UTA": 0.260438,
    "div:Central": -0.2508,
    "team:NYR": -0.3,
    "team:BOS": 0.007102,
    "team:DET": -0.039754,
    "team:CHI": -0.3,
    "team:NJD": 0.3,
    "team:NYI": 0.137598,
    "team:TOR": -0.0938,
    "team:OTT": 0.152375,
    "team:PHI": 0.3,
    "team:DAL": -0.1439,
    "team:MIN": 0.060968,
    "team:WPG": -0.170361,
    "team:EDM": 0.02269,
    "team:NSH": 0.276711,
    "team:CGY": -0.3,
    "team:SEA": -0.3,
    "team:VGK": 0.3,
    "team:LAK": -0.265753,
    "team:FLA": -0.181061,
    "team:VAN": 0.3,
    "team:WSH": -0.1164,
    "team:SJS": -0.133,
    "team:STL": -0.3,
    "team:COL": 0.0384
  }
}