{
  "ml_home": {
    "team:CBJ": -0.02957,
    "div:Metropolitan": -0.05,
    "conf:East": -0.05,
    "team:MTL": -0.040854,
    "div:Atlantic": -0.049,
    "team:CAR": 0.044293,
    "team:ANA": -0.049,
    "div:Pacific": -0.049,
    "conf:West": 0.05,
    "team:NYR": 0.02567,
    "team:DET": -0.023863,
    "team:BUF": -0.049,
    "team:NJD": 0.028979,
    "team:TOR": -0.027831,
    "team:DAL": -0.038451,
    "div:Central": 0.05,
    "team:WPG": -0.030173,
    "team:NSH": -0.030173,
    "team:CGY": 0.030173,
    "team:VGK": -0.046119,
    "team:EDM": 0.038451,
    "team:VAN": 0.02957,
    "team:WSH": 0.028979,
    "team:MIN": 0.05,
    "team:TBL": -0.043407,
    "team:PIT": 0.037682,
    "team:NYI": -0.02957,
    "team:SJS": -0.027831,
    "team:PHI": -0.05,
    "team:LAK": -0.036928,
    "team:STL": 0.028771,
    "team:COL": 0.045197,
    "team:SEA": 0.027831,
    "team:UTA": -0.040854,
    "team:CHI": -0.027831,
    "team:BOS": -0.040854,
    "team:FLA": 0.023678,
    "team:OTT": -0.035465
  },
  "goals": {
    "team:CBJ": -0.177419,
    "div:Metropolitan": -0.2313,
    "conf:East": -0.107,
    "team:BUF": -0.294,
    "div:Atlantic": 0.138278,
    "team:MTL": 0.294,
    "team:PIT": -0.235416,
    "team:CAR": 0.0805,
    "team:TBL": -0.260438,
    "team:ANA": -0.294,
    "div:Pacific": 0.294,
    "conf:West": -0.1798,
    "team:UTA": -0.155814,
    "div:Central": -0.1798,
    "team:NYR": -0.166986,
    "team:BOS": -0.245122,
    "team:DET": 0.114329,
    "team:CHI": -0.147505,
    "team:NJD": -0.177419,
    "team:NYI": -0.177419,
    "team:TOR": -0.0462,
    "team:OTT": -0.212798,
    "team:PHI": -0.3,
    "team:DAL": -0.24022,
    "team:MIN": 0.3,
    "team:WPG": -0.18104,
    "team:EDM": -0.001041,
    "team:NSH": -0.028903,
    "team:CGY": -0.157985,
    "team:SEA": -0.18104,
    "team:VGK": 0.294,
    "team:LAK": -0.221572,
    "team:FLA": 0.166986,
    "team:VAN": -0.115504,
    "team:WSH": -0.07233,
    "team:SJS": 0.18104,
    "team:STL": 0.18104,
    "team:COL": -0.2028
  }
}