{
  "ml_home": {
    "team:CBJ": 0.045207,
    "div:Metropolitan": -0.05,
    "conf:East": -0.05,
    "team:MTL": 0.011256,
    "div:Atlantic": 0.05,
    "team:CAR": 0.041688,
    "team:ANA": 0.049,
    "div:Pacific": -0.03115,
    "conf:West": -0.03115,
    "team:NYR": -0.05,
    "team:DET": 0.04802,
    "team:BUF": 0.01037,
    "team:NJD": 0.05,
    "team:TOR": 0.041688,
    "team:DAL": -0.036189,
    "div:Central": 0.049,
    "team:WPG": 0.049,
    "team:NSH": 0.049,
    "team:CGY": -0.035465,
    "team:VGK": 0.041688,
    "team:EDM": -0.041688,
    "team:VAN": -0.035465,
    "team:WSH": 0.049,
    "team:MIN": -0.04802,
    "team:TBL": 0.036928,
    "team:PIT": -0.049,
    "team:NYI": 0.036928,
    "team:SJS": -0.04706,
    "team:PHI": -0.04802,
    "team:LAK": -0.05,
    "team:STL": 0.049,
    "team:COL": -0.04802,
    "team:SEA": -0.040037,
    "team:UTA": 0.049,
    "team:CHI": -0.04802,
    "team:BOS": 0.049,
    "team:FLA": 0.036189,
    "team:OTT": 0.040572
  },
  "goals": {
    "team:CBJ": 0.294,
    "div:Metropolitan": -0.0096,
    "conf:East": 0.3,
    "team:BUF": 0.3,
    "div:Atlantic": 0.3,
    "team:MTL": 0.023912,
    "team:PIT": -0.294,
    "team:CAR": -0.294,
    "team:TBL": 0.023912,
    "team:ANA": -0.174146,
    "div:Pacific": -0.2499,
    "conf:West": -0.2499,
    "team:UTA": 0.294,
    "div:Central": -0.167384,
    "team:NYR": -0.0404,
    "team:BOS": -0.236474,
    "team:DET": -0.294,
    "team:CHI": -0.28812,
    "team:NJD": 0.2206,
    "team:NYI": 0.15533,
    "team:TOR": -0.174342,
    "team:OTT": 0.3,
    "team:PHI": -0.3,
    "team:DAL": -0.290374,
    "team:MIN": -0.160483,
    "team:WPG": 0.294,
    "team:EDM": 0.219912,
    "team:NSH": 0.099666,
    "team:CGY": -0.2107,
    "team:SEA": -0.2243,
    "team:VGK": 0.216,
    "team:LAK": -0.3,
    "team:FLA": 0.018536,
    "team:VAN": -0.294,
    "team:WSH": -0.236474,
    "team:SJS": -0.282358,
    "team:STL": -0.2107,
    "team:COL": 0.190063
  }
}