{
  "ml_home": {
    "team:CBJ": 0.03914,
    "div:Metropolitan": 0.05,
    "conf:East": 0.05,
    "team:MTL": -0.04802,
    "div:Atlantic": 0.05,
    "team:CAR": -0.04802,
    "team:ANA": 0.05,
    "div:Pacific": 0.05,
    "conf:West": 0.05,
    "team:NYR": -0.049,
    "team:DET": -0.04802,
    "team:BUF": 0.05,
    "team:NJD": -0.042539,
    "team:TOR": -0.046119,
    "team:DAL": 0.04802,
    "div:Central": 0.049,
    "team:WPG": 0.035465,
    "team:NSH": 0.04706,
    "team:CGY": -0.031511,
    "team:VGK": -0.046119,
    "team:EDM": 0.042539,
    "team:VAN": -0.043407,
    "team:WSH": 0.05,
    "team:MIN": 0.049,
    "team:TBL": -0.049,
    "team:PIT": 0.010143,
    "team:NYI": -0.040037,
    "team:SJS": 0.040854,
    "team:PHI": -0.044293,
    "team:LAK": -0.039236,
    "team:STL": -0.04802,
    "team:COL": 0.049,
    "team:SEA": 0.04802,
    "team:UTA": -0.04706,
    "team:CHI": 0.04802,
    "team:BOS": -0.05,
    "team:FLA": 0.05,
    "team:OTT": -0.04802
  },
  "goals": {
    "team:CBJ": 0.0495,
    "div:Metropolitan": -0.0505,
    "conf:East": 0.16,
    "team:BUF": 0.3,
    "div:Atlantic": 0.2295,
    "team:MTL": -0.241,
    "team:PIT": -0.041258,
    "team:CAR": 0.0131,
    "team:TBL": -0.129458,
    "team:ANA": -0.241,
    "div:Pacific": -0.2432,
    "conf:West": -0.3,
    "team:UTA": -0.2767,
    "div:Central": -0.2206,
    "team:NYR": -0.294,
    "team:BOS": -0.3,
    "team:DET": 0.023128,
    "team:CHI": 0.141467,
    "team:NJD": -0.040241,
    "team:NYI": -0.235592,
    "team:TOR": -0.119954,
    "team:OTT": -0.28812,
    "team:PHI": -0.170567,
    "team:DAL": 0.28812,
    "team:MIN": -0.241864,
    "team:WPG": 0.237123,
    "team:EDM": -0.18,
    "team:NSH": -0.294,
    "team:CGY": -0.233665,
    "team:SEA": 0.28812,
    "team:VGK": -0.178948,
    "team:LAK": -0.3,
    "team:FLA": 0.3,
    "team:VAN": 0.3,
    "team:WSH": -0.3,
    "team:SJS": -0.28812,
    "team:STL": -0.192176,
    "team:COL": 0.294
  }
}