{
  "ml_home": {
    "team:CBJ": -0.040037,
    "div:Metropolitan": -0.05,
    "conf:East": -0.05,
    "team:MTL": -0.049,
    "div:Atlantic": 0.01595,
    "team:CAR": -0.042539,
    "team:ANA": -0.039236,
    "div:Pacific": 0.049,
    "conf:West": -0.05,
    "team:NYR": -0.05,
    "team:DET": 0.0262,
    "team:BUF": -0.016326,
    "team:NJD": 0.05,
    "team:TOR": 0.042539,
    "team:DAL": -0.05,
    "div:Central": -0.05,
    "team:WPG": 0.049,
    "team:NSH": -0.034061,
    "team:CGY": 0.036928,
    "team:VGK": 0.044293,
    "team:EDM": 0.049,
    "team:VAN": -0.023254,
    "team:WSH": -0.044293,
    "team:MIN": -0.049,
    "team:TBL": -0.044293,
    "team:PIT": 0.039236,
    "team:NYI": -0.011862,
    "team:SJS": -0.036928,
    "team:PHI": -0.044293,
    "team:LAK": -0.036928,
    "team:STL": 0.037434,
    "team:COL": -0.05,
    "team:SEA": 0.049,
    "team:UTA": -0.044293,
    "team:CHI": 0.040037,
    "team:BOS": -0.042539,
    "team:FLA": 0.042539,
    "team:OTT": 0.049
  },
  "goals": {
    "team:CBJ": -0.265753,
    "div:Metropolitan": 0.3,
    "conf:East": 0.3,
    "team:BUF": -0.151656,
    "div:Atlantic": 0.2152,
    "team:MTL": -0.11172,
    "team:PIT": 0.3,
    "team:CAR": 0.025513,
    "team:TBL": -0.074765,
    "team:ANA": 0.294,
    "div:Pacific": 0.1835,
    "conf:West": 0.0152,
    "team:UTA": 0.3,
    "div:Central": 0.0152,
    "team:NYR": -0.2122,
    "team:BOS": -0.1607,
    "team:DET": 0.1626,
    "team:CHI": -0.265753,
    "team:NJD": 0.3,
    "team:NYI": -0.197721,
    "team:TOR": 0.294,
    "team:OTT": 0.294,
    "team:PHI": -0.265753,
    "team:DAL": 0.1224,
    "team:MIN": -0.294,
    "team:WPG": -0.137788,
    "team:EDM": -0.13671,
    "team:NSH": -0.294,
    "team:CGY": -0.3,
    "team:SEA": 0.294,
    "team:VGK": 0.265753,
    "team:LAK": 0.1737,
    "team:FLA": -0.294,
    "team:VAN": -0.231116,
    "team:WSH": -0.265753,
    "team:SJS": 0.294,
    "team:STL": -0.294,
    "team:COL": -0.3
  }
}