{
  "ml_home": {
    "team:CBJ": 0.046119,
    "div:Metropolitan": -0.05,
    "conf:East": -0.05,
    "team:MTL": -0.030173,
    "div:Atlantic": 0.049,
    "team:CAR": 0.049,
    "team:ANA": 0.05,
    "div:Pacific": 0.05,
    "conf:West": 0.05,
    "team:NYR": -0.034756,
    "team:DET": 0.036928,
    "team:BUF": -0.040037,
    "team:NJD": 0.038451,
    "team:TOR": 0.040037,
    "team:DAL": 0.040037,
    "div:Central": 0.006978,
    "team:WPG": 0.049,
    "team:NSH": -0.040037,
    "team:CGY": 0.038451,
    "team:VGK": -0.05,
    "team:EDM": -0.049,
    "team:VAN": -0.040037,
    "team:WSH": -0.05,
    "team:MIN": -0.049,
    "team:TBL": 0.049,
    "team:PIT": 0.013998,
    "team:NYI": 0.034756,
    "team:SJS": 0.049,
    "team:PHI": 0.049,
    "team:LAK": -0.049,
    "team:STL": -0.049,
    "team:COL": 0.040037,
    "team:SEA": -0.033855,
    "team:UTA": 0.032058,
    "team:CHI": 0.040037,
    "team:BOS": 0.049,
    "team:FLA": -0.040037,
    "team:OTT": 0.049
  },
  "goals": {
    "team:CBJ": 0.276711,
    "div:Metropolitan": -0.2509,
    "conf:East": -0.3,
    "team:BUF": 0.057624,
    "div:Atlantic": -0.0439,
    "team:MTL": 0.24022,
    "team:PIT": 0.294,
    "team:CAR": 0.294,
    "team:TBL": -0.294,
    "team:ANA": 0.3,
    "div:Pacific": 0.3,
    "conf:West": 0.3,
    "team:UTA": 0.140927,
    "div:Central": 0.3,
    "team:NYR": 0.294,
    "team:BOS": 0.294,
    "team:DET": 0.0243,
    "team:CHI": 0.099176,
    "team:NJD": -0.294,
    "team:NYI": -0.2461,
    "team:TOR": 0.047687,
    "team:OTT": 0.294,
    "team:PHI": 0.294,
    "team:DAL": -0.294,
    "team:MIN": -0.294,
    "team:WPG": 0.294,
    "team:EDM": 0.099176,
    "team:NSH": -0.294,
    "team:CGY": 0.075852,
    "team:SEA": -0.069425,
    "team:VGK": -0.0188,
    "team:LAK": 0.084966,
    "team:FLA": -0.063339,
    "team:VAN": 0.294,
    "team:WSH": -0.3,
    "team:SJS": 0.294,
    "team:STL": -0.043316,
    "team:COL": 0.3
  }
}