{
  "ml_home": {
    "team:CBJ": 0.034061,
    "div:Metropolitan": -0.05,
    "conf:East": -0.05,
    "team:MTL": -0.040854,
    "div:Atlantic": 0.018496,
    "team:CAR": 0.042539,
    "team:ANA": -0.034061,
    "div:Pacific": 0.042539,
    "conf:West": 0.042539,
    "team:NYR": -0.05,
    "team:DET": 0.042539,
    "team:BUF": -0.038451,
    "team:NJD": 0.030789,
    "team:TOR": -0.039236,
    "team:DAL": 0.040854,
    "div:Central": -0.042539,
    "team:WPG": 0.042539,
    "team:NSH": -0.042539,
    "team:CGY": -0.042539,
    "team:VGK": -0.040037,
    "team:EDM": 0.042539,
    "team:VAN": 0.040037,
    "team:WSH": 0.03913,
    "team:MIN": -0.042539,
    "team:TBL": -0.042539,
    "team:PIT": -0.042539,
    "team:NYI": -0.042539,
    "team:SJS": -0.042539,
    "team:PHI": 0.040854,
    "team:LAK": 0.036025,
    "team:STL": 0.039236,
    "team:COL": -0.042539,
    "team:SEA": 0.042539,
    "team:UTA": 0.040854,
    "team:CHI": -0.042539,
    "team:BOS": 0.042539,
    "team:FLA": 0.042539
  },
  "goals": {
    "team:CBJ": 0.255229,
    "div:Metropolitan": -0.3,
    "conf:East": -0.3,
    "team:BUF": -0.255229,
    "div:Atlantic": 0.007317,
    "team:MTL": -0.176194,
    "team:PIT": -0.255229,
    "team:CAR": 0.247486,
    "team:TBL": -0.176194,
    "team:ANA": 0.255229,
    "div:Pacific": -0.255229,
    "conf:West": -0.255229,
    "team:UTA": 0.137568,
    "div:Central": 0.255229,
    "team:NYR": -0.3,
    "team:BOS": 0.137568,
    "team:DET": 0.255229,
    "team:CHI": -0.255229,
    "team:NJD": 0.255229,
    "team:NYI": -0.208863,
    "team:TOR": 0.069423,
    "team:OTT": -0.255229,
    "team:PHI": 0.014378,
    "team:DAL": 0.255229,
    "team:MIN": 0.173472,
    "team:WPG": 0.134421,
    "team:EDM": -0.173044,
    "team:NSH": -0.255229,
    "team:CGY": -0.255229,
    "team:SEA": -0.215838,
    "team:VGK": -0.255229,
    "team:LAK": -0.23413,
    "team:FLA": 0.255229,
    "team:VAN": -0.255229,
    "team:WSH": -0.3,
    "team:SJS": 0.255229,
    "team:STL": 0.255229,
    "team:COL": 0.12736
  }
}