{
  "ml_home": {
    "team:CBJ": -0.040037,
    "div:Metropolitan": -0.04802,
    "conf:East": -0.05,
    "team:MTL": -0.05,
    "div:Atlantic": -0.05,
    "team:CAR": 0.043407,
    "team:ANA": 0.05,
    "div:Pacific": 0.05,
    "conf:West": 0.05,
    "team:NYR": 0.034756,
    "team:DET": -0.032309,
    "team:BUF": -0.044293,
    "team:NJD": 0.039236,
    "team:TOR": -0.037682,
    "team:DAL": 0.043407,
    "div:Central": 0.04802,
    "team:WPG": -0.040854,
    "team:NSH": -0.040854,
    "team:CGY": 0.040854,
    "team:VGK": -0.044293,
    "team:EDM": -0.045197,
    "team:VAN": 0.040037,
    "team:WSH": 0.039236,
    "team:MIN": 0.04802,
    "team:TBL": 0.044293,
    "team:PIT": -0.043407,
    "team:NYI": -0.040037,
    "team:SJS": -0.037682,
    "team:PHI": -0.04802,
    "team:LAK": -0.05,
    "team:STL": 0.038955,
    "team:COL": 0.044293,
    "team:SEA": 0.037682,
    "team:UTA": 0.04706,
    "team:CHI": -0.037682,
    "team:BOS": -0.05,
    "team:FLA": 0.032058,
    "team:OTT": -0.04802
  },
  "goals": {
    "team:CBJ": -0.24022,
    "div:Metropolitan": -0.021801,
    "conf:East": -0.0083,
    "team:BUF": 0.3,
    "div:Atlantic": -0.0083,
    "team:MTL": -0.3,
    "team:PIT": -0.046868,
    "team:CAR": -0.051285,
    "team:TBL": -0.2206,
    "team:ANA": 0.3,
    "div:Pacific": -0.0723,
    "conf:West": 0.2176,
    "team:UTA": 0.062778,
    "div:Central": 0.3,
    "team:NYR": -0.226094,
    "team:BOS": -0.3,
    "team:DET": 0.154799,
    "team:CHI": -0.199715,
    "team:NJD": -0.24022,
    "team:NYI": -0.24022,
    "team:TOR": -0.062552,
    "team:OTT": -0.28812,
    "team:PHI": 0.002881,
    "team:DAL": -0.115824,
    "team:MIN": -0.034382,
    "team:WPG": -0.245122,
    "team:EDM": 0.1409,
    "team:NSH": -0.039136,
    "team:CGY": -0.213909,
    "team:SEA": -0.245122,
    "team:VGK": -0.282358,
    "team:LAK": -0.3,
    "team:FLA": 0.226094,
    "team:VAN": -0.156388,
    "team:WSH": -0.09793,
    "team:SJS": 0.245122,
    "team:STL": 0.245122,
    "team:COL": 0.3
  }
}