{
  "ml_home": {
    "team:CBJ": -0.046119,
    "div:Metropolitan": 0.05,
    "conf:East": 0.05,
    "team:MTL": -0.038451,
    "div:Atlantic": 0.05,
    "team:CAR": 0.024161,
    "team:ANA": -0.034756,
    "div:Pacific": 0.049,
    "conf:West": 0.049,
    "team:NYR": -0.044293,
    "team:DET": 0.04706,
    "team:BUF": 0.046119,
    "team:NJD": 0.049,
    "team:TOR": 0.04706,
    "team:DAL": 0.04706,
    "div:Central": -0.049,
    "team:WPG": -0.049,
    "team:NSH": -0.049,
    "team:CGY": 0.049,
    "team:VGK": 0.038451,
    "team:EDM": 0.044293,
    "team:VAN": 0.049,
    "team:WSH": -0.04706,
    "team:MIN": -0.049,
    "team:TBL": 0.049,
    "team:PIT": 0.01784,
    "team:NYI": 0.044293,
    "team:SJS": -0.038451,
    "team:PHI": 0.04706,
    "team:LAK": -0.038451,
    "team:STL": -0.044293,
    "team:COL": -0.044293,
    "team:SEA": 0.04706,
    "team:UTA": 0.040854,
    "team:CHI": -0.049,
    "team:BOS": 0.04706,
    "team:FLA": 0.04706,
    "team:OTT": 0.05
  },
  "goals": {
    "team:CBJ": 0.171203,
    "div:Metropolitan": 0.3,
    "conf:East": 0.0557,
    "team:BUF": 0.237463,
    "div:Atlantic": 0.0557,
    "team:MTL": 0.282358,
    "team:PIT": 0.3,
    "team:CAR": 0.040471,
    "team:TBL": -0.294,
    "team:ANA": 0.228709,
    "div:Pacific": 0.250684,
    "conf:West": 0.2162,
    "team:UTA": 0.208544,
    "div:Central": -0.1601,
    "team:NYR": -0.294,
    "team:BOS": -0.0014,
    "team:DET": 0.282358,
    "team:CHI": -0.294,
    "team:NJD": 0.294,
    "team:NYI": 0.228709,
    "team:TOR": 0.10259,
    "team:OTT": 0.3,
    "team:PHI": -0.008283,
    "team:DAL": -0.098,
    "team:MIN": 0.294,
    "team:WPG": -0.144746,
    "team:EDM": 0.053704,
    "team:NSH": -0.206682,
    "team:CGY": 0.294,
    "team:SEA": -0.126496,
    "team:VGK": -0.294,
    "team:LAK": 0.067326,
    "team:FLA": 0.138261,
    "team:VAN": 0.251664,
    "team:WSH": -0.139014,
    "team:SJS": 0.294,
    "team:STL": 0.1784,
    "team:COL": 0.053704
  }
}