{
  "ml_home": {
    "team:CBJ": -0.045197,
    "div:Metropolitan": 0.04802,
    "conf:East": 0.05,
    "team:MTL": 0.04802,
    "div:Atlantic": 0.05,
    "team:CAR": 0.037682,
    "team:ANA": 0.04802,
    "div:Pacific": 0.04802,
    "conf:West": 0.04159,
    "team:NYR": -0.04802,
    "team:DET": 0.05,
    "team:BUF": 0.05,
    "team:NJD": 0.027274,
    "team:TOR": 0.04802,
    "team:DAL": 0.04802,
    "div:Central": 0.04159,
    "team:WPG": 0.037682,
    "team:NSH": -0.037682,
    "team:CGY": -0.04802,
    "team:VGK": -0.035465,
    "team:EDM": 0.037682,
    "team:VAN": -0.045197,
    "team:WSH": 0.04802,
    "team:MIN": 0.045197,
    "team:TBL": -0.037682,
    "team:PIT": -0.037682,
    "team:NYI": -0.045197,
    "team:SJS": -0.04802,
    "team:PHI": 0.045197,
    "team:LAK": 0.031913,
    "team:STL": -0.05,
    "team:COL": -0.037682,
    "team:SEA": 0.037682,
    "team:UTA": 0.05,
    "team:CHI": 0.045197,
    "team:BOS": -0.045197,
    "team:FLA": 0.037682,
    "team:OTT": -0.045197
  },
  "goals": {
    "team:CBJ": 0.023502,
    "div:Metropolitan": 0.216282,
    "conf:East": -0.139,
    "team:BUF": 0.3,
    "div:Atlantic": -0.139,
    "team:MTL": 0.28812,
    "team:PIT": -0.058584,
    "team:CAR": 0.28812,
    "team:TBL": -0.28812,
    "team:ANA": 0.28812,
    "div:Pacific": -0.3,
    "conf:West": -0.1702,
    "team:UTA": -0.1148,
    "div:Central": 0.261,
    "team:NYR": -0.28812,
    "team:BOS": 0.120945,
    "team:DET": 0.3,
    "team:CHI": 0.3,
    "team:NJD": 0.204286,
    "team:NYI": -0.271177,
    "team:TOR": 0.28812,
    "team:OTT": 0.2225,
    "team:PHI": 0.271177,
    "team:DAL": 0.28812,
    "team:MIN": -0.26459,
    "team:WPG": 0.271177,
    "team:EDM": -0.28812,
    "team:NSH": 0.28812,
    "team:CGY": -0.3,
    "team:SEA": 0.28812,
    "team:VGK": 0.28812,
    "team:LAK": -0.142458,
    "team:FLA": -0.3,
    "team:VAN": -0.271177,
    "team:WSH": -0.078849,
    "team:SJS": -0.28812,
    "team:STL": 0.2128,
    "team:COL": 0.113713
  }
}