{
  "ml_home": {
    "team:CBJ": -0.046119,
    "div:Metropolitan": 0.03071,
    "conf:East": 0.03517,
    "team:MTL": -0.043407,
    "div:Atlantic": 0.02108,
    "team:CAR": 0.05,
    "team:ANA": -0.045197,
    "div:Pacific": 0.05,
    "conf:West": 0.05,
    "team:NYR": 0.040037,
    "team:DET": -0.037217,
    "team:BUF": 0.049,
    "team:NJD": 0.045197,
    "team:TOR": -0.043407,
    "team:DAL": 0.05,
    "div:Central": 0.05,
    "team:WPG": -0.04706,
    "team:NSH": -0.04706,
    "team:CGY": 0.04706,
    "team:VGK": 0.049,
    "team:EDM": 0.05,
    "team:VAN": 0.046119,
    "team:WSH": 0.045197,
    "team:MIN": 0.046119,
    "team:TBL": -0.049,
    "team:PIT": -0.05,
    "team:NYI": -0.046119,
    "team:SJS": -0.043407,
    "team:PHI": 0.046119,
    "team:LAK": 0.043407,
    "team:STL": 0.044873,
    "team:COL": 0.049,
    "team:SEA": 0.043407,
    "team:UTA": -0.04706,
    "team:CHI": -0.043407,
    "team:BOS": 0.046119,
    "team:FLA": 0.036928,
    "team:OTT": 0.042539
  },
  "goals": {
    "team:CBJ": -0.276711,
    "div:Metropolitan": -0.2359,
    "conf:East": -0.3,
    "team:BUF": 0.294,
    "div:Atlantic": -0.1506,
    "team:MTL": 0.07448,
    "team:PIT": -0.3,
    "team:CAR": -0.1991,
    "team:TBL": -0.23275,
    "team:ANA": 0.1829,
    "div:Pacific": 0.0754,
    "conf:West": -0.0487,
    "team:UTA": -0.159054,
    "div:Central": -0.2197,
    "team:NYR": -0.260438,
    "team:BOS": -0.03283,
    "team:DET": 0.178314,
    "team:CHI": -0.230053,
    "team:NJD": -0.276711,
    "team:NYI": -0.276711,
    "team:TOR": -0.072054,
    "team:OTT": -0.3,
    "team:PHI": 0.1324,
    "team:DAL": -0.0549,
    "team:MIN": 0.0061,
    "team:WPG": -0.282358,
    "team:EDM": 0.3,
    "team:NSH": -0.045083,
    "team:CGY": -0.246404,
    "team:SEA": -0.282358,
    "team:VGK": 0.13132,
    "team:LAK": -0.294,
    "team:FLA": 0.260438,
    "team:VAN": -0.180145,
    "team:WSH": -0.112806,
    "team:SJS": 0.282358,
    "team:STL": 0.282358,
    "team:COL": -0.294
  }
}