{
  "ml_home": {
    "team:CBJ": -0.05,
    "div:Metropolitan": 0.05,
    "conf:East": 0.05,
    "team:MTL": -0.04802,
    "div:Atlantic": -0.04802,
    "team:CAR": 0.046119,
    "team:ANA": -0.05,
    "div:Pacific": 0.05,
    "conf:West": 0.05,
    "team:NYR": 0.044293,
    "team:DET": -0.041173,
    "team:BUF": 0.04706,
    "team:NJD": 0.05,
    "team:TOR": -0.04802,
    "team:DAL": 0.04802,
    "div:Central": -0.04802,
    "team:WPG": -0.04802,
    "team:NSH": 0.04802,
    "team:CGY": 0.05,
    "team:VGK": 0.040854,
    "team:EDM": -0.042539,
    "team:VAN": -0.046119,
    "team:WSH": 0.05,
    "team:MIN": 0.046119,
    "team:TBL": 0.042539,
    "team:PIT": -0.04802,
    "team:NYI": -0.05,
    "team:SJS": -0.04802,
    "team:PHI": 0.044293,
    "team:LAK": 0.04802,
    "team:STL": -0.04706,
    "team:COL": -0.04802,
    "team:SEA": 0.04802,
    "team:UTA": -0.031539,
    "team:CHI": -0.04802,
    "team:BOS": -0.04802,
    "team:FLA": 0.040854,
    "team:OTT": 0.04706
  },
  "goals": {
    "team:CBJ": -0.3,
    "div:Metropolitan": -0.068,
    "conf:East": -0.0529,
    "team:BUF": 0.282358,
    "div:Atlantic": 0.0909,
    "team:MTL": 0.1216,
    "team:PIT": -0.3,
    "team:CAR": 0.28812,
    "team:TBL": -0.28812,
    "team:ANA": 0.13,
    "div:Pacific": 0.3,
    "conf:West": -0.2783,
    "team:UTA": -0.3,
    "div:Central": -0.3,
    "team:NYR": -0.28812,
    "team:BOS": -0.2352,
    "team:DET": 0.197266,
    "team:CHI": -0.254506,
    "team:NJD": 0.3,
    "team:NYI": -0.3,
    "team:TOR": -0.079713,
    "team:OTT": 0.0755,
    "team:PHI": 0.28812,
    "team:DAL": 0.005186,
    "team:MIN": -0.186894,
    "team:WPG": -0.261709,
    "team:EDM": -0.28812,
    "team:NSH": -0.28812,
    "team:CGY": 0.1216,
    "team:SEA": 0.114576,
    "team:VGK": -0.055703,
    "team:LAK": -0.186894,
    "team:FLA": 0.28812,
    "team:VAN": 0.2661,
    "team:WSH": 0.1336,
    "team:SJS": -0.254506,
    "team:STL": 0.129654,
    "team:COL": -0.28812
  }
}