{
  "ml_home": {
    "team:CBJ": -0.049,
    "div:Metropolitan": -0.05,
    "conf:East": -0.05,
    "team:MTL": 0.045197,
    "div:Atlantic": 0.049,
    "team:CAR": -0.049,
    "team:ANA": -0.05,
    "div:Pacific": 0.05,
    "conf:West": 0.05,
    "team:NYR": 0.049,
    "team:DET": -0.04706,
    "team:BUF": 0.001468,
    "team:NJD": 0.049,
    "team:TOR": 0.019462,
    "team:DAL": -0.043407,
    "div:Central": 0.01224,
    "team:WPG": -0.033246,
    "team:NSH": -0.04706,
    "team:CGY": 0.024274,
    "team:VGK": 0.01084,
    "team:EDM": 0.04706,
    "team:VAN": -0.045197,
    "team:WSH": -0.041688,
    "team:MIN": 0.039236,
    "team:TBL": 0.049,
    "team:PIT": -0.04706,
    "team:NYI": -0.05,
    "team:SJS": 0.05,
    "team:PHI": 0.049,
    "team:LAK": -0.04706,
    "team:STL": 0.04706,
    "team:COL": 0.01224,
    "team:SEA": -0.024344,
    "team:UTA": -0.045197,
    "team:CHI": -0.041688,
    "team:BOS": 0.035116,
    "team:FLA": -0.045197,
    "team:OTT": -0.045197
  },
  "goals": {
    "team:CBJ": -0.223146,
    "div:Metropolitan": 0.3,
    "conf:East": 0.3,
    "team:BUF": -0.07266,
    "div:Atlantic": 0.3,
    "team:MTL": 0.066444,
    "team:PIT": 0.3,
    "team:CAR": -0.294,
    "team:TBL": 0.138278,
    "team:ANA": 0.128,
    "div:Pacific": 0.3,
    "conf:West": 0.3,
    "team:UTA": 0.282358,
    "div:Central": 0.3,
    "team:NYR": 0.134652,
    "team:BOS": 0.294,
    "team:DET": 0.088567,
    "team:CHI": -0.219618,
    "team:NJD": 0.294,
    "team:NYI": 0.0867,
    "team:TOR": 0.2219,
    "team:OTT": -0.153979,
    "team:PHI": -0.211386,
    "team:DAL": -0.294,
    "team:MIN": -0.15859,
    "team:WPG": 0.170261,
    "team:EDM": 0.282358,
    "team:NSH": -0.294,
    "team:CGY": 0.0031,
    "team:SEA": -0.003953,
    "team:VGK": 0.1625,
    "team:LAK": -0.250357,
    "team:FLA": -0.294,
    "team:VAN": -0.3,
    "team:WSH": 0.282358,
    "team:SJS": 0.1855,
    "team:STL": 0.2867,
    "team:COL": 0.3
  }
}