{
  "ml_home": {
    "team:CBJ": -0.03338,
    "div:Metropolitan": 0.05,
    "conf:East": 0.02796,
    "team:MTL": -0.046119,
    "div:Atlantic": -0.049,
    "team:CAR": 0.05,
    "team:ANA": 0.045197,
    "div:Pacific": 0.05,
    "conf:West": 0.05,
    "team:NYR": 0.028979,
    "team:DET": -0.026938,
    "team:BUF": -0.043407,
    "team:NJD": 0.032712,
    "team:TOR": -0.031417,
    "team:DAL": -0.043407,
    "div:Central": 0.049,
    "team:WPG": -0.034061,
    "team:NSH": -0.034061,
    "team:CGY": 0.034061,
    "team:VGK": 0.05,
    "team:EDM": 0.043407,
    "team:VAN": 0.03338,
    "team:WSH": 0.032712,
    "team:MIN": 0.045197,
    "team:TBL": -0.049,
    "team:PIT": 0.042539,
    "team:NYI": -0.03338,
    "team:SJS": -0.031417,
    "team:PHI": 0.019586,
    "team:LAK": -0.041688,
    "team:STL": 0.032479,
    "team:COL": 0.049,
    "team:SEA": 0.031417,
    "team:UTA": -0.046119,
    "team:CHI": -0.031417,
    "team:BOS": -0.046119,
    "team:FLA": 0.026729,
    "team:OTT": -0.040037
  },
  "goals": {
    "team:CBJ": -0.200284,
    "div:Metropolitan": -0.3,
    "conf:East": -0.3,
    "team:BUF": 0.031084,
    "div:Atlantic": -0.294,
    "team:MTL": -0.294,
    "team:PIT": -0.265753,
    "team:CAR": -0.0631,
    "team:TBL": -0.294,
    "team:ANA": -0.254,
    "div:Pacific": -0.2615,
    "conf:West": -0.2504,
    "team:UTA": -0.175895,
    "div:Central": 0.294,
    "team:NYR": -0.188505,
    "team:BOS": -0.276711,
    "team:DET": 0.129062,
    "team:CHI": -0.166513,
    "team:NJD": -0.200284,
    "team:NYI": -0.200284,
    "team:TOR": -0.052154,
    "team:OTT": -0.24022,
    "team:PHI": -0.3,
    "team:DAL": -0.271177,
    "team:MIN": 0.294,
    "team:WPG": -0.204371,
    "team:EDM": -0.001176,
    "team:NSH": -0.032629,
    "team:CGY": -0.178345,
    "team:SEA": -0.204371,
    "team:VGK": 0.1999,
    "team:LAK": -0.250124,
    "team:FLA": 0.188505,
    "team:VAN": -0.130388,
    "team:WSH": -0.08165,
    "team:SJS": 0.204371,
    "team:STL": 0.204371,
    "team:COL": 0.294
  }
}