{
  "ml_home": {
    "team:CBJ": -0.049,
    "div:Metropolitan": -0.05,
    "conf:East": -0.05,
    "team:MTL": -0.049,
    "div:Atlantic": -0.05,
    "team:CAR": -0.049,
    "team:ANA": 0.042539,
    "div:Pacific": 0.046844,
    "conf:West": 0.05,
    "team:NYR": -0.05,
    "team:DET": -0.049,
    "team:BUF": -0.040037,
    "team:NJD": -0.043407,
    "team:TOR": -0.04706,
    "team:DAL": 0.049,
    "div:Central": 0.05,
    "team:WPG": 0.036189,
    "team:NSH": 0.04802,
    "team:CGY": -0.032154,
    "team:VGK": -0.04706,
    "team:EDM": 0.043407,
    "team:VAN": -0.044293,
    "team:WSH": -0.049,
    "team:MIN": 0.05,
    "team:TBL": -0.05,
    "team:PIT": 0.01035,
    "team:NYI": -0.040854,
    "team:SJS": 0.041688,
    "team:PHI": -0.045197,
    "team:LAK": -0.040037,
    "team:STL": -0.049,
    "team:COL": 0.05,
    "team:SEA": 0.049,
    "team:UTA": -0.04802,
    "team:CHI": 0.049,
    "team:BOS": 0.044293,
    "team:FLA": -0.049,
    "team:OTT": -0.049
  },
  "goals": {
    "team:CBJ": -0.178654,
    "div:Metropolitan": -0.3,
    "conf:East": -0.3,
    "team:BUF": 0.226674,
    "div:Atlantic": -0.3,
    "team:MTL": -0.294,
    "team:PIT": -0.0421,
    "team:CAR": 0.030086,
    "team:TBL": -0.1321,
    "team:ANA": -0.294,
    "div:Pacific": 0.0284,
    "conf:West": 0.1653,
    "team:UTA": -0.084515,
    "div:Central": -0.0129,
    "team:NYR": -0.3,
    "team:BOS": 0.109564,
    "team:DET": 0.0236,
    "team:CHI": 0.144354,
    "team:NJD": -0.041062,
    "team:NYI": -0.2404,
    "team:TOR": -0.122402,
    "team:OTT": -0.294,
    "team:PHI": -0.174048,
    "team:DAL": 0.294,
    "team:MIN": -0.2468,
    "team:WPG": 0.241962,
    "team:EDM": 0.294,
    "team:NSH": -0.3,
    "team:CGY": -0.238434,
    "team:SEA": 0.294,
    "team:VGK": -0.1826,
    "team:LAK": -0.178654,
    "team:FLA": -0.178654,
    "team:VAN": 0.3,
    "team:WSH": -0.148176,
    "team:SJS": -0.294,
    "team:STL": -0.196098,
    "team:COL": 0.3
  }
}