{
  "ml_home": {
    "team:CBJ": -0.035465,
    "div:Metropolitan": 0.05,
    "conf:East": 0.03368,
    "team:MTL": -0.049,
    "div:Atlantic": -0.049,
    "team:CAR": 0.05,
    "team:ANA": 0.04802,
    "div:Pacific": 0.04802,
    "conf:West": -0.049,
    "team:NYR": 0.030789,
    "team:DET": -0.028621,
    "team:BUF": -0.046119,
    "team:NJD": 0.034756,
    "team:TOR": -0.03338,
    "team:DAL": -0.046119,
    "div:Central": -0.049,
    "team:WPG": -0.036189,
    "team:NSH": -0.036189,
    "team:CGY": 0.036189,
    "team:VGK": 0.04706,
    "team:EDM": 0.046119,
    "team:VAN": 0.035465,
    "team:WSH": 0.034756,
    "team:MIN": 0.04802,
    "team:TBL": -0.04706,
    "team:PIT": 0.045197,
    "team:NYI": -0.035465,
    "team:SJS": -0.03338,
    "team:PHI": 0.02081,
    "team:LAK": -0.044293,
    "team:STL": 0.034508,
    "team:COL": 0.039236,
    "team:SEA": 0.03338,
    "team:UTA": -0.049,
    "team:CHI": -0.03338,
    "team:BOS": -0.049,
    "team:FLA": 0.028399,
    "team:OTT": -0.042539
  },
  "goals": {
    "team:CBJ": -0.212798,
    "div:Metropolitan": -0.3,
    "conf:East": -0.3,
    "team:BUF": 0.033026,
    "div:Atlantic": -0.059976,
    "team:MTL": -0.294,
    "team:PIT": -0.282358,
    "team:CAR": -0.0553,
    "team:TBL": -0.294,
    "team:ANA": 0.222429,
    "div:Pacific": 0.294,
    "conf:West": 0.136024,
    "team:UTA": -0.186886,
    "div:Central": -0.294,
    "team:NYR": -0.200284,
    "team:BOS": -0.294,
    "team:DET": 0.137127,
    "team:CHI": -0.176917,
    "team:NJD": -0.212798,
    "team:NYI": -0.212798,
    "team:TOR": -0.055412,
    "team:OTT": -0.255229,
    "team:PHI": -0.3,
    "team:DAL": -0.28812,
    "team:MIN": 0.28812,
    "team:WPG": -0.217141,
    "team:EDM": -0.001249,
    "team:NSH": -0.034667,
    "team:CGY": -0.189489,
    "team:SEA": -0.217141,
    "team:VGK": 0.294,
    "team:LAK": -0.265753,
    "team:FLA": 0.200284,
    "team:VAN": -0.138535,
    "team:WSH": -0.086751,
    "team:SJS": 0.217141,
    "team:STL": 0.217141,
    "team:COL": 0.265753
  }
}