{
  "ml_home": {
    "team:CBJ": -0.04802,
    "div:Metropolitan": -0.05,
    "conf:East": -0.05,
    "team:MTL": 0.040854,
    "div:Atlantic": 0.05,
    "team:CAR": 0.040854,
    "team:ANA": -0.05,
    "div:Pacific": -0.05,
    "conf:West": -0.05,
    "team:NYR": -0.020428,
    "team:DET": -0.04706,
    "team:BUF": 0.05,
    "team:NJD": -0.05,
    "team:TOR": -0.04802,
    "team:DAL": 0.00292,
    "div:Central": 0.05,
    "team:WPG": 0.04802,
    "team:NSH": -0.044293,
    "team:CGY": 0.04802,
    "team:VGK": -0.05,
    "team:EDM": -0.015671,
    "team:VAN": -0.046119,
    "team:WSH": -0.045197,
    "team:MIN": 0.045197,
    "team:TBL": -0.040854,
    "team:PIT": 0.05,
    "team:NYI": 0.043407,
    "team:SJS": -0.04802,
    "team:PHI": 0.040854,
    "team:LAK": -0.04802,
    "team:STL": -0.040854,
    "team:COL": 0.05,
    "team:SEA": -0.04802,
    "team:UTA": -0.043407,
    "team:CHI": -0.04706,
    "team:BOS": 0.04802,
    "team:FLA": -0.038451,
    "team:OTT": -0.036928
  },
  "goals": {
    "team:CBJ": 0.28812,
    "div:Metropolitan": -0.3,
    "conf:East": -0.2634,
    "team:BUF": 0.3,
    "div:Atlantic": 0.2166,
    "team:MTL": 0.28812,
    "team:PIT": 0.3,
    "team:CAR": 0.28812,
    "team:TBL": 0.3,
    "team:ANA": -0.3,
    "div:Pacific": -0.0634,
    "conf:West": -0.0427,
    "team:UTA": 0.182188,
    "div:Central": 0.2176,
    "team:NYR": 0.06742,
    "team:BOS": 0.1634,
    "team:DET": -0.2218,
    "team:CHI": -0.0548,
    "team:NJD": -0.3,
    "team:NYI": -0.28812,
    "team:TOR": -0.28812,
    "team:OTT": 0.28812,
    "team:PHI": 0.082306,
    "team:DAL": 0.3,
    "team:MIN": -0.2205,
    "team:WPG": -0.201972,
    "team:EDM": 0.3,
    "team:NSH": -0.28812,
    "team:CGY": 0.146173,
    "team:SEA": 0.0097,
    "team:VGK": -0.3,
    "team:LAK": -0.233665,
    "team:FLA": -0.156143,
    "team:VAN": 0.012773,
    "team:WSH": -0.28812,
    "team:SJS": -0.28812,
    "team:STL": 0.2237,
    "team:COL": 0.1396
  }
}