{
  "ml_home": {
    "team:CBJ": -0.049,
    "div:Metropolitan": 0.0235,
    "conf:East": 0.05,
    "team:MTL": 0.05,
    "div:Atlantic": 0.05,
    "team:CAR": 0.05,
    "team:ANA": 0.043407,
    "div:Pacific": -0.05,
    "conf:West": -0.04699,
    "team:NYR": 0.049,
    "team:DET": 0.039236,
    "team:BUF": 0.038451,
    "team:NJD": -0.05,
    "team:TOR": -0.049,
    "team:DAL": -0.049,
    "div:Central": 0.05,
    "team:WPG": 0.049,
    "team:NSH": 0.04706,
    "team:CGY": -0.046091,
    "team:VGK": 0.039236,
    "team:EDM": 0.04706,
    "team:VAN": -0.04706,
    "team:WSH": -0.04706,
    "team:MIN": 0.05,
    "team:TBL": -0.042539,
    "team:PIT": -0.05,
    "team:NYI": 0.049,
    "team:SJS": -0.02254,
    "team:PHI": -0.049,
    "team:LAK": -0.049,
    "team:STL": 0.04802,
    "team:COL": 0.049,
    "team:SEA": -0.05,
    "team:UTA": 0.045849,
    "team:CHI": -0.033114,
    "team:BOS": 0.042539,
    "team:FLA": 0.043407,
    "team:OTT": -0.045197
  },
  "goals": {
    "team:CBJ": -0.294,
    "div:Metropolitan": -0.2567,
    "conf:East": -0.0549,
    "team:BUF": 0.0706,
    "div:Atlantic": 0.1515,
    "team:MTL": 0.3,
    "team:PIT": 0.3,
    "team:CAR": 0.1514,
    "team:TBL": 0.017346,
    "team:ANA": -0.294,
    "div:Pacific": -0.3,
    "conf:West": -0.3,
    "team:UTA": 0.3,
    "div:Central": 0.3,
    "team:NYR": 0.158074,
    "team:BOS": 0.0132,
    "team:DET": 0.050764,
    "team:CHI": -0.294,
    "team:NJD": -0.1775,
    "team:NYI": 0.213346,
    "team:TOR": -0.238434,
    "team:OTT": 0.017346,
    "team:PHI": -0.274,
    "team:DAL": -0.294,
    "team:MIN": 0.3,
    "team:WPG": 0.256172,
    "team:EDM": -0.1775,
    "team:NSH": 0.017346,
    "team:CGY": -0.047334,
    "team:SEA": -0.3,
    "team:VGK": 0.115346,
    "team:LAK": -0.294,
    "team:FLA": 0.20139,
    "team:VAN": -0.3,
    "team:WSH": -0.294,
    "team:SJS": 0.294,
    "team:STL": -0.237795,
    "team:COL": 0.294
  }
}