{
  "ml_home": {
    "team:CBJ": 0.04706,
    "div:Metropolitan": -0.05,
    "conf:East": -0.05,
    "team:MTL": -0.05,
    "div:Atlantic": -0.05,
    "team:CAR": 0.045197,
    "team:ANA": 0.05,
    "div:Pacific": 0.05,
    "conf:West": 0.05,
    "team:NYR": -0.05,
    "team:DET": 0.034061,
    "team:BUF": -0.05,
    "team:NJD": 0.035465,
    "team:TOR": 0.049,
    "team:DAL": 0.05,
    "div:Central": 0.05,
    "team:WPG": 0.04706,
    "team:NSH": -0.014288,
    "team:CGY": 0.035465,
    "team:VGK": 0.05,
    "team:EDM": 0.025252,
    "team:VAN": -0.036928,
    "team:WSH": -0.046119,
    "team:MIN": 0.05,
    "team:TBL": 0.045197,
    "team:PIT": 0.012911,
    "team:NYI": -0.05,
    "team:SJS": -0.006233,
    "team:PHI": -0.04802,
    "team:LAK": 0.05,
    "team:STL": 0.049,
    "team:COL": 0.05,
    "team:SEA": 0.036142,
    "team:UTA": -0.04802,
    "team:CHI": 0.036928,
    "team:BOS": 0.04706,
    "team:FLA": 0.04706,
    "team:OTT": 0.045197
  },
  "goals": {
    "team:CBJ": -0.046387,
    "div:Metropolitan": -0.2491,
    "conf:East": -0.2491,
    "team:BUF": -0.2324,
    "div:Atlantic": -0.2491,
    "team:MTL": 0.3,
    "team:PIT": 0.006272,
    "team:CAR": -0.1446,
    "team:TBL": -0.2368,
    "team:ANA": 0.3,
    "div:Pacific": 0.2309,
    "conf:West": -0.3,
    "team:UTA": -0.2875,
    "div:Central": -0.3,
    "team:NYR": -0.3,
    "team:BOS": 0.206,
    "team:DET": -0.3,
    "team:CHI": -0.294,
    "team:NJD": -0.28812,
    "team:NYI": -0.1622,
    "team:TOR": 0.294,
    "team:OTT": 0.207062,
    "team:PHI": 0.1604,
    "team:DAL": 0.0094,
    "team:MIN": 0.1106,
    "team:WPG": -0.3,
    "team:EDM": -0.1323,
    "team:NSH": -0.084,
    "team:CGY": -0.28812,
    "team:SEA": -0.20825,
    "team:VGK": -0.3,
    "team:LAK": -0.235,
    "team:FLA": 0.0962,
    "team:VAN": 0.294,
    "team:WSH": -0.231251,
    "team:SJS": -0.036303,
    "team:STL": -0.192864,
    "team:COL": 0.0095
  }
}