{
  "ml_home": {
    "team:CBJ": -0.049,
    "div:Metropolitan": -0.049,
    "conf:East": -0.049,
    "team:MTL": -0.04706,
    "div:Atlantic": -0.049,
    "team:CAR": 0.040452,
    "team:ANA": 0.045197,
    "div:Pacific": -0.049,
    "conf:West": 0.05,
    "team:NYR": -0.045197,
    "team:DET": 0.040854,
    "team:BUF": 0.040037,
    "team:NJD": -0.049,
    "team:TOR": -0.049,
    "team:DAL": 0.045197,
    "div:Central": 0.05,
    "team:WPG": -0.049,
    "team:NSH": 0.049,
    "team:CGY": -0.047992,
    "team:VGK": 0.040854,
    "team:EDM": 0.049,
    "team:VAN": -0.049,
    "team:WSH": -0.049,
    "team:MIN": 0.049,
    "team:TBL": -0.044293,
    "team:PIT": -0.049,
    "team:NYI": 0.049,
    "team:SJS": -0.023469,
    "team:PHI": -0.049,
    "team:LAK": 0.024024,
    "team:STL": 0.05,
    "team:COL": 0.049,
    "team:SEA": 0.04802,
    "team:UTA": 0.04774,
    "team:CHI": 0.04802,
    "team:BOS": 0.044293,
    "team:FLA": 0.045197,
    "team:OTT": -0.04706
  },
  "goals": {
    "team:CBJ": -0.237062,
    "div:Metropolitan": -0.208348,
    "conf:East": -0.246372,
    "team:BUF": 0.108486,
    "div:Atlantic": -0.246372,
    "team:MTL": -0.041062,
    "team:PIT": -0.208152,
    "team:CAR": 0.028126,
    "team:TBL": 0.294,
    "team:ANA": 0.018718,
    "div:Pacific": -0.1861,
    "conf:West": 0.1669,
    "team:UTA": 0.2012,
    "div:Central": 0.3,
    "team:NYR": -0.28812,
    "team:BOS": 0.294,
    "team:DET": -0.172676,
    "team:CHI": -0.3,
    "team:NJD": 0.156702,
    "team:NYI": 0.294,
    "team:TOR": -0.294,
    "team:OTT": 0.294,
    "team:PHI": -0.083496,
    "team:DAL": 0.009604,
    "team:MIN": 0.294,
    "team:WPG": -0.160524,
    "team:EDM": 0.294,
    "team:NSH": 0.294,
    "team:CGY": 0.209751,
    "team:SEA": -0.1988,
    "team:VGK": 0.166404,
    "team:LAK": 0.017671,
    "team:FLA": 0.023324,
    "team:VAN": -0.294,
    "team:WSH": -0.240982,
    "team:SJS": -0.237062,
    "team:STL": -0.2476,
    "team:COL": 0.294
  }
}