{
  "ml_home": {
    "team:CBJ": 0.05,
    "div:Metropolitan": 0.05,
    "conf:East": 0.05,
    "team:MTL": -0.05,
    "div:Atlantic": 0.05,
    "team:CAR": -0.04706,
    "team:ANA": 0.045197,
    "div:Pacific": 0.05,
    "conf:West": 0.05,
    "team:NYR": 0.013984,
    "team:DET": 0.05,
    "team:BUF": -0.042539,
    "team:NJD": -0.046119,
    "team:TOR": -0.05,
    "team:DAL": 0.031628,
    "div:Central": 0.05,
    "team:WPG": 0.038451,
    "team:NSH": -0.044293,
    "team:CGY": 0.05,
    "team:VGK": -0.05,
    "team:EDM": 0.046119,
    "team:VAN": -0.04706,
    "team:WSH": 0.011838,
    "team:MIN": -0.04706,
    "team:TBL": -0.04802,
    "team:PIT": -0.045197,
    "team:NYI": -0.043407,
    "team:SJS": 0.044293,
    "team:PHI": -0.04802,
    "team:LAK": -0.042539,
    "team:STL": 0.038005,
    "team:COL": 0.05,
    "team:SEA": 0.05,
    "team:UTA": 0.041287,
    "team:CHI": -0.04802,
    "team:BOS": 0.04706,
    "team:FLA": 0.05,
    "team:OTT": 0.05
  },
  "goals": {
    "team:CBJ": 0.3,
    "div:Metropolitan": 0.3,
    "conf:East": 0.3,
    "team:BUF": -0.2029,
    "div:Atlantic": 0.229,
    "team:MTL": -0.3,
    "team:PIT": -0.271177,
    "team:CAR": -0.168662,
    "team:TBL": 0.148574,
    "team:ANA": -0.1265,
    "div:Pacific": 0.1882,
    "conf:West": 0.1395,
    "team:UTA": 0.158658,
    "div:Central": 0.229,
    "team:NYR": 0.28812,
    "team:BOS": 0.1622,
    "team:DET": 0.3,
    "team:CHI": 0.208311,
    "team:NJD": -0.03784,
    "team:NYI": 0.3,
    "team:TOR": 0.1144,
    "team:OTT": 0.3,
    "team:PHI": -0.28812,
    "team:DAL": 0.3,
    "team:MIN": -0.282358,
    "team:WPG": 0.0777,
    "team:EDM": 0.2857,
    "team:NSH": -0.035881,
    "team:CGY": -0.3,
    "team:SEA": 0.3,
    "team:VGK": -0.1956,
    "team:LAK": 0.3,
    "team:FLA": 0.3,
    "team:VAN": 0.207815,
    "team:WSH": 0.0802,
    "team:SJS": -0.3,
    "team:STL": -0.148332,
    "team:COL": 0.3
  }
}