{
  "ml_home": {
    "team:CBJ": -0.045197,
    "div:Metropolitan": 0.030096,
    "conf:East": -0.05,
    "team:MTL": -0.042539,
    "div:Atlantic": -0.05,
    "team:CAR": 0.049,
    "team:ANA": -0.044293,
    "div:Pacific": -0.05,
    "conf:West": 0.00178,
    "team:NYR": 0.039236,
    "team:DET": -0.036473,
    "team:BUF": -0.05,
    "team:NJD": 0.044293,
    "team:TOR": -0.042539,
    "team:DAL": 0.049,
    "div:Central": 0.05,
    "team:WPG": -0.046119,
    "team:NSH": -0.046119,
    "team:CGY": 0.046119,
    "team:VGK": -0.05,
    "team:EDM": 0.049,
    "team:VAN": 0.045197,
    "team:WSH": 0.044293,
    "team:MIN": 0.045197,
    "team:TBL": 0.05,
    "team:PIT": -0.049,
    "team:NYI": -0.045197,
    "team:SJS": -0.042539,
    "team:PHI": 0.045197,
    "team:LAK": 0.042539,
    "team:STL": 0.043976,
    "team:COL": 0.05,
    "team:SEA": 0.042539,
    "team:UTA": -0.046119,
    "team:CHI": -0.042539,
    "team:BOS": 0.045197,
    "team:FLA": 0.036189,
    "team:OTT": 0.041688
  },
  "goals": {
    "team:CBJ": -0.271177,
    "div:Metropolitan": -0.231182,
    "conf:East": -0.0634,
    "team:BUF": 0.0071,
    "div:Atlantic": -0.0634,
    "team:MTL": -0.165,
    "team:PIT": -0.294,
    "team:CAR": -0.195118,
    "team:TBL": -0.2059,
    "team:ANA": 0.179242,
    "div:Pacific": -0.3,
    "conf:West": -0.3,
    "team:UTA": -0.1481,
    "div:Central": -0.3,
    "team:NYR": -0.255229,
    "team:BOS": 0.1509,
    "team:DET": 0.174748,
    "team:CHI": -0.225452,
    "team:NJD": -0.271177,
    "team:NYI": -0.271177,
    "team:TOR": -0.070613,
    "team:OTT": -0.294,
    "team:PHI": 0.129752,
    "team:DAL": -0.053802,
    "team:MIN": 0.005978,
    "team:WPG": -0.276711,
    "team:EDM": 0.294,
    "team:NSH": -0.044181,
    "team:CGY": -0.241476,
    "team:SEA": -0.276711,
    "team:VGK": -0.1204,
    "team:LAK": -0.3,
    "team:FLA": 0.255229,
    "team:VAN": -0.176542,
    "team:WSH": -0.11055,
    "team:SJS": 0.276711,
    "team:STL": 0.276711,
    "team:COL": -0.3
  }
}