{
  "ml_home": {
    "team:CBJ": 0.05,
    "div:Metropolitan": 0.05,
    "conf:East": 0.05,
    "team:MTL": 0.0457,
    "div:Atlantic": 0.04411,
    "team:CAR": -0.041688,
    "team:ANA": -0.038451,
    "div:Pacific": -0.05,
    "conf:West": -0.05,
    "team:NYR": -0.049,
    "team:DET": 0.025676,
    "team:BUF": -0.015999,
    "team:NJD": 0.049,
    "team:TOR": -0.03345,
    "team:DAL": -0.049,
    "div:Central": -0.05,
    "team:WPG": -0.05,
    "team:NSH": -0.03338,
    "team:CGY": 0.036189,
    "team:VGK": 0.00375,
    "team:EDM": 0.05,
    "team:VAN": 0.05,
    "team:WSH": -0.043407,
    "team:MIN": -0.04802,
    "team:TBL": -0.043407,
    "team:PIT": 0.038451,
    "team:NYI": -0.011625,
    "team:SJS": -0.036189,
    "team:PHI": -0.043407,
    "team:LAK": -0.036189,
    "team:STL": 0.036685,
    "team:COL": -0.049,
    "team:SEA": -0.03432,
    "team:UTA": -0.043407,
    "team:CHI": -0.05,
    "team:BOS": -0.041688,
    "team:FLA": 0.041688,
    "team:OTT": 0.04802
  },
  "goals": {
    "team:CBJ": 0.1657,
    "div:Metropolitan": -0.186,
    "conf:East": 0.3,
    "team:BUF": -0.3,
    "div:Atlantic": 0.3,
    "team:MTL": -0.1136,
    "team:PIT": 0.294,
    "team:CAR": -0.3,
    "team:TBL": 0.3,
    "team:ANA": 0.28812,
    "div:Pacific": -0.3,
    "conf:West": -0.3,
    "team:UTA": 0.294,
    "div:Central": 0.2574,
    "team:NYR": -0.207956,
    "team:BOS": -0.3,
    "team:DET": 0.159348,
    "team:CHI": -0.2343,
    "team:NJD": 0.294,
    "team:NYI": -0.181,
    "team:TOR": -0.1955,
    "team:OTT": 0.28812,
    "team:PHI": -0.260438,
    "team:DAL": 0.119952,
    "team:MIN": -0.0565,
    "team:WPG": -0.134,
    "team:EDM": 0.2668,
    "team:NSH": -0.0565,
    "team:CGY": -0.294,
    "team:SEA": 0.0045,
    "team:VGK": -0.3,
    "team:LAK": 0.170226,
    "team:FLA": -0.3,
    "team:VAN": 0.1928,
    "team:WSH": -0.260438,
    "team:SJS": 0.2045,
    "team:STL": -0.28812,
    "team:COL": -0.294
  }
}