{
  "ml_home": {
    "team:CBJ": 0.049,
    "div:Metropolitan": -0.049,
    "conf:East": -0.05,
    "team:MTL": -0.049,
    "div:Atlantic": -0.05,
    "team:CAR": 0.04706,
    "team:ANA": 0.040854,
    "div:Pacific": -0.05,
    "conf:West": -0.05,
    "team:NYR": -0.049,
    "team:DET": -0.05,
    "team:BUF": 0.036189,
    "team:NJD": -0.04706,
    "team:TOR": 0.031615,
    "team:DAL": 0.024634,
    "div:Central": -0.02522,
    "team:WPG": -0.04802,
    "team:NSH": -0.02978,
    "team:CGY": -0.043381,
    "team:VGK": -0.05,
    "team:EDM": 0.044293,
    "team:VAN": -0.044293,
    "team:WSH": -0.044293,
    "team:MIN": 0.049,
    "team:TBL": -0.04802,
    "team:PIT": -0.049,
    "team:NYI": 0.046119,
    "team:SJS": 0.049,
    "team:PHI": -0.046119,
    "team:LAK": -0.046119,
    "team:STL": 0.05,
    "team:COL": 0.046119,
    "team:SEA": -0.049,
    "team:UTA": 0.043152,
    "team:CHI": -0.031167,
    "team:BOS": 0.049,
    "team:FLA": 0.05,
    "team:OTT": -0.042539
  },
  "goals": {
    "team:CBJ": -0.037044,
    "div:Metropolitan": -0.2498,
    "conf:East": -0.2536,
    "team:BUF": 0.066448,
    "div:Atlantic": -0.3,
    "team:MTL": -0.17787,
    "team:PIT": 0.294,
    "team:CAR": 0.3,
    "team:TBL": -0.190831,
    "team:ANA": -0.04459,
    "div:Pacific": -0.3,
    "conf:West": -0.3,
    "team:UTA": 0.0457,
    "div:Central": -0.3,
    "team:NYR": -0.294,
    "team:BOS": 0.194236,
    "team:DET": -0.3,
    "team:CHI": -0.294,
    "team:NJD": -0.3,
    "team:NYI": -0.04704,
    "team:TOR": -0.191198,
    "team:OTT": 0.001249,
    "team:PHI": -0.02205,
    "team:DAL": -0.041105,
    "team:MIN": 0.294,
    "team:WPG": -0.3,
    "team:EDM": 0.294,
    "team:NSH": -0.1815,
    "team:CGY": -0.047334,
    "team:SEA": -0.237552,
    "team:VGK": -0.3,
    "team:LAK": -0.3,
    "team:FLA": 0.2185,
    "team:VAN": -0.237552,
    "team:WSH": -0.294,
    "team:SJS": 0.294,
    "team:STL": -0.3,
    "team:COL": 0.294
  }
}