{
  "ml_home": {
    "team:CBJ": 0.040854,
    "div:Metropolitan": -0.05,
    "conf:East": -0.05,
    "team:MTL": -0.05,
    "div:Atlantic": -0.05,
    "team:CAR": -0.05,
    "team:ANA": 0.04802,
    "div:Pacific": -0.05,
    "conf:West": -0.05,
    "team:NYR": 0.014857,
    "team:DET": -0.04802,
    "team:BUF": -0.045197,
    "team:NJD": -0.049,
    "team:TOR": -0.04802,
    "team:DAL": 0.033604,
    "div:Central": 0.05,
    "team:WPG": 0.040854,
    "team:NSH": -0.04706,
    "team:CGY": -0.046119,
    "team:VGK": -0.049,
    "team:EDM": 0.049,
    "team:VAN": -0.05,
    "team:WSH": 0.012579,
    "team:MIN": -0.05,
    "team:TBL": 0.04706,
    "team:PIT": -0.04802,
    "team:NYI": -0.046119,
    "team:SJS": 0.04706,
    "team:PHI": -0.04706,
    "team:LAK": -0.045197,
    "team:STL": 0.04038,
    "team:COL": 0.05,
    "team:SEA": -0.05,
    "team:UTA": -0.041688,
    "team:CHI": 0.032058,
    "team:BOS": 0.05,
    "team:FLA": 0.040854,
    "team:OTT": -0.05
  },
  "goals": {
    "team:CBJ": -0.2011,
    "div:Metropolitan": -0.1692,
    "conf:East": -0.2495,
    "team:BUF": -0.225133,
    "div:Atlantic": -0.3,
    "team:MTL": -0.1838,
    "team:PIT": -0.28812,
    "team:CAR": -0.1792,
    "team:TBL": 0.208757,
    "team:ANA": -0.1792,
    "div:Pacific": -0.3,
    "conf:West": -0.2573,
    "team:UTA": -0.28812,
    "div:Central": 0.3,
    "team:NYR": 0.294,
    "team:BOS": 0.3,
    "team:DET": -0.28812,
    "team:CHI": 0.28812,
    "team:NJD": -0.294,
    "team:NYI": 0.108878,
    "team:TOR": 0.2208,
    "team:OTT": -0.0916,
    "team:PHI": -0.113978,
    "team:DAL": 0.0102,
    "team:MIN": -0.3,
    "team:WPG": 0.1598,
    "team:EDM": 0.157486,
    "team:NSH": -0.038122,
    "team:CGY": -0.3,
    "team:SEA": -0.3,
    "team:VGK": -0.294,
    "team:LAK": 0.2096,
    "team:FLA": -0.142786,
    "team:VAN": 0.2208,
    "team:WSH": 0.1639,
    "team:SJS": -0.2041,
    "team:STL": -0.1576,
    "team:COL": 0.3
  }
}