{
  "ml_home": {
    "team:CBJ": -0.05,
    "div:Metropolitan": -0.05,
    "conf:East": -0.05,
    "team:MTL": 0.043407,
    "div:Atlantic": 0.00939,
    "team:CAR": 0.04802,
    "team:ANA": -0.05,
    "div:Pacific": -0.05,
    "conf:West": -0.05,
    "team:NYR": 0.043407,
    "team:DET": 0.05,
    "team:BUF": 0.046119,
    "team:NJD": -0.046119,
    "team:TOR": 0.049,
    "team:DAL": -0.05,
    "div:Central": -0.00814,
    "team:WPG": -0.04802,
    "team:NSH": 0.043407,
    "team:CGY": 0.05,
    "team:VGK": -0.05,
    "team:EDM": -0.05,
    "team:VAN": -0.049,
    "team:WSH": 0.04167,
    "team:MIN": -0.045197,
    "team:TBL": 0.04706,
    "team:PIT": 0.049,
    "team:NYI": 0.046119,
    "team:SJS": 0.05,
    "team:PHI": 0.044293,
    "team:LAK": 0.046119,
    "team:STL": -0.032481,
    "team:COL": 0.05,
    "team:SEA": -0.04802,
    "team:UTA": -0.04802,
    "team:CHI": -0.049,
    "team:BOS": -0.045197,
    "team:FLA": -0.049,
    "team:OTT": -0.04802
  },
  "goals": {
    "team:CBJ": -0.0242,
    "div:Metropolitan": -0.3,
    "conf:East": 0.3,
    "team:BUF": 0.3,
    "div:Atlantic": 0.3,
    "team:MTL": 0.21511,
    "team:PIT": 0.294,
    "team:CAR": -0.234122,
    "team:TBL": 0.3,
    "team:ANA": -0.0426,
    "div:Pacific": 0.0294,
    "conf:West": -0.0083,
    "team:UTA": -0.227519,
    "div:Central": -0.1706,
    "team:NYR": -0.2411,
    "team:BOS": 0.3,
    "team:DET": -0.203,
    "team:CHI": -0.24059,
    "team:NJD": -0.2458,
    "team:NYI": -0.236572,
    "team:TOR": 0.204134,
    "team:OTT": -0.173448,
    "team:PHI": -0.1754,
    "team:DAL": -0.2923,
    "team:MIN": 0.2199,
    "team:WPG": -0.3,
    "team:EDM": -0.2039,
    "team:NSH": 0.2971,
    "team:CGY": 0.1589,
    "team:SEA": -0.083843,
    "team:VGK": -0.1957,
    "team:LAK": 0.018632,
    "team:FLA": 0.023814,
    "team:VAN": -0.013524,
    "team:WSH": 0.3,
    "team:SJS": 0.3,
    "team:STL": -0.3,
    "team:COL": 0.3
  }
}