{
  "ml_home": {
    "team:CBJ": 0.046119,
    "div:Metropolitan": 0.05,
    "conf:East": 0.01578,
    "team:MTL": -0.04802,
    "div:Atlantic": -0.05,
    "team:CAR": 0.04802,
    "team:ANA": 0.05,
    "div:Pacific": 0.05,
    "conf:West": 0.05,
    "team:NYR": -0.04802,
    "team:DET": -0.037682,
    "team:BUF": -0.037682,
    "team:NJD": -0.04706,
    "team:TOR": -0.032712,
    "team:DAL": 0.04706,
    "div:Central": 0.05,
    "team:WPG": -0.046119,
    "team:NSH": 0.009056,
    "team:CGY": 0.046119,
    "team:VGK": 0.046119,
    "team:EDM": -0.044293,
    "team:VAN": -0.04706,
    "team:WSH": 0.05,
    "team:MIN": 0.041688,
    "team:TBL": 0.04706,
    "team:PIT": 0.047098,
    "team:NYI": 0.044293,
    "team:SJS": -0.04802,
    "team:PHI": 0.044293,
    "team:LAK": -0.04802,
    "team:STL": 0.04802,
    "team:COL": -0.02403,
    "team:SEA": 0.036189,
    "team:UTA": 0.05,
    "team:CHI": 0.041688,
    "team:BOS": 0.04802,
    "team:FLA": -0.05,
    "team:OTT": -0.04802
  },
  "goals": {
    "team:CBJ": 0.005954,
    "div:Metropolitan": -0.1153,
    "conf:East": -0.2361,
    "team:BUF": -0.1374,
    "div:Atlantic": -0.2645,
    "team:MTL": 0.198034,
    "team:PIT": 0.28812,
    "team:CAR": 0.28812,
    "team:TBL": 0.28812,
    "team:ANA": 0.3,
    "div:Pacific": 0.3,
    "conf:West": 0.3,
    "team:UTA": 0.3,
    "div:Central": 0.1879,
    "team:NYR": -0.034574,
    "team:BOS": 0.28812,
    "team:DET": -0.28812,
    "team:CHI": -0.28812,
    "team:NJD": -0.28812,
    "team:NYI": 0.28812,
    "team:TOR": -0.28812,
    "team:OTT": -0.28812,
    "team:PHI": -0.175369,
    "team:DAL": 0.282358,
    "team:MIN": -0.2159,
    "team:WPG": 0.157,
    "team:EDM": 0.28812,
    "team:NSH": 0.28812,
    "team:CGY": 0.273426,
    "team:SEA": -0.28812,
    "team:VGK": -0.2195,
    "team:LAK": -0.28812,
    "team:FLA": -0.2159,
    "team:VAN": -0.282358,
    "team:WSH": -0.1942,
    "team:SJS": -0.28812,
    "team:STL": 0.28812,
    "team:COL": 0.000672
  }
}