{
  "ml_home": {
    "team:CBJ": 0.05,
    "div:Metropolitan": 0.03369,
    "conf:East": 0.05,
    "team:MTL": -0.05,
    "div:Atlantic": 0.05,
    "team:CAR": -0.04802,
    "team:ANA": 0.046119,
    "div:Pacific": 0.05,
    "conf:West": 0.05,
    "team:NYR": 0.014269,
    "team:DET": 0.05,
    "team:BUF": -0.043407,
    "team:NJD": -0.04706,
    "team:TOR": -0.05,
    "team:DAL": 0.032273,
    "div:Central": 0.02439,
    "team:WPG": 0.039236,
    "team:NSH": -0.045197,
    "team:CGY": 0.05,
    "team:VGK": -0.05,
    "team:EDM": 0.04706,
    "team:VAN": -0.04802,
    "team:WSH": 0.01208,
    "team:MIN": -0.04802,
    "team:TBL": -0.049,
    "team:PIT": -0.046119,
    "team:NYI": -0.044293,
    "team:SJS": 0.045197,
    "team:PHI": -0.049,
    "team:LAK": -0.043407,
    "team:STL": 0.038781,
    "team:COL": 0.05,
    "team:SEA": 0.05,
    "team:UTA": 0.04213,
    "team:CHI": -0.049,
    "team:BOS": 0.04802,
    "team:FLA": 0.05,
    "team:OTT": 0.05
  },
  "goals": {
    "team:CBJ": 0.2359,
    "div:Metropolitan": 0.3,
    "conf:East": 0.3,
    "team:BUF": -0.2448,
    "div:Atlantic": 0.2304,
    "team:MTL": -0.3,
    "team:PIT": -0.276711,
    "team:CAR": -0.172104,
    "team:TBL": 0.151606,
    "team:ANA": -0.1473,
    "div:Pacific": 0.1907,
    "conf:West": 0.1429,
    "team:UTA": 0.161896,
    "div:Central": 0.2304,
    "team:NYR": 0.294,
    "team:BOS": 0.2209,
    "team:DET": 0.3,
    "team:CHI": 0.212562,
    "team:NJD": -0.038612,
    "team:NYI": 0.274,
    "team:TOR": 0.16,
    "team:OTT": 0.3,
    "team:PHI": -0.294,
    "team:DAL": 0.3,
    "team:MIN": -0.28812,
    "team:WPG": 0.1132,
    "team:EDM": 0.1234,
    "team:NSH": -0.036613,
    "team:CGY": -0.3,
    "team:SEA": 0.1599,
    "team:VGK": -0.2355,
    "team:LAK": 0.3,
    "team:FLA": 0.3,
    "team:VAN": 0.212056,
    "team:WSH": 0.1163,
    "team:SJS": -0.3,
    "team:STL": -0.151359,
    "team:COL": 0.3
  }
}