{
  "ml_home": {
    "team:CBJ": -0.04802,
    "div:Metropolitan": -0.05,
    "conf:East": 0.03466,
    "team:MTL": 0.05,
    "div:Atlantic": 0.05,
    "team:CAR": 0.045688,
    "team:ANA": -0.046119,
    "div:Pacific": -0.05,
    "conf:West": -0.05,
    "team:NYR": 0.038451,
    "team:DET": -0.04706,
    "team:BUF": 0.049,
    "team:NJD": -0.04802,
    "team:TOR": 0.049,
    "team:DAL": -0.04802,
    "div:Central": 0.05,
    "team:WPG": -0.049,
    "team:NSH": 0.038451,
    "team:CGY": -0.04706,
    "team:VGK": -0.044293,
    "team:EDM": 0.048059,
    "team:VAN": -0.04706,
    "team:WSH": -0.05,
    "team:MIN": -0.040037,
    "team:TBL": 0.049,
    "team:PIT": 0.045197,
    "team:NYI": 0.049,
    "team:SJS": 0.049,
    "team:PHI": 0.049,
    "team:LAK": -0.05,
    "team:STL": 0.04706,
    "team:COL": 0.044293,
    "team:SEA": 0.049,
    "team:UTA": 0.05,
    "team:CHI": 0.05,
    "team:BOS": -0.040037,
    "team:FLA": 0.04802,
    "team:OTT": 0.04706
  },
  "goals": {
    "team:CBJ": 0.02156,
    "div:Metropolitan": -0.3,
    "conf:East": -0.3,
    "team:BUF": 0.237748,
    "div:Atlantic": -0.2364,
    "team:MTL": 0.1476,
    "team:PIT": 0.28812,
    "team:CAR": 0.294,
    "team:TBL": 0.294,
    "team:ANA": -0.294,
    "div:Pacific": 0.0584,
    "conf:West": 0.2792,
    "team:UTA": -0.1527,
    "div:Central": 0.1654,
    "team:NYR": 0.186134,
    "team:BOS": 0.294,
    "team:DET": -0.282358,
    "team:CHI": 0.3,
    "team:NJD": -0.294,
    "team:NYI": 0.294,
    "team:TOR": 0.294,
    "team:OTT": -0.2436,
    "team:PHI": 0.294,
    "team:DAL": 0.0553,
    "team:MIN": 0.282358,
    "team:WPG": -0.084672,
    "team:EDM": 0.294,
    "team:NSH": -0.1715,
    "team:CGY": -0.3,
    "team:SEA": 0.294,
    "team:VGK": -0.047432,
    "team:LAK": 0.2111,
    "team:FLA": -0.294,
    "team:VAN": -0.187572,
    "team:WSH": -0.3,
    "team:SJS": 0.3,
    "team:STL": -0.2013,
    "team:COL": -0.294
  }
}