{
  "ml_home": {
    "team:CBJ": -0.032058,
    "div:Metropolitan": 0.04802,
    "conf:East": 0.05,
    "team:MTL": -0.044293,
    "div:Atlantic": 0.04682,
    "team:CAR": 0.04802,
    "team:ANA": 0.043407,
    "div:Pacific": -0.05,
    "conf:West": -0.05,
    "team:NYR": 0.027831,
    "team:DET": -0.025871,
    "team:BUF": 0.05,
    "team:NJD": 0.031417,
    "team:TOR": -0.030173,
    "team:DAL": -0.041688,
    "div:Central": 0.049,
    "team:WPG": -0.032712,
    "team:NSH": -0.032712,
    "team:CGY": 0.032712,
    "team:VGK": -0.05,
    "team:EDM": 0.041688,
    "team:VAN": 0.032058,
    "team:WSH": 0.031417,
    "team:MIN": 0.043407,
    "team:TBL": -0.04706,
    "team:PIT": 0.040854,
    "team:NYI": -0.032058,
    "team:SJS": -0.030173,
    "team:PHI": 0.01881,
    "team:LAK": -0.040037,
    "team:STL": 0.031192,
    "team:COL": 0.049,
    "team:SEA": 0.030173,
    "team:UTA": -0.044293,
    "team:CHI": -0.030173,
    "team:BOS": -0.044293,
    "team:FLA": 0.02567,
    "team:OTT": -0.038451
  },
  "goals": {
    "team:CBJ": -0.192352,
    "div:Metropolitan": -0.28812,
    "conf:East": -0.2613,
    "team:BUF": 0.2034,
    "div:Atlantic": -0.2576,
    "team:MTL": -0.3,
    "team:PIT": -0.255229,
    "team:CAR": -0.060601,
    "team:TBL": -0.282358,
    "team:ANA": -0.2157,
    "div:Pacific": -0.2605,
    "conf:West": -0.2605,
    "team:UTA": -0.168929,
    "div:Central": 0.019894,
    "team:NYR": -0.18104,
    "team:BOS": -0.265753,
    "team:DET": 0.123951,
    "team:CHI": -0.159919,
    "team:NJD": -0.192352,
    "team:NYI": -0.192352,
    "team:TOR": -0.050089,
    "team:OTT": -0.230708,
    "team:PHI": -0.28812,
    "team:DAL": -0.260438,
    "team:MIN": 0.010584,
    "team:WPG": -0.196278,
    "team:EDM": -0.001129,
    "team:NSH": -0.031336,
    "team:CGY": -0.171282,
    "team:SEA": -0.196278,
    "team:VGK": -0.2669,
    "team:LAK": -0.24022,
    "team:FLA": 0.18104,
    "team:VAN": -0.125224,
    "team:WSH": -0.078417,
    "team:SJS": 0.196278,
    "team:STL": 0.196278,
    "team:COL": 0.294
  }
}