{
  "ml_home": {
    "team:CBJ": -0.037682,
    "div:Metropolitan": 0.05,
    "conf:East": 0.01826,
    "team:MTL": -0.04706,
    "div:Atlantic": -0.05,
    "team:CAR": 0.040854,
    "team:ANA": 0.04706,
    "div:Pacific": 0.05,
    "conf:West": 0.05,
    "team:NYR": 0.032712,
    "team:DET": -0.030409,
    "team:BUF": -0.049,
    "team:NJD": 0.036928,
    "team:TOR": -0.035465,
    "team:DAL": -0.049,
    "div:Central": -0.049,
    "team:WPG": -0.038451,
    "team:NSH": -0.038451,
    "team:CGY": 0.038451,
    "team:VGK": 0.05,
    "team:EDM": 0.049,
    "team:VAN": 0.037682,
    "team:WSH": 0.036928,
    "team:MIN": 0.045197,
    "team:TBL": -0.05,
    "team:PIT": 0.04802,
    "team:NYI": -0.037682,
    "team:SJS": -0.035465,
    "team:PHI": 0.02211,
    "team:LAK": -0.04706,
    "team:STL": 0.036664,
    "team:COL": 0.041688,
    "team:SEA": 0.035465,
    "team:UTA": -0.04802,
    "team:CHI": -0.035465,
    "team:BOS": -0.04706,
    "team:FLA": 0.030173,
    "team:OTT": -0.045197
  },
  "goals": {
    "team:CBJ": -0.226094,
    "div:Metropolitan": -0.3,
    "conf:East": -0.3,
    "team:BUF": -0.188846,
    "div:Atlantic": -0.2616,
    "team:MTL": -0.2475,
    "team:PIT": -0.3,
    "team:CAR": -0.048269,
    "team:TBL": -0.3,
    "team:ANA": -0.188846,
    "div:Pacific": 0.2348,
    "conf:West": 0.3,
    "team:UTA": 0.3,
    "div:Central": 0.3,
    "team:NYR": -0.212798,
    "team:BOS": -0.294,
    "team:DET": 0.145696,
    "team:CHI": -0.187971,
    "team:NJD": -0.226094,
    "team:NYI": -0.226094,
    "team:TOR": -0.058874,
    "team:OTT": -0.271177,
    "team:PHI": -0.3,
    "team:DAL": -0.294,
    "team:MIN": 0.147392,
    "team:WPG": -0.230708,
    "team:EDM": 0.279398,
    "team:NSH": -0.036834,
    "team:CGY": -0.201329,
    "team:SEA": -0.230708,
    "team:VGK": 0.3,
    "team:LAK": -0.282358,
    "team:FLA": 0.212798,
    "team:VAN": -0.147191,
    "team:WSH": -0.092171,
    "team:SJS": 0.230708,
    "team:STL": 0.230708,
    "team:COL": 0.282358
  }
}