{
  "ml_home": {
    "team:CBJ": -0.04802,
    "div:Metropolitan": 0.05,
    "conf:East": 0.05,
    "team:MTL": 0.04802,
    "div:Atlantic": -0.04802,
    "team:CAR": 0.04802,
    "team:ANA": 0.05,
    "div:Pacific": 0.05,
    "conf:West": -0.00426,
    "team:NYR": 0.04802,
    "team:DET": -0.034061,
    "team:BUF": -0.034061,
    "team:NJD": -0.042539,
    "team:TOR": -0.04802,
    "team:DAL": 0.04802,
    "div:Central": -0.05,
    "team:WPG": -0.041688,
    "team:NSH": 0.008186,
    "team:CGY": 0.041688,
    "team:VGK": 0.041688,
    "team:EDM": -0.040037,
    "team:VAN": -0.042539,
    "team:WSH": 0.045197,
    "team:MIN": -0.05,
    "team:TBL": -0.04802,
    "team:PIT": 0.05,
    "team:NYI": 0.05,
    "team:SJS": 0.05,
    "team:PHI": 0.04802,
    "team:LAK": 0.04802,
    "team:STL": -0.04802,
    "team:COL": 0.04802,
    "team:SEA": 0.04802,
    "team:UTA": -0.05,
    "team:CHI": 0.037682,
    "team:BOS": 0.043407,
    "team:FLA": -0.045197,
    "team:OTT": -0.043407
  },
  "goals": {
    "team:CBJ": -0.053206,
    "div:Metropolitan": 0.3,
    "conf:East": 0.3,
    "team:BUF": 0.28812,
    "div:Atlantic": 0.3,
    "team:MTL": 0.28812,
    "team:PIT": 0.3,
    "team:CAR": 0.28812,
    "team:TBL": -0.28812,
    "team:ANA": 0.1328,
    "div:Pacific": -0.3,
    "conf:West": -0.3,
    "team:UTA": -0.3,
    "div:Central": -0.2623,
    "team:NYR": -0.071838,
    "team:BOS": -0.28812,
    "team:DET": -0.28812,
    "team:CHI": 0.1317,
    "team:NJD": -0.189199,
    "team:NYI": 0.3,
    "team:TOR": -0.28812,
    "team:OTT": 0.28812,
    "team:PHI": -0.137049,
    "team:DAL": 0.074719,
    "team:MIN": -0.3,
    "team:WPG": -0.3,
    "team:EDM": 0.28812,
    "team:NSH": -0.28812,
    "team:CGY": -0.3,
    "team:SEA": 0.28812,
    "team:VGK": -0.3,
    "team:LAK": -0.28812,
    "team:FLA": 0.1911,
    "team:VAN": -0.28812,
    "team:WSH": -0.28812,
    "team:SJS": -0.2131,
    "team:STL": -0.2251,
    "team:COL": -0.055607
  }
}