{
  "ml_home": {
    "team:CBJ": -0.04802,
    "div:Metropolitan": 0.01948,
    "conf:East": 0.01948,
    "team:MTL": 0.033432,
    "div:Atlantic": 0.049,
    "team:CAR": 0.05,
    "team:ANA": 0.04802,
    "div:Pacific": 0.049,
    "conf:West": 0.05,
    "team:NYR": -0.04457,
    "team:DET": -0.04802,
    "team:BUF": -0.04802,
    "team:NJD": -0.049,
    "team:TOR": -0.041212,
    "team:DAL": 0.05,
    "div:Central": 0.05,
    "team:WPG": -0.044293,
    "team:NSH": -0.049,
    "team:CGY": 0.043407,
    "team:VGK": 0.049,
    "team:EDM": -0.046119,
    "team:VAN": -0.044293,
    "team:WSH": 0.04802,
    "team:MIN": -0.049,
    "team:TBL": 0.04706,
    "team:PIT": -0.049,
    "team:NYI": -0.05,
    "team:SJS": 0.04802,
    "team:PHI": 0.043407,
    "team:LAK": 0.049,
    "team:STL": 0.049,
    "team:COL": 0.049,
    "team:SEA": -0.049,
    "team:UTA": -0.04706,
    "team:CHI": 0.05,
    "team:BOS": 0.049,
    "team:FLA": -0.04802,
    "team:OTT": -0.037682
  },
  "goals": {
    "team:CBJ": -0.240004,
    "div:Metropolitan": -0.3,
    "conf:East": -0.3,
    "team:BUF": -0.24549,
    "div:Atlantic": -0.2387,
    "team:MTL": 0.019502,
    "team:PIT": -0.090258,
    "team:CAR": -0.2995,
    "team:TBL": 0.294,
    "team:ANA": 0.2156,
    "div:Pacific": -0.3,
    "conf:West": 0.3,
    "team:UTA": -0.294,
    "div:Central": 0.3,
    "team:NYR": -0.176498,
    "team:BOS": -0.24549,
    "team:DET": -0.251076,
    "team:CHI": 0.229,
    "team:NJD": 0.215502,
    "team:NYI": -0.3,
    "team:TOR": 0.294,
    "team:OTT": -0.3,
    "team:PHI": 0.294,
    "team:DAL": 0.3,
    "team:MIN": -0.041552,
    "team:WPG": 0.14651,
    "team:EDM": 0.294,
    "team:NSH": 0.019502,
    "team:CGY": -0.3,
    "team:SEA": -0.294,
    "team:VGK": -0.04949,
    "team:LAK": -0.242158,
    "team:FLA": -0.002113,
    "team:VAN": -0.294,
    "team:WSH": 0.3,
    "team:SJS": -0.206976,
    "team:STL": -0.294,
    "team:COL": 0.294
  }
}