{
  "ml_home": {
    "team:CBJ": -0.041688,
    "div:Metropolitan": 0.016663,
    "conf:East": 0.05,
    "team:MTL": -0.04802,
    "div:Atlantic": 0.05,
    "team:CAR": 0.04802,
    "team:ANA": -0.040037,
    "div:Pacific": -0.05,
    "conf:West": -0.05,
    "team:NYR": -0.046119,
    "team:DET": 0.046119,
    "team:BUF": 0.04802,
    "team:NJD": -0.041688,
    "team:TOR": 0.04802,
    "team:DAL": -0.041688,
    "div:Central": -0.05,
    "team:WPG": 0.05,
    "team:NSH": 0.05,
    "team:CGY": -0.040854,
    "team:VGK": 0.04802,
    "team:EDM": -0.04802,
    "team:VAN": -0.040854,
    "team:WSH": -0.043407,
    "team:MIN": -0.04802,
    "team:TBL": 0.042539,
    "team:PIT": -0.04802,
    "team:NYI": 0.042539,
    "team:SJS": -0.05,
    "team:PHI": -0.04802,
    "team:LAK": -0.043407,
    "team:STL": 0.040854,
    "team:COL": 0.04802,
    "team:SEA": -0.046119,
    "team:UTA": -0.05,
    "team:CHI": -0.04706,
    "team:BOS": 0.05,
    "team:FLA": 0.041688,
    "team:OTT": -0.04802
  },
  "goals": {
    "team:CBJ": -0.2101,
    "div:Metropolitan": -0.2541,
    "conf:East": -0.2541,
    "team:BUF": 0.28812,
    "div:Atlantic": -0.3,
    "team:MTL": -0.28812,
    "team:PIT": -0.3,
    "team:CAR": 0.207158,
    "team:TBL": 0.28812,
    "team:ANA": -0.23549,
    "div:Pacific": 0.3,
    "conf:West": 0.3,
    "team:UTA": -0.3,
    "div:Central": -0.2362,
    "team:NYR": -0.28812,
    "team:BOS": -0.3,
    "team:DET": 0.28812,
    "team:CHI": -0.159907,
    "team:NJD": -0.2028,
    "team:NYI": -0.04341,
    "team:TOR": 0.14867,
    "team:OTT": -0.28812,
    "team:PHI": -0.28812,
    "team:DAL": 0.216282,
    "team:MIN": 0.059929,
    "team:WPG": 0.3,
    "team:EDM": 0.207158,
    "team:NSH": -0.2101,
    "team:CGY": -0.28812,
    "team:SEA": -0.28812,
    "team:VGK": 0.3,
    "team:LAK": -0.017191,
    "team:FLA": -0.23549,
    "team:VAN": -0.28812,
    "team:WSH": -0.2838,
    "team:SJS": -0.1981,
    "team:STL": -0.28812,
    "team:COL": 0.28812
  }
}