{
  "ml_home": {
    "team:CBJ": 0.05,
    "div:Metropolitan": 0.05,
    "conf:East": 0.05,
    "team:MTL": -0.034756,
    "div:Atlantic": 0.046119,
    "team:CAR": -0.046119,
    "team:ANA": -0.031417,
    "div:Pacific": -0.046119,
    "conf:West": -0.046119,
    "team:NYR": -0.040037,
    "team:DET": 0.042539,
    "team:BUF": -0.046119,
    "team:NJD": 0.044293,
    "team:TOR": 0.046119,
    "team:DAL": 0.046119,
    "div:Central": 0.046119,
    "team:WPG": -0.044293,
    "team:NSH": -0.046119,
    "team:CGY": 0.044293,
    "team:VGK": 0.034756,
    "team:EDM": 0.046119,
    "team:VAN": -0.046119,
    "team:WSH": -0.042539,
    "team:MIN": -0.046119,
    "team:TBL": 0.044293,
    "team:PIT": 0.016125,
    "team:NYI": 0.040037,
    "team:SJS": -0.046119,
    "team:PHI": 0.046119,
    "team:LAK": -0.034756,
    "team:STL": -0.046119,
    "team:COL": 0.046119,
    "team:SEA": -0.038997,
    "team:UTA": 0.036928,
    "team:CHI": 0.046119,
    "team:BOS": 0.046119,
    "team:FLA": -0.046119,
    "team:OTT": 0.045197
  },
  "goals": {
    "team:CBJ": 0.3,
    "div:Metropolitan": 0.3,
    "conf:East": 0.2423,
    "team:BUF": 0.183274,
    "div:Atlantic": 0.1307,
    "team:MTL": 0.276711,
    "team:PIT": 0.043997,
    "team:CAR": 0.040769,
    "team:TBL": 0.167871,
    "team:ANA": 0.176911,
    "div:Pacific": 0.07093,
    "conf:West": 0.07093,
    "team:UTA": 0.162336,
    "div:Central": 0.232898,
    "team:NYR": -0.276711,
    "team:BOS": 0.276711,
    "team:DET": 0.276711,
    "team:CHI": 0.276711,
    "team:NJD": 0.276711,
    "team:NYI": -0.007563,
    "team:TOR": 0.128,
    "team:OTT": 0.22847,
    "team:PHI": 0.005534,
    "team:DAL": -0.276711,
    "team:MIN": 0.224135,
    "team:WPG": 0.091314,
    "team:EDM": 0.276711,
    "team:NSH": -0.276711,
    "team:CGY": 0.224135,
    "team:SEA": -0.07997,
    "team:VGK": 0.276711,
    "team:LAK": 0.244704,
    "team:FLA": -0.07296,
    "team:VAN": -0.276711,
    "team:WSH": -0.276711,
    "team:SJS": 0.224135,
    "team:STL": -0.043905,
    "team:COL": 0.276711
  }
}