{
  "ml_home": {
    "team:CBJ": 0.049,
    "div:Metropolitan": -0.05,
    "conf:East": -0.05,
    "team:MTL": 0.045609,
    "div:Atlantic": -0.049,
    "team:CAR": -0.049,
    "team:ANA": 0.05,
    "div:Pacific": 0.05,
    "conf:West": 0.05,
    "team:NYR": 0.04706,
    "team:DET": 0.04706,
    "team:BUF": 0.046119,
    "team:NJD": -0.05,
    "team:TOR": -0.037252,
    "team:DAL": 0.05,
    "div:Central": 0.05,
    "team:WPG": 0.05,
    "team:NSH": 0.04706,
    "team:CGY": 0.049,
    "team:VGK": 0.04706,
    "team:EDM": 0.048187,
    "team:VAN": -0.05,
    "team:WSH": 0.043407,
    "team:MIN": -0.044293,
    "team:TBL": -0.049,
    "team:PIT": -0.044293,
    "team:NYI": 0.049,
    "team:SJS": -0.027035,
    "team:PHI": 0.04802,
    "team:LAK": -0.049,
    "team:STL": -0.037559,
    "team:COL": 0.04706,
    "team:SEA": -0.044293,
    "team:UTA": -0.042539,
    "team:CHI": 0.045197,
    "team:BOS": 0.049,
    "team:FLA": -0.049,
    "team:OTT": -0.049
  },
  "goals": {
    "team:CBJ": 0.294,
    "div:Metropolitan": -0.2543,
    "conf:East": -0.2543,
    "team:BUF": -0.3,
    "div:Atlantic": -0.1791,
    "team:MTL": -0.163364,
    "team:PIT": 0.294,
    "team:CAR": -0.294,
    "team:TBL": -0.155232,
    "team:ANA": -0.0448,
    "div:Pacific": -0.0543,
    "conf:West": 0.1423,
    "team:UTA": 0.3,
    "div:Central": 0.3,
    "team:NYR": 0.069776,
    "team:BOS": 0.294,
    "team:DET": 0.294,
    "team:CHI": -0.08771,
    "team:NJD": -0.3,
    "team:NYI": 0.294,
    "team:TOR": 0.294,
    "team:OTT": -0.092512,
    "team:PHI": 0.235682,
    "team:DAL": 0.1849,
    "team:MIN": -0.294,
    "team:WPG": -0.0448,
    "team:EDM": 0.294,
    "team:NSH": 0.016758,
    "team:CGY": -0.043022,
    "team:SEA": -0.029792,
    "team:VGK": 0.0967,
    "team:LAK": -0.294,
    "team:FLA": -0.294,
    "team:VAN": -0.3,
    "team:WSH": 0.2162,
    "team:SJS": -0.3,
    "team:STL": -0.294,
    "team:COL": 0.145922
  }
}