{
  "ml_home": {
    "team:CBJ": 0.044293,
    "div:Metropolitan": -0.049,
    "conf:East": 0.01601,
    "team:MTL": 0.049,
    "div:Atlantic": 0.01601,
    "team:CAR": 0.022094,
    "team:ANA": 0.04706,
    "div:Pacific": 0.016533,
    "conf:West": -0.049,
    "team:NYR": -0.04706,
    "team:DET": -0.049,
    "team:BUF": -0.05,
    "team:NJD": 0.039236,
    "team:TOR": 0.02197,
    "team:DAL": -0.049,
    "div:Central": -0.049,
    "team:WPG": 0.049,
    "team:NSH": 0.049,
    "team:CGY": 0.049,
    "team:VGK": -0.041688,
    "team:EDM": -0.044293,
    "team:VAN": -0.049,
    "team:WSH": -0.04706,
    "team:MIN": 0.044293,
    "team:TBL": 0.049,
    "team:PIT": -0.049,
    "team:NYI": -0.049,
    "team:SJS": -0.044293,
    "team:PHI": -0.049,
    "team:LAK": -0.044293,
    "team:STL": 0.049,
    "team:COL": -0.040854,
    "team:SEA": -0.027482,
    "team:UTA": -0.049,
    "team:CHI": -0.04706,
    "team:BOS": -0.049,
    "team:FLA": 0.049,
    "team:OTT": 0.044293
  },
  "goals": {
    "team:CBJ": -0.219814,
    "div:Metropolitan": 0.212,
    "conf:East": 0.2168,
    "team:BUF": 0.2026,
    "div:Atlantic": 0.3,
    "team:MTL": 0.294,
    "team:PIT": -0.294,
    "team:CAR": -0.208054,
    "team:TBL": 0.294,
    "team:ANA": 0.294,
    "div:Pacific": 0.294,
    "conf:West": 0.294,
    "team:UTA": -0.208054,
    "div:Central": 0.017052,
    "team:NYR": -0.2491,
    "team:BOS": 0.0018,
    "team:DET": -0.294,
    "team:CHI": 0.12985,
    "team:NJD": 0.294,
    "team:NYI": -0.219814,
    "team:TOR": 0.2892,
    "team:OTT": 0.131026,
    "team:PHI": -0.218638,
    "team:DAL": 0.12985,
    "team:MIN": -0.209132,
    "team:WPG": 0.294,
    "team:EDM": 0.294,
    "team:NSH": 0.294,
    "team:CGY": 0.14161,
    "team:SEA": 0.140532,
    "team:VGK": -0.294,
    "team:LAK": -0.294,
    "team:FLA": 0.294,
    "team:VAN": -0.209132,
    "team:WSH": -0.294,
    "team:SJS": -0.209132,
    "team:STL": -0.163072,
    "team:COL": 0.294
  }
}