{
  "ml_home": {
    "team:CBJ": 0.049,
    "div:Metropolitan": 0.05,
    "conf:East": 0.05,
    "team:MTL": -0.049,
    "div:Atlantic": 0.049,
    "team:CAR": 0.03892,
    "team:ANA": 0.044293,
    "div:Pacific": 0.049,
    "conf:West": -0.05,
    "team:NYR": 0.013704,
    "team:DET": 0.049,
    "team:BUF": -0.041688,
    "team:NJD": -0.045197,
    "team:TOR": -0.049,
    "team:DAL": 0.030995,
    "div:Central": -0.05,
    "team:WPG": 0.037682,
    "team:NSH": 0.05,
    "team:CGY": 0.049,
    "team:VGK": -0.049,
    "team:EDM": 0.045197,
    "team:VAN": -0.046119,
    "team:WSH": 0.011601,
    "team:MIN": -0.046119,
    "team:TBL": -0.04706,
    "team:PIT": -0.044293,
    "team:NYI": -0.042539,
    "team:SJS": 0.043407,
    "team:PHI": -0.04706,
    "team:LAK": -0.041688,
    "team:STL": -0.05,
    "team:COL": 0.049,
    "team:SEA": 0.049,
    "team:UTA": -0.05,
    "team:CHI": -0.04706,
    "team:BOS": 0.046119,
    "team:FLA": 0.049,
    "team:OTT": 0.049
  },
  "goals": {
    "team:CBJ": 0.294,
    "div:Metropolitan": 0.2276,
    "conf:East": 0.2276,
    "team:BUF": -0.198842,
    "div:Atlantic": 0.22442,
    "team:MTL": -0.294,
    "team:PIT": -0.3,
    "team:CAR": 0.0554,
    "team:TBL": 0.145603,
    "team:ANA": -0.12397,
    "div:Pacific": 0.1351,
    "conf:West": 0.0276,
    "team:UTA": -0.088,
    "div:Central": 0.0276,
    "team:NYR": 0.282358,
    "team:BOS": 0.158956,
    "team:DET": 0.294,
    "team:CHI": 0.204145,
    "team:NJD": -0.037083,
    "team:NYI": 0.2228,
    "team:TOR": 0.112112,
    "team:OTT": 0.294,
    "team:PHI": 0.3,
    "team:DAL": 0.294,
    "team:MIN": -0.276711,
    "team:WPG": 0.076146,
    "team:EDM": 0.279986,
    "team:NSH": -0.2405,
    "team:CGY": -0.294,
    "team:SEA": 0.294,
    "team:VGK": -0.191688,
    "team:LAK": 0.294,
    "team:FLA": 0.294,
    "team:VAN": 0.1505,
    "team:WSH": 0.078596,
    "team:SJS": -0.294,
    "team:STL": 0.2713,
    "team:COL": 0.294
  }
}