{
  "ml_home": {
    "team:CBJ": 0.05,
    "div:Metropolitan": 0.05,
    "conf:East": 0.05,
    "team:MTL": -0.035465,
    "div:Atlantic": 0.04706,
    "team:CAR": -0.04706,
    "team:ANA": -0.032058,
    "div:Pacific": -0.04706,
    "conf:West": -0.04706,
    "team:NYR": -0.040854,
    "team:DET": 0.043407,
    "team:BUF": -0.04706,
    "team:NJD": 0.045197,
    "team:TOR": 0.04706,
    "team:DAL": 0.04706,
    "div:Central": 0.04706,
    "team:WPG": -0.045197,
    "team:NSH": -0.04706,
    "team:CGY": 0.045197,
    "team:VGK": 0.035465,
    "team:EDM": 0.04706,
    "team:VAN": -0.04706,
    "team:WSH": -0.043407,
    "team:MIN": -0.04706,
    "team:TBL": 0.045197,
    "team:PIT": 0.016454,
    "team:NYI": 0.040854,
    "team:SJS": -0.04706,
    "team:PHI": 0.04706,
    "team:LAK": -0.035465,
    "team:STL": -0.04706,
    "team:COL": 0.04706,
    "team:SEA": -0.039793,
    "team:UTA": 0.037682,
    "team:CHI": 0.04706,
    "team:BOS": 0.04706,
    "team:FLA": -0.04706,
    "team:OTT": 0.046119
  },
  "goals": {
    "team:CBJ": 0.3,
    "div:Metropolitan": 0.3,
    "conf:East": 0.2454,
    "team:BUF": 0.187014,
    "div:Atlantic": 0.1637,
    "team:MTL": 0.282358,
    "team:PIT": 0.044895,
    "team:CAR": 0.041601,
    "team:TBL": 0.171297,
    "team:ANA": 0.180521,
    "div:Pacific": 0.072378,
    "conf:West": 0.072378,
    "team:UTA": 0.165649,
    "div:Central": 0.237651,
    "team:NYR": -0.282358,
    "team:BOS": 0.282358,
    "team:DET": 0.282358,
    "team:CHI": 0.282358,
    "team:NJD": 0.282358,
    "team:NYI": -0.007717,
    "team:TOR": 0.1603,
    "team:OTT": 0.233133,
    "team:PHI": 0.005647,
    "team:DAL": -0.282358,
    "team:MIN": 0.228709,
    "team:WPG": 0.093178,
    "team:EDM": 0.282358,
    "team:NSH": -0.282358,
    "team:CGY": 0.228709,
    "team:SEA": -0.081602,
    "team:VGK": 0.282358,
    "team:LAK": 0.249698,
    "team:FLA": -0.074449,
    "team:VAN": -0.282358,
    "team:WSH": -0.282358,
    "team:SJS": 0.228709,
    "team:STL": -0.044801,
    "team:COL": 0.282358
  }
}