{
  "ml_home": {
    "team:CBJ": -0.040854,
    "div:Metropolitan": 0.01633,
    "conf:East": 0.05,
    "team:MTL": -0.04706,
    "div:Atlantic": 0.05,
    "team:CAR": 0.04706,
    "team:ANA": -0.039236,
    "div:Pacific": -0.05,
    "conf:West": -0.05,
    "team:NYR": -0.045197,
    "team:DET": 0.045197,
    "team:BUF": 0.04706,
    "team:NJD": -0.040854,
    "team:TOR": 0.04706,
    "team:DAL": -0.040854,
    "div:Central": -0.05,
    "team:WPG": 0.05,
    "team:NSH": 0.05,
    "team:CGY": -0.040037,
    "team:VGK": 0.04706,
    "team:EDM": -0.04706,
    "team:VAN": -0.040037,
    "team:WSH": -0.042539,
    "team:MIN": -0.04706,
    "team:TBL": 0.041688,
    "team:PIT": -0.04706,
    "team:NYI": 0.041688,
    "team:SJS": -0.05,
    "team:PHI": -0.04706,
    "team:LAK": -0.042539,
    "team:STL": 0.040037,
    "team:COL": 0.04706,
    "team:SEA": -0.045197,
    "team:UTA": -0.05,
    "team:CHI": -0.046119,
    "team:BOS": 0.05,
    "team:FLA": 0.040854,
    "team:OTT": -0.04706
  },
  "goals": {
    "team:CBJ": -0.178,
    "div:Metropolitan": -0.2533,
    "conf:East": -0.2533,
    "team:BUF": 0.282358,
    "div:Atlantic": -0.3,
    "team:MTL": -0.282358,
    "team:PIT": -0.3,
    "team:CAR": 0.203015,
    "team:TBL": 0.282358,
    "team:ANA": -0.23078,
    "div:Pacific": 0.3,
    "conf:West": 0.3,
    "team:UTA": -0.3,
    "div:Central": -0.223,
    "team:NYR": -0.282358,
    "team:BOS": -0.3,
    "team:DET": 0.282358,
    "team:CHI": -0.156709,
    "team:NJD": -0.1723,
    "team:NYI": -0.042542,
    "team:TOR": 0.145697,
    "team:OTT": -0.282358,
    "team:PHI": -0.282358,
    "team:DAL": 0.211956,
    "team:MIN": 0.05873,
    "team:WPG": 0.3,
    "team:EDM": 0.203015,
    "team:NSH": -0.178,
    "team:CGY": -0.282358,
    "team:SEA": -0.282358,
    "team:VGK": 0.3,
    "team:LAK": -0.016847,
    "team:FLA": -0.23078,
    "team:VAN": -0.282358,
    "team:WSH": -0.3,
    "team:SJS": -0.3,
    "team:STL": -0.282358,
    "team:COL": 0.282358
  }
}