{
  "ml_home": {
    "team:CBJ": 0.026776,
    "div:Metropolitan": 0.049,
    "conf:East": -0.05,
    "team:MTL": 0.043407,
    "div:Atlantic": -0.05,
    "team:CAR": 0.043407,
    "team:ANA": 0.05,
    "div:Pacific": -0.05,
    "conf:West": -0.05,
    "team:NYR": -0.021704,
    "team:DET": -0.05,
    "team:BUF": 0.001066,
    "team:NJD": 0.049,
    "team:TOR": -0.04706,
    "team:DAL": -0.05,
    "div:Central": -0.05,
    "team:WPG": 0.04802,
    "team:NSH": -0.04706,
    "team:CGY": 0.010296,
    "team:VGK": -0.043,
    "team:EDM": -0.01665,
    "team:VAN": -0.049,
    "team:WSH": -0.04802,
    "team:MIN": 0.04802,
    "team:TBL": -0.043407,
    "team:PIT": 0.046119,
    "team:NYI": 0.046119,
    "team:SJS": -0.05,
    "team:PHI": 0.043407,
    "team:LAK": -0.046673,
    "team:STL": -0.043407,
    "team:COL": 0.043407,
    "team:SEA": -0.049,
    "team:UTA": -0.046119,
    "team:CHI": -0.05,
    "team:BOS": 0.04802,
    "team:FLA": -0.040854,
    "team:OTT": -0.039236
  },
  "goals": {
    "team:CBJ": 0.206966,
    "div:Metropolitan": 0.3,
    "conf:East": 0.3,
    "team:BUF": 0.189487,
    "div:Atlantic": 0.171,
    "team:MTL": 0.3,
    "team:PIT": -0.181708,
    "team:CAR": 0.3,
    "team:TBL": -0.28812,
    "team:ANA": 0.3,
    "div:Pacific": -0.205,
    "conf:West": -0.0722,
    "team:UTA": -0.240292,
    "div:Central": 0.2194,
    "team:NYR": 0.117555,
    "team:BOS": -0.28812,
    "team:DET": -0.3,
    "team:CHI": -0.0228,
    "team:NJD": 0.294,
    "team:NYI": -0.190022,
    "team:TOR": -0.245294,
    "team:OTT": 0.28812,
    "team:PHI": -0.117837,
    "team:DAL": 0.3,
    "team:MIN": 0.2945,
    "team:WPG": -0.240292,
    "team:EDM": 0.2099,
    "team:NSH": -0.28812,
    "team:CGY": -0.28812,
    "team:SEA": -0.214228,
    "team:VGK": -0.2637,
    "team:LAK": -0.282358,
    "team:FLA": -0.1659,
    "team:VAN": 0.3,
    "team:WSH": -0.28812,
    "team:SJS": 0.0099,
    "team:STL": -0.1527,
    "team:COL": 0.3
  }
}