{
  "ml_home": {
    "team:CBJ": 0.05,
    "div:Metropolitan": 0.05,
    "conf:East": 0.05,
    "team:MTL": -0.034061,
    "div:Atlantic": 0.045197,
    "team:CAR": -0.045197,
    "team:ANA": -0.030789,
    "div:Pacific": -0.045197,
    "conf:West": -0.045197,
    "team:NYR": -0.039236,
    "team:DET": 0.041688,
    "team:BUF": -0.045197,
    "team:NJD": 0.043407,
    "team:TOR": 0.045197,
    "team:DAL": 0.045197,
    "div:Central": 0.045197,
    "team:WPG": -0.043407,
    "team:NSH": -0.045197,
    "team:CGY": 0.043407,
    "team:VGK": 0.034061,
    "team:EDM": 0.045197,
    "team:VAN": -0.045197,
    "team:WSH": -0.041688,
    "team:MIN": -0.045197,
    "team:TBL": 0.043407,
    "team:PIT": 0.015803,
    "team:NYI": 0.039236,
    "team:SJS": -0.045197,
    "team:PHI": 0.045197,
    "team:LAK": -0.034061,
    "team:STL": -0.045197,
    "team:COL": 0.045197,
    "team:SEA": -0.038217,
    "team:UTA": 0.036189,
    "team:CHI": 0.045197,
    "team:BOS": 0.045197,
    "team:FLA": -0.045197,
    "team:OTT": 0.044293
  },
  "goals": {
    "team:CBJ": 0.3,
    "div:Metropolitan": 0.3,
    "conf:East": 0.2393,
    "team:BUF": 0.179609,
    "div:Atlantic": 0.1018,
    "team:MTL": 0.271177,
    "team:PIT": 0.043117,
    "team:CAR": 0.039954,
    "team:TBL": 0.164514,
    "team:ANA": 0.173373,
    "div:Pacific": 0.069511,
    "conf:West": 0.069511,
    "team:UTA": 0.159089,
    "div:Central": 0.22824,
    "team:NYR": -0.271177,
    "team:BOS": 0.271177,
    "team:DET": 0.271177,
    "team:CHI": 0.271177,
    "team:NJD": 0.271177,
    "team:NYI": -0.007412,
    "team:TOR": 0.0996,
    "team:OTT": 0.223901,
    "team:PHI": 0.005423,
    "team:DAL": -0.271177,
    "team:MIN": 0.219652,
    "team:WPG": 0.089488,
    "team:EDM": 0.271177,
    "team:NSH": -0.271177,
    "team:CGY": 0.219652,
    "team:SEA": -0.078371,
    "team:VGK": 0.271177,
    "team:LAK": 0.23981,
    "team:FLA": -0.071501,
    "team:VAN": -0.271177,
    "team:WSH": -0.271177,
    "team:SJS": 0.219652,
    "team:STL": -0.043027,
    "team:COL": 0.271177
  }
}