{
  "ml_home": {
    "team:CBJ": 0.044303,
    "div:Metropolitan": -0.049,
    "conf:East": 0.02216,
    "team:MTL": 0.011031,
    "div:Atlantic": 0.05,
    "team:CAR": 0.040854,
    "team:ANA": 0.04802,
    "div:Pacific": 0.0443,
    "conf:West": 0.02873,
    "team:NYR": -0.049,
    "team:DET": 0.05,
    "team:BUF": 0.010163,
    "team:NJD": 0.049,
    "team:TOR": 0.040854,
    "team:DAL": -0.05,
    "div:Central": -0.02781,
    "team:WPG": 0.04802,
    "team:NSH": 0.04802,
    "team:CGY": -0.034756,
    "team:VGK": 0.040854,
    "team:EDM": 0.03604,
    "team:VAN": -0.034756,
    "team:WSH": 0.04802,
    "team:MIN": -0.04706,
    "team:TBL": 0.036189,
    "team:PIT": -0.04802,
    "team:NYI": 0.036189,
    "team:SJS": -0.046119,
    "team:PHI": -0.04706,
    "team:LAK": -0.049,
    "team:STL": 0.04802,
    "team:COL": -0.04706,
    "team:SEA": -0.039236,
    "team:UTA": 0.04802,
    "team:CHI": -0.04706,
    "team:BOS": 0.04802,
    "team:FLA": 0.035465,
    "team:OTT": 0.039761
  },
  "goals": {
    "team:CBJ": 0.28812,
    "div:Metropolitan": -0.009408,
    "conf:East": 0.229,
    "team:BUF": 0.294,
    "div:Atlantic": 0.229,
    "team:MTL": 0.023434,
    "team:PIT": -0.28812,
    "team:CAR": -0.28812,
    "team:TBL": 0.2077,
    "team:ANA": -0.170663,
    "div:Pacific": 0.1931,
    "conf:West": -0.3,
    "team:UTA": 0.28812,
    "div:Central": -0.3,
    "team:NYR": -0.039592,
    "team:BOS": -0.231745,
    "team:DET": -0.0415,
    "team:CHI": -0.282358,
    "team:NJD": 0.216188,
    "team:NYI": 0.152223,
    "team:TOR": -0.170855,
    "team:OTT": 0.2242,
    "team:PHI": -0.294,
    "team:DAL": -0.3,
    "team:MIN": -0.157273,
    "team:WPG": 0.28812,
    "team:EDM": 0.3,
    "team:NSH": 0.097673,
    "team:CGY": -0.206486,
    "team:SEA": -0.219814,
    "team:VGK": 0.21168,
    "team:LAK": -0.294,
    "team:FLA": 0.018165,
    "team:VAN": -0.28812,
    "team:WSH": -0.231745,
    "team:SJS": -0.276711,
    "team:STL": -0.3,
    "team:COL": 0.186262
  }
}