{
  "ml_home": {
    "team:CBJ": -0.046119,
    "div:Metropolitan": 0.05,
    "conf:East": 0.05,
    "team:MTL": 0.046119,
    "div:Atlantic": 0.05,
    "team:CAR": 0.032058,
    "team:ANA": -0.046119,
    "div:Pacific": -0.046119,
    "conf:West": -0.01075,
    "team:NYR": -0.040854,
    "team:DET": 0.05,
    "team:BUF": 0.043407,
    "team:NJD": 0.046119,
    "team:TOR": 0.046119,
    "team:DAL": -0.046119,
    "div:Central": -0.01075,
    "team:WPG": 0.032058,
    "team:NSH": -0.032058,
    "team:CGY": -0.040854,
    "team:VGK": 0.046119,
    "team:EDM": 0.032058,
    "team:VAN": -0.038451,
    "team:WSH": 0.05,
    "team:MIN": 0.038451,
    "team:TBL": -0.032058,
    "team:PIT": -0.032058,
    "team:NYI": 0.046119,
    "team:SJS": -0.040854,
    "team:PHI": -0.046119,
    "team:LAK": -0.046119,
    "team:STL": -0.043407,
    "team:COL": -0.032058,
    "team:SEA": 0.032058,
    "team:UTA": 0.05,
    "team:CHI": -0.05,
    "team:BOS": -0.038451,
    "team:FLA": 0.032058,
    "team:OTT": 0.046119
  },
  "goals": {
    "team:CBJ": -0.276711,
    "div:Metropolitan": 0.3,
    "conf:East": 0.1761,
    "team:BUF": 0.260438,
    "div:Atlantic": -0.3,
    "team:MTL": 0.161599,
    "team:PIT": 0.276711,
    "team:CAR": 0.276711,
    "team:TBL": -0.3,
    "team:ANA": -0.276711,
    "div:Pacific": 0.0192,
    "conf:West": 0.2561,
    "team:UTA": 0.3,
    "div:Central": 0.3,
    "team:NYR": -0.276711,
    "team:BOS": 0.276711,
    "team:DET": -0.3,
    "team:CHI": -0.3,
    "team:NJD": 0.125072,
    "team:NYI": 0.276711,
    "team:TOR": -0.276711,
    "team:OTT": 0.276711,
    "team:PHI": -0.276711,
    "team:DAL": 0.161599,
    "team:MIN": -0.3,
    "team:WPG": 0.276711,
    "team:EDM": -0.276711,
    "team:NSH": -0.276711,
    "team:CGY": -0.260438,
    "team:SEA": 0.161599,
    "team:VGK": 0.276711,
    "team:LAK": -0.276711,
    "team:FLA": -0.276711,
    "team:VAN": 0.1594,
    "team:WSH": 0.3,
    "team:SJS": -0.0543,
    "team:STL": 0.161124,
    "team:COL": 0.276711
  }
}