{
  "ml_home": {
    "team:CBJ": -0.039236,
    "div:Metropolitan": 0.05,
    "conf:East": 0.05,
    "team:MTL": -0.049,
    "div:Atlantic": -0.049,
    "team:CAR": 0.042539,
    "team:ANA": 0.049,
    "div:Pacific": 0.049,
    "conf:West": -0.05,
    "team:NYR": 0.034061,
    "team:DET": -0.031663,
    "team:BUF": -0.043407,
    "team:NJD": 0.038451,
    "team:TOR": -0.036928,
    "team:DAL": 0.042539,
    "div:Central": -0.05,
    "team:WPG": -0.040037,
    "team:NSH": -0.040037,
    "team:CGY": 0.040037,
    "team:VGK": -0.043407,
    "team:EDM": -0.044293,
    "team:VAN": 0.039236,
    "team:WSH": 0.038451,
    "team:MIN": 0.04706,
    "team:TBL": 0.043407,
    "team:PIT": 0.05,
    "team:NYI": -0.039236,
    "team:SJS": -0.036928,
    "team:PHI": -0.04706,
    "team:LAK": -0.049,
    "team:STL": 0.038176,
    "team:COL": 0.043407,
    "team:SEA": 0.036928,
    "team:UTA": -0.05,
    "team:CHI": -0.036928,
    "team:BOS": -0.049,
    "team:FLA": 0.031417,
    "team:OTT": -0.04706
  },
  "goals": {
    "team:CBJ": -0.235416,
    "div:Metropolitan": -0.254,
    "conf:East": -0.2455,
    "team:BUF": 0.294,
    "div:Atlantic": -0.008134,
    "team:MTL": -0.294,
    "team:PIT": -0.0591,
    "team:CAR": -0.050259,
    "team:TBL": -0.216188,
    "team:ANA": 0.294,
    "div:Pacific": 0.3,
    "conf:West": 0.3,
    "team:UTA": 0.2268,
    "div:Central": 0.3,
    "team:NYR": -0.221572,
    "team:BOS": -0.294,
    "team:DET": 0.151703,
    "team:CHI": -0.195721,
    "team:NJD": -0.235416,
    "team:NYI": -0.235416,
    "team:TOR": -0.061301,
    "team:OTT": -0.282358,
    "team:PHI": -0.2201,
    "team:DAL": -0.113508,
    "team:MIN": -0.033694,
    "team:WPG": -0.24022,
    "team:EDM": 0.138082,
    "team:NSH": -0.038353,
    "team:CGY": -0.209631,
    "team:SEA": -0.24022,
    "team:VGK": 0.1562,
    "team:LAK": -0.294,
    "team:FLA": 0.221572,
    "team:VAN": -0.15326,
    "team:WSH": -0.095971,
    "team:SJS": 0.24022,
    "team:STL": 0.24022,
    "team:COL": 0.294
  }
}