{
  "ml_home": {
    "team:CBJ": -0.034061,
    "div:Metropolitan": 0.04802,
    "conf:East": -0.05,
    "team:MTL": -0.04706,
    "div:Atlantic": -0.05,
    "team:CAR": 0.04802,
    "team:ANA": 0.046119,
    "div:Pacific": 0.046119,
    "conf:West": 0.05,
    "team:NYR": 0.02957,
    "team:DET": -0.027488,
    "team:BUF": -0.044293,
    "team:NJD": 0.03338,
    "team:TOR": -0.032058,
    "team:DAL": -0.044293,
    "div:Central": 0.05,
    "team:WPG": -0.034756,
    "team:NSH": -0.034756,
    "team:CGY": 0.034756,
    "team:VGK": 0.045197,
    "team:EDM": 0.044293,
    "team:VAN": 0.034061,
    "team:WSH": 0.03338,
    "team:MIN": 0.046119,
    "team:TBL": -0.05,
    "team:PIT": 0.043407,
    "team:NYI": -0.034061,
    "team:SJS": -0.032058,
    "team:PHI": 0.019986,
    "team:LAK": -0.042539,
    "team:STL": 0.033142,
    "team:COL": 0.05,
    "team:SEA": 0.032058,
    "team:UTA": -0.04706,
    "team:CHI": -0.032058,
    "team:BOS": -0.04706,
    "team:FLA": 0.027274,
    "team:OTT": -0.040854
  },
  "goals": {
    "team:CBJ": -0.204371,
    "div:Metropolitan": -0.28812,
    "conf:East": -0.3,
    "team:BUF": 0.031718,
    "div:Atlantic": -0.3,
    "team:MTL": -0.3,
    "team:PIT": -0.271177,
    "team:CAR": -0.05311,
    "team:TBL": -0.3,
    "team:ANA": 0.21362,
    "div:Pacific": 0.282358,
    "conf:West": 0.3,
    "team:UTA": -0.179485,
    "div:Central": 0.3,
    "team:NYR": -0.192352,
    "team:BOS": -0.282358,
    "team:DET": 0.131696,
    "team:CHI": -0.169911,
    "team:NJD": -0.204371,
    "team:NYI": -0.204371,
    "team:TOR": -0.053218,
    "team:OTT": -0.245122,
    "team:PHI": -0.28812,
    "team:DAL": -0.276711,
    "team:MIN": 0.3,
    "team:WPG": -0.208542,
    "team:EDM": -0.0012,
    "team:NSH": -0.033295,
    "team:CGY": -0.181985,
    "team:SEA": -0.208542,
    "team:VGK": 0.282358,
    "team:LAK": -0.255229,
    "team:FLA": 0.192352,
    "team:VAN": -0.133049,
    "team:WSH": -0.083316,
    "team:SJS": 0.208542,
    "team:STL": 0.208542,
    "team:COL": 0.3
  }
}