{
  "ml_home": {
    "team:CBJ": -0.044293,
    "div:Metropolitan": -0.049,
    "conf:East": -0.05,
    "team:MTL": -0.05,
    "div:Atlantic": -0.05,
    "team:CAR": -0.04706,
    "team:ANA": -0.043407,
    "div:Pacific": 0.05,
    "conf:West": 0.05,
    "team:NYR": 0.045197,
    "team:DET": -0.040037,
    "team:BUF": -0.018061,
    "team:NJD": 0.049,
    "team:TOR": 0.04706,
    "team:DAL": 0.049,
    "div:Central": -0.05,
    "team:WPG": 0.05,
    "team:NSH": -0.037682,
    "team:CGY": 0.040854,
    "team:VGK": 0.049,
    "team:EDM": 0.05,
    "team:VAN": -0.025725,
    "team:WSH": -0.049,
    "team:MIN": -0.05,
    "team:TBL": -0.049,
    "team:PIT": 0.043407,
    "team:NYI": -0.013122,
    "team:SJS": -0.040854,
    "team:PHI": -0.049,
    "team:LAK": -0.040854,
    "team:STL": 0.041413,
    "team:COL": -0.045197,
    "team:SEA": 0.05,
    "team:UTA": -0.049,
    "team:CHI": 0.044293,
    "team:BOS": -0.04706,
    "team:FLA": 0.04706,
    "team:OTT": 0.05
  },
  "goals": {
    "team:CBJ": -0.294,
    "div:Metropolitan": -0.061446,
    "conf:East": 0.0182,
    "team:BUF": -0.167776,
    "div:Atlantic": 0.0182,
    "team:MTL": -0.1226,
    "team:PIT": 0.17885,
    "team:CAR": 0.028224,
    "team:TBL": -0.082712,
    "team:ANA": -0.057,
    "div:Pacific": 0.3,
    "conf:West": 0.3,
    "team:UTA": -0.248136,
    "div:Central": -0.3,
    "team:NYR": 0.294,
    "team:BOS": -0.187866,
    "team:DET": -0.294,
    "team:CHI": -0.294,
    "team:NJD": 0.294,
    "team:NYI": -0.218736,
    "team:TOR": 0.1843,
    "team:OTT": 0.3,
    "team:PHI": -0.294,
    "team:DAL": 0.203644,
    "team:MIN": -0.3,
    "team:WPG": -0.1928,
    "team:EDM": -0.1898,
    "team:NSH": -0.3,
    "team:CGY": -0.108486,
    "team:SEA": 0.3,
    "team:VGK": 0.294,
    "team:LAK": -0.002058,
    "team:FLA": -0.3,
    "team:VAN": -0.255682,
    "team:WSH": -0.294,
    "team:SJS": 0.3,
    "team:STL": -0.1597,
    "team:COL": -0.188356
  }
}