{
  "ml_home": {
    "team:CBJ": 0.040037,
    "div:Metropolitan": -0.05,
    "conf:East": -0.05,
    "team:MTL": -0.049,
    "div:Atlantic": -0.05,
    "team:CAR": -0.049,
    "team:ANA": 0.04706,
    "div:Pacific": -0.049,
    "conf:West": -0.05,
    "team:NYR": 0.01456,
    "team:DET": -0.04706,
    "team:BUF": -0.044293,
    "team:NJD": -0.04802,
    "team:TOR": -0.04706,
    "team:DAL": 0.032932,
    "div:Central": -0.04716,
    "team:WPG": 0.040037,
    "team:NSH": -0.046119,
    "team:CGY": -0.045197,
    "team:VGK": -0.04802,
    "team:EDM": 0.04802,
    "team:VAN": -0.049,
    "team:WSH": 0.012327,
    "team:MIN": -0.049,
    "team:TBL": -0.05,
    "team:PIT": -0.04706,
    "team:NYI": -0.045197,
    "team:SJS": 0.046119,
    "team:PHI": -0.05,
    "team:LAK": -0.044293,
    "team:STL": 0.039572,
    "team:COL": 0.049,
    "team:SEA": -0.049,
    "team:UTA": 0.04299,
    "team:CHI": -0.05,
    "team:BOS": 0.049,
    "team:FLA": 0.040037,
    "team:OTT": -0.049
  },
  "goals": {
    "team:CBJ": -0.197078,
    "div:Metropolitan": 0.0559,
    "conf:East": -0.0489,
    "team:BUF": -0.3,
    "div:Atlantic": -0.3,
    "team:MTL": -0.180124,
    "team:PIT": -0.282358,
    "team:CAR": -0.175616,
    "team:TBL": 0.1547,
    "team:ANA": -0.175616,
    "div:Pacific": -0.3,
    "conf:West": 0.1119,
    "team:UTA": 0.1652,
    "div:Central": 0.2311,
    "team:NYR": 0.3,
    "team:BOS": 0.294,
    "team:DET": -0.282358,
    "team:CHI": 0.2169,
    "team:NJD": -0.0394,
    "team:NYI": 0.1067,
    "team:TOR": 0.216384,
    "team:OTT": -0.089768,
    "team:PHI": -0.3,
    "team:DAL": 0.009996,
    "team:MIN": -0.294,
    "team:WPG": 0.156604,
    "team:EDM": -0.0855,
    "team:NSH": -0.03736,
    "team:CGY": -0.294,
    "team:SEA": -0.294,
    "team:VGK": -0.28812,
    "team:LAK": 0.205408,
    "team:FLA": -0.13993,
    "team:VAN": 0.216384,
    "team:WSH": 0.160622,
    "team:SJS": -0.200018,
    "team:STL": -0.154448,
    "team:COL": 0.294
  }
}