{
  "ml_home": {
    "team:CBJ": -0.04706,
    "div:Metropolitan": 0.05,
    "conf:East": 0.05,
    "team:MTL": -0.039236,
    "div:Atlantic": 0.05,
    "team:CAR": 0.024654,
    "team:ANA": -0.035465,
    "div:Pacific": 0.05,
    "conf:West": 0.05,
    "team:NYR": -0.045197,
    "team:DET": 0.04802,
    "team:BUF": 0.04706,
    "team:NJD": 0.05,
    "team:TOR": 0.04802,
    "team:DAL": 0.04802,
    "div:Central": -0.05,
    "team:WPG": -0.05,
    "team:NSH": -0.05,
    "team:CGY": 0.05,
    "team:VGK": 0.039236,
    "team:EDM": 0.045197,
    "team:VAN": 0.05,
    "team:WSH": -0.04802,
    "team:MIN": -0.05,
    "team:TBL": 0.05,
    "team:PIT": -0.04802,
    "team:NYI": 0.045197,
    "team:SJS": -0.039236,
    "team:PHI": 0.04802,
    "team:LAK": -0.039236,
    "team:STL": -0.045197,
    "team:COL": -0.045197,
    "team:SEA": 0.04802,
    "team:UTA": 0.041688,
    "team:CHI": -0.05,
    "team:BOS": 0.04802,
    "team:FLA": 0.04802,
    "team:OTT": 0.024758
  },
  "goals": {
    "team:CBJ": 0.174697,
    "div:Metropolitan": -0.3,
    "conf:East": -0.3,
    "team:BUF": 0.242309,
    "div:Atlantic": -0.144,
    "team:MTL": 0.28812,
    "team:PIT": 0.28812,
    "team:CAR": 0.041297,
    "team:TBL": -0.3,
    "team:ANA": 0.233377,
    "div:Pacific": 0.2558,
    "conf:West": 0.2558,
    "team:UTA": 0.2128,
    "div:Central": -0.2242,
    "team:NYR": -0.3,
    "team:BOS": 0.233377,
    "team:DET": 0.28812,
    "team:CHI": -0.3,
    "team:NJD": 0.3,
    "team:NYI": 0.233377,
    "team:TOR": 0.104684,
    "team:OTT": 0.28812,
    "team:PHI": -0.008452,
    "team:DAL": -0.1,
    "team:MIN": 0.3,
    "team:WPG": -0.1477,
    "team:EDM": 0.0548,
    "team:NSH": -0.2109,
    "team:CGY": 0.3,
    "team:SEA": -0.129078,
    "team:VGK": -0.3,
    "team:LAK": 0.0687,
    "team:FLA": 0.141083,
    "team:VAN": 0.2568,
    "team:WSH": -0.141851,
    "team:SJS": 0.3,
    "team:STL": 0.207638,
    "team:COL": 0.0548
  }
}