{
  "ml_home": {
    "team:CBJ": 0.04802,
    "div:Metropolitan": -0.049,
    "conf:East": 0.05,
    "team:MTL": 0.04802,
    "div:Atlantic": 0.05,
    "team:CAR": 0.046119,
    "team:ANA": 0.049,
    "div:Pacific": 0.05,
    "conf:West": 0.05,
    "team:NYR": -0.032712,
    "team:DET": 0.034756,
    "team:BUF": 0.04802,
    "team:NJD": 0.036189,
    "team:TOR": 0.05,
    "team:DAL": 0.037682,
    "div:Central": -0.013,
    "team:WPG": 0.04802,
    "team:NSH": -0.01458,
    "team:CGY": 0.036189,
    "team:VGK": -0.04706,
    "team:EDM": 0.025767,
    "team:VAN": -0.037682,
    "team:WSH": -0.04706,
    "team:MIN": 0.04802,
    "team:TBL": 0.046119,
    "team:PIT": 0.013175,
    "team:NYI": 0.049,
    "team:SJS": -0.00636,
    "team:PHI": -0.049,
    "team:LAK": -0.04802,
    "team:STL": 0.05,
    "team:COL": 0.037682,
    "team:SEA": 0.03688,
    "team:UTA": -0.049,
    "team:CHI": 0.037682,
    "team:BOS": 0.04802,
    "team:FLA": 0.04802,
    "team:OTT": 0.046119
  },
  "goals": {
    "team:CBJ": -0.047334,
    "div:Metropolitan": -0.2441,
    "conf:East": -0.013,
    "team:BUF": 0.225406,
    "div:Atlantic": 0.3,
    "team:MTL": 0.28812,
    "team:PIT": 0.0064,
    "team:CAR": -0.172872,
    "team:TBL": -0.035378,
    "team:ANA": 0.294,
    "div:Pacific": 0.1119,
    "conf:West": -0.2241,
    "team:UTA": -0.09996,
    "div:Central": -0.3,
    "team:NYR": 0.211288,
    "team:BOS": 0.019208,
    "team:DET": 0.008232,
    "team:CHI": -0.3,
    "team:NJD": -0.294,
    "team:NYI": -0.195314,
    "team:TOR": 0.3,
    "team:OTT": 0.211288,
    "team:PHI": -0.294,
    "team:DAL": -0.231456,
    "team:MIN": 0.152704,
    "team:WPG": 0.28812,
    "team:EDM": -0.1572,
    "team:NSH": 0.1596,
    "team:CGY": -0.294,
    "team:SEA": -0.2125,
    "team:VGK": -0.017695,
    "team:LAK": -0.28812,
    "team:FLA": 0.13436,
    "team:VAN": 0.3,
    "team:WSH": -0.23597,
    "team:SJS": -0.037044,
    "team:STL": -0.1968,
    "team:COL": 0.023722
  }
}