{
  "ml_home": {
    "team:CBJ": 0.034671,
    "div:Metropolitan": 0.0387,
    "conf:East": 0.05,
    "team:MTL": 0.03774,
    "div:Atlantic": 0.05,
    "team:CAR": -0.042539,
    "team:ANA": 0.042101,
    "div:Pacific": -0.05,
    "conf:West": -0.05,
    "team:NYR": -0.043407,
    "team:DET": 0.047706,
    "team:BUF": 0.05,
    "team:NJD": -0.037682,
    "team:TOR": -0.046523,
    "team:DAL": -0.045197,
    "div:Central": -0.05,
    "team:WPG": -0.05,
    "team:NSH": -0.000715,
    "team:CGY": 0.049,
    "team:VGK": 0.045197,
    "team:EDM": 0.037682,
    "team:VAN": -0.05,
    "team:WSH": -0.049,
    "team:MIN": 0.046119,
    "team:TBL": 0.04706,
    "team:PIT": -0.049,
    "team:NYI": 0.0387,
    "team:SJS": 0.05,
    "team:PHI": 0.049,
    "team:LAK": -0.04802,
    "team:STL": -0.042539,
    "team:COL": 0.04706,
    "team:SEA": 0.042539,
    "team:UTA": 0.044306,
    "team:CHI": -0.05,
    "team:BOS": -0.044293,
    "team:FLA": -0.049,
    "team:OTT": -0.042539
  },
  "goals": {
    "team:CBJ": -0.121226,
    "div:Metropolitan": -0.3,
    "conf:East": -0.3,
    "team:BUF": 0.3,
    "div:Atlantic": -0.1726,
    "team:MTL": 0.294,
    "team:PIT": -0.294,
    "team:CAR": -0.2684,
    "team:TBL": 0.294,
    "team:ANA": 0.026264,
    "div:Pacific": 0.1474,
    "conf:West": 0.1474,
    "team:UTA": -0.238238,
    "div:Central": -0.3,
    "team:NYR": -0.294,
    "team:BOS": -0.3,
    "team:DET": -0.042238,
    "team:CHI": -0.3,
    "team:NJD": -0.238238,
    "team:NYI": -0.3,
    "team:TOR": -0.294,
    "team:OTT": -0.185122,
    "team:PHI": 0.294,
    "team:DAL": -0.058408,
    "team:MIN": 0.2179,
    "team:WPG": -0.3,
    "team:EDM": 0.294,
    "team:NSH": -0.294,
    "team:CGY": 0.3,
    "team:SEA": -0.3,
    "team:VGK": 0.041454,
    "team:LAK": -0.28812,
    "team:FLA": -0.15288,
    "team:VAN": -0.2025,
    "team:WSH": 0.213444,
    "team:SJS": -0.1759,
    "team:STL": -0.294,
    "team:COL": -0.2419
  }
}