{
  "ml_home": {
    "team:CBJ": -0.05,
    "div:Metropolitan": -0.05,
    "conf:East": 0.04263,
    "team:MTL": 0.02153,
    "div:Atlantic": 0.04263,
    "team:CAR": 0.046119,
    "team:ANA": 0.040037,
    "div:Pacific": -0.05,
    "conf:West": -0.05,
    "team:NYR": -0.04802,
    "team:DET": -0.049,
    "team:BUF": 0.05,
    "team:NJD": -0.046119,
    "team:TOR": 0.030983,
    "team:DAL": 0.024141,
    "div:Central": -0.05,
    "team:WPG": -0.04706,
    "team:NSH": -0.029184,
    "team:CGY": 0.03994,
    "team:VGK": -0.049,
    "team:EDM": 0.043407,
    "team:VAN": -0.043407,
    "team:WSH": 0.03262,
    "team:MIN": 0.04802,
    "team:TBL": -0.05,
    "team:PIT": -0.04802,
    "team:NYI": 0.045197,
    "team:SJS": -0.04203,
    "team:PHI": -0.045197,
    "team:LAK": -0.045197,
    "team:STL": -0.05,
    "team:COL": 0.045197,
    "team:SEA": -0.04802,
    "team:UTA": 0.042289,
    "team:CHI": -0.030544,
    "team:BOS": -0.05,
    "team:FLA": 0.049,
    "team:OTT": 0.03883
  },
  "goals": {
    "team:CBJ": -0.2388,
    "div:Metropolitan": -0.3,
    "conf:East": -0.1213,
    "team:BUF": 0.3,
    "div:Atlantic": 0.1503,
    "team:MTL": 0.0508,
    "team:PIT": -0.3,
    "team:CAR": 0.294,
    "team:TBL": -0.3,
    "team:ANA": -0.043698,
    "div:Pacific": -0.2093,
    "conf:West": 0.2272,
    "team:UTA": 0.044786,
    "div:Central": 0.1587,
    "team:NYR": -0.3,
    "team:BOS": -0.2574,
    "team:DET": -0.294,
    "team:CHI": -0.3,
    "team:NJD": -0.294,
    "team:NYI": -0.046099,
    "team:TOR": -0.3,
    "team:OTT": 0.1913,
    "team:PHI": -0.027,
    "team:DAL": 0.3,
    "team:MIN": 0.3,
    "team:WPG": -0.294,
    "team:EDM": 0.2208,
    "team:NSH": -0.17787,
    "team:CGY": 0.1532,
    "team:SEA": -0.3,
    "team:VGK": -0.294,
    "team:LAK": -0.3,
    "team:FLA": 0.21413,
    "team:VAN": -0.232801,
    "team:WSH": -0.0402,
    "team:SJS": 0.2208,
    "team:STL": -0.3,
    "team:COL": 0.28812
  }
}