{
  "ml_home": {
    "team:CBJ": -0.05,
    "div:Metropolitan": 0.05,
    "conf:East": 0.05,
    "team:MTL": 0.046119,
    "div:Atlantic": 0.05,
    "team:CAR": -0.05,
    "team:ANA": 0.042539,
    "div:Pacific": -0.04802,
    "conf:West": -0.04802,
    "team:NYR": 0.05,
    "team:DET": -0.04802,
    "team:BUF": 0.001498,
    "team:NJD": 0.05,
    "team:TOR": 0.019859,
    "team:DAL": -0.044293,
    "div:Central": -0.04802,
    "team:WPG": -0.033925,
    "team:NSH": -0.04802,
    "team:CGY": 0.024769,
    "team:VGK": -0.04802,
    "team:EDM": 0.04802,
    "team:VAN": -0.046119,
    "team:WSH": -0.042539,
    "team:MIN": 0.040037,
    "team:TBL": 0.05,
    "team:PIT": -0.04802,
    "team:NYI": 0.04802,
    "team:SJS": -0.040037,
    "team:PHI": 0.05,
    "team:LAK": -0.04802,
    "team:STL": 0.04802,
    "team:COL": -0.04802,
    "team:SEA": -0.024841,
    "team:UTA": -0.046119,
    "team:CHI": -0.042539,
    "team:BOS": 0.035833,
    "team:FLA": -0.046119,
    "team:OTT": -0.046119
  },
  "goals": {
    "team:CBJ": -0.2277,
    "div:Metropolitan": -0.0917,
    "conf:East": 0.0162,
    "team:BUF": -0.074143,
    "div:Atlantic": -0.0117,
    "team:MTL": 0.0678,
    "team:PIT": -0.063386,
    "team:CAR": -0.3,
    "team:TBL": 0.1411,
    "team:ANA": -0.06281,
    "div:Pacific": 0.28812,
    "conf:West": -0.3,
    "team:UTA": 0.28812,
    "div:Central": -0.3,
    "team:NYR": 0.1374,
    "team:BOS": 0.3,
    "team:DET": 0.090374,
    "team:CHI": -0.2241,
    "team:NJD": 0.3,
    "team:NYI": 0.139642,
    "team:TOR": -0.198131,
    "team:OTT": -0.157121,
    "team:PHI": -0.2157,
    "team:DAL": -0.3,
    "team:MIN": -0.161827,
    "team:WPG": 0.173736,
    "team:EDM": 0.28812,
    "team:NSH": -0.3,
    "team:CGY": 0.28812,
    "team:SEA": -0.004034,
    "team:VGK": -0.018824,
    "team:LAK": -0.255466,
    "team:FLA": -0.3,
    "team:VAN": -0.244518,
    "team:WSH": 0.28812,
    "team:SJS": -0.244518,
    "team:STL": 0.139642,
    "team:COL": -0.06281
  }
}