{
  "ml_home": {
    "team:CBJ": 0.040854,
    "div:Metropolitan": 0.033909,
    "conf:East": -0.05,
    "team:MTL": -0.040854,
    "div:Atlantic": -0.05,
    "team:CAR": -0.040854,
    "team:ANA": 0.038451,
    "div:Pacific": -0.05,
    "conf:West": -0.05,
    "team:NYR": -0.039236,
    "team:DET": 0.040037,
    "team:BUF": 0.008139,
    "team:NJD": 0.039236,
    "team:TOR": -0.05,
    "team:DAL": 0.05,
    "div:Central": -0.05,
    "team:WPG": -0.040503,
    "team:NSH": 0.040854,
    "team:CGY": -0.05,
    "team:VGK": 0.032712,
    "team:EDM": -0.040854,
    "team:VAN": -0.05,
    "team:WSH": 0.038451,
    "team:MIN": 0.040854,
    "team:TBL": 0.028979,
    "team:PIT": -0.038451,
    "team:NYI": 0.028979,
    "team:SJS": 0.05,
    "team:PHI": -0.037682,
    "team:LAK": -0.039236,
    "team:STL": 0.038451,
    "team:COL": -0.05,
    "team:SEA": -0.05,
    "team:UTA": 0.038451,
    "team:CHI": -0.05,
    "team:BOS": 0.040854,
    "team:FLA": 0.028399,
    "team:OTT": 0.031839
  },
  "goals": {
    "team:CBJ": -0.150913,
    "div:Metropolitan": -0.1716,
    "conf:East": -0.1716,
    "team:BUF": 0.245122,
    "div:Atlantic": -0.3,
    "team:MTL": -0.157041,
    "team:PIT": 0.245122,
    "team:CAR": -0.193237,
    "team:TBL": -0.3,
    "team:ANA": 0.3,
    "div:Pacific": 0.0378,
    "conf:West": -0.0147,
    "team:UTA": 0.230708,
    "div:Central": -0.2516,
    "team:NYR": -0.3,
    "team:BOS": 0.006292,
    "team:DET": -0.035216,
    "team:CHI": -0.3,
    "team:NJD": 0.3,
    "team:NYI": 0.12189,
    "team:TOR": -0.0622,
    "team:OTT": 0.13498,
    "team:PHI": 0.3,
    "team:DAL": -0.0738,
    "team:MIN": 0.054008,
    "team:WPG": -0.150913,
    "team:EDM": 0.020099,
    "team:NSH": 0.245122,
    "team:CGY": -0.3,
    "team:SEA": -0.3,
    "team:VGK": 0.3,
    "team:LAK": -0.235416,
    "team:FLA": -0.160392,
    "team:VAN": 0.3,
    "team:WSH": -0.0674,
    "team:SJS": -0.0714,
    "team:STL": -0.3,
    "team:COL": -0.0315
  }
}