{
  "ml_home": {
    "team:CBJ": 0.04802,
    "div:Metropolitan": 0.05,
    "conf:East": 0.05,
    "team:MTL": -0.031417,
    "div:Atlantic": 0.05,
    "team:CAR": 0.05,
    "team:ANA": -0.028399,
    "div:Pacific": -0.05,
    "conf:West": -0.05,
    "team:NYR": -0.036189,
    "team:DET": 0.038451,
    "team:BUF": -0.041688,
    "team:NJD": 0.040037,
    "team:TOR": 0.041688,
    "team:DAL": 0.041688,
    "div:Central": 0.01032,
    "team:WPG": 0.05,
    "team:NSH": -0.041688,
    "team:CGY": 0.040037,
    "team:VGK": 0.031417,
    "team:EDM": -0.05,
    "team:VAN": -0.041688,
    "team:WSH": -0.038451,
    "team:MIN": -0.05,
    "team:TBL": 0.05,
    "team:PIT": 0.014576,
    "team:NYI": 0.036189,
    "team:SJS": 0.05,
    "team:PHI": 0.05,
    "team:LAK": -0.05,
    "team:STL": -0.05,
    "team:COL": 0.041688,
    "team:SEA": -0.035251,
    "team:UTA": 0.03338,
    "team:CHI": 0.041688,
    "team:BOS": 0.05,
    "team:FLA": -0.041688,
    "team:OTT": 0.05
  },
  "goals": {
    "team:CBJ": 0.28812,
    "div:Metropolitan": 0.03,
    "conf:East": 0.214,
    "team:BUF": 0.0884,
    "div:Atlantic": 0.214,
    "team:MTL": 0.250124,
    "team:PIT": 0.3,
    "team:CAR": 0.3,
    "team:TBL": -0.2772,
    "team:ANA": 0.159914,
    "div:Pacific": 0.23,
    "conf:West": 0.23,
    "team:UTA": 0.146738,
    "div:Central": 0.23,
    "team:NYR": 0.1791,
    "team:BOS": 0.3,
    "team:DET": 0.3,
    "team:CHI": 0.1425,
    "team:NJD": -0.2143,
    "team:NYI": -0.3,
    "team:TOR": 0.049653,
    "team:OTT": 0.3,
    "team:PHI": 0.3,
    "team:DAL": -0.3,
    "team:MIN": -0.3,
    "team:WPG": 0.3,
    "team:EDM": 0.1425,
    "team:NSH": -0.3,
    "team:CGY": 0.1121,
    "team:SEA": -0.072288,
    "team:VGK": 0.250124,
    "team:LAK": 0.124,
    "team:FLA": -0.065951,
    "team:VAN": 0.1791,
    "team:WSH": -0.250124,
    "team:SJS": 0.3,
    "team:STL": -0.043,
    "team:COL": 0.250124
  }
}