{
  "ml_home": {
    "team:CBJ": -0.04802,
    "div:Metropolitan": 0.05,
    "conf:East": 0.05,
    "team:MTL": 0.05,
    "div:Atlantic": 0.05,
    "team:CAR": 0.040037,
    "team:ANA": 0.05,
    "div:Pacific": 0.05,
    "conf:West": 0.05,
    "team:NYR": -0.05,
    "team:DET": 0.040037,
    "team:BUF": -0.04802,
    "team:NJD": 0.028979,
    "team:TOR": 0.05,
    "team:DAL": 0.05,
    "div:Central": 0.05,
    "team:WPG": 0.040037,
    "team:NSH": -0.040037,
    "team:CGY": -0.05,
    "team:VGK": -0.037682,
    "team:EDM": 0.040037,
    "team:VAN": -0.04802,
    "team:WSH": 0.05,
    "team:MIN": 0.04802,
    "team:TBL": -0.040037,
    "team:PIT": -0.040037,
    "team:NYI": -0.04802,
    "team:SJS": -0.05,
    "team:PHI": 0.04802,
    "team:LAK": 0.033907,
    "team:STL": 0.036928,
    "team:COL": -0.040037,
    "team:SEA": 0.040037,
    "team:UTA": 0.038451,
    "team:CHI": 0.04802,
    "team:BOS": -0.04802,
    "team:FLA": 0.040037,
    "team:OTT": -0.04802
  },
  "goals": {
    "team:CBJ": 0.02497,
    "div:Metropolitan": 0.2274,
    "conf:East": 0.173,
    "team:BUF": -0.28812,
    "div:Atlantic": 0.065,
    "team:MTL": 0.3,
    "team:PIT": -0.1085,
    "team:CAR": 0.3,
    "team:TBL": -0.2576,
    "team:ANA": 0.3,
    "div:Pacific": -0.015,
    "conf:West": -0.015,
    "team:UTA": -0.255658,
    "div:Central": 0.065,
    "team:NYR": -0.3,
    "team:BOS": 0.128502,
    "team:DET": 0.21705,
    "team:CHI": -0.167302,
    "team:NJD": 0.21705,
    "team:NYI": -0.28812,
    "team:TOR": 0.3,
    "team:OTT": -0.28812,
    "team:PHI": 0.28812,
    "team:DAL": 0.3,
    "team:MIN": -0.1271,
    "team:WPG": 0.28812,
    "team:EDM": -0.3,
    "team:NSH": 0.3,
    "team:CGY": -0.3,
    "team:SEA": 0.272,
    "team:VGK": 0.2483,
    "team:LAK": -0.151359,
    "team:FLA": 0.02497,
    "team:VAN": -0.28812,
    "team:WSH": -0.1354,
    "team:SJS": -0.3,
    "team:STL": 0.28812,
    "team:COL": 0.120818
  }
}