{
  "ml_home": {
    "team:CBJ": -0.040854,
    "div:Metropolitan": -0.045197,
    "conf:East": -0.05,
    "team:MTL": -0.05,
    "div:Atlantic": -0.05,
    "team:CAR": -0.043407,
    "team:ANA": -0.040037,
    "div:Pacific": 0.05,
    "conf:West": 0.05,
    "team:NYR": 0.041688,
    "team:DET": -0.036928,
    "team:BUF": -0.016659,
    "team:NJD": 0.045197,
    "team:TOR": 0.043407,
    "team:DAL": 0.045197,
    "div:Central": -0.05,
    "team:WPG": 0.05,
    "team:NSH": -0.034756,
    "team:CGY": 0.037682,
    "team:VGK": 0.045197,
    "team:EDM": 0.05,
    "team:VAN": -0.023729,
    "team:WSH": -0.045197,
    "team:MIN": -0.05,
    "team:TBL": -0.045197,
    "team:PIT": 0.040037,
    "team:NYI": -0.012104,
    "team:SJS": -0.037682,
    "team:PHI": -0.045197,
    "team:LAK": -0.037682,
    "team:STL": 0.038198,
    "team:COL": -0.041688,
    "team:SEA": 0.05,
    "team:UTA": -0.045197,
    "team:CHI": 0.040854,
    "team:BOS": -0.043407,
    "team:FLA": 0.043407,
    "team:OTT": 0.05
  },
  "goals": {
    "team:CBJ": -0.271177,
    "div:Metropolitan": -0.056676,
    "conf:East": 0.0158,
    "team:BUF": -0.154751,
    "div:Atlantic": 0.0158,
    "team:MTL": -0.114,
    "team:PIT": 0.164966,
    "team:CAR": 0.026034,
    "team:TBL": -0.076291,
    "team:ANA": 0.3,
    "div:Pacific": 0.3,
    "conf:West": 0.3,
    "team:UTA": -0.228873,
    "div:Central": -0.3,
    "team:NYR": 0.271177,
    "team:BOS": -0.173282,
    "team:DET": -0.271177,
    "team:CHI": -0.271177,
    "team:NJD": 0.271177,
    "team:NYI": -0.201756,
    "team:TOR": 0.3,
    "team:OTT": 0.3,
    "team:PHI": -0.271177,
    "team:DAL": 0.187835,
    "team:MIN": -0.3,
    "team:WPG": -0.1406,
    "team:EDM": -0.1395,
    "team:NSH": -0.3,
    "team:CGY": -0.100064,
    "team:SEA": 0.3,
    "team:VGK": 0.271177,
    "team:LAK": -0.001898,
    "team:FLA": -0.3,
    "team:VAN": -0.235833,
    "team:WSH": -0.271177,
    "team:SJS": 0.3,
    "team:STL": -0.3,
    "team:COL": -0.173733
  }
}