{
  "ml_home": {
    "team:CBJ": 0.049,
    "div:Metropolitan": 0.05,
    "conf:East": 0.04334,
    "team:MTL": 0.043012,
    "div:Atlantic": -0.02738,
    "team:CAR": 0.025969,
    "team:ANA": -0.04802,
    "div:Pacific": 0.05,
    "conf:West": -0.03199,
    "team:NYR": -0.04802,
    "team:DET": 0.049,
    "team:BUF": -0.015058,
    "team:NJD": 0.046119,
    "team:TOR": -0.05,
    "team:DAL": -0.046119,
    "div:Central": -0.05,
    "team:WPG": -0.04706,
    "team:NSH": 0.049,
    "team:CGY": 0.05,
    "team:VGK": -0.049,
    "team:EDM": -0.049,
    "team:VAN": 0.012554,
    "team:WSH": 0.05,
    "team:MIN": -0.049,
    "team:TBL": -0.040854,
    "team:PIT": 0.036189,
    "team:NYI": -0.010941,
    "team:SJS": -0.049,
    "team:PHI": -0.040854,
    "team:LAK": -0.049,
    "team:STL": 0.034527,
    "team:COL": -0.04802,
    "team:SEA": -0.032302,
    "team:UTA": -0.05,
    "team:CHI": -0.05,
    "team:BOS": 0.04851,
    "team:FLA": 0.039236,
    "team:OTT": 0.049
  },
  "goals": {
    "team:CBJ": 0.294,
    "div:Metropolitan": -0.3,
    "conf:East": -0.3,
    "team:BUF": 0.14112,
    "div:Atlantic": -0.2563,
    "team:MTL": -0.294,
    "team:PIT": 0.28812,
    "team:CAR": 0.3,
    "team:TBL": 0.294,
    "team:ANA": 0.1755,
    "div:Pacific": 0.1491,
    "conf:West": -0.0647,
    "team:UTA": -0.1895,
    "div:Central": -0.3,
    "team:NYR": -0.17003,
    "team:BOS": 0.294,
    "team:DET": 0.09506,
    "team:CHI": -0.3,
    "team:NJD": -0.1942,
    "team:NYI": -0.294,
    "team:TOR": -0.1719,
    "team:OTT": -0.178458,
    "team:PHI": -0.005586,
    "team:DAL": -0.126485,
    "team:MIN": -0.294,
    "team:WPG": -0.294,
    "team:EDM": -0.294,
    "team:NSH": -0.067522,
    "team:CGY": -0.0552,
    "team:SEA": -0.294,
    "team:VGK": -0.294,
    "team:LAK": 0.103194,
    "team:FLA": -0.3,
    "team:VAN": -0.075754,
    "team:WSH": -0.2476,
    "team:SJS": -0.294,
    "team:STL": -0.28812,
    "team:COL": -0.0552
  }
}