{
  "ml_home": {
    "team:CBJ": -0.05,
    "div:Metropolitan": 0.05,
    "conf:East": 0.05,
    "team:MTL": 0.04706,
    "div:Atlantic": 0.0311,
    "team:CAR": -0.05,
    "team:ANA": 0.043407,
    "div:Pacific": -0.049,
    "conf:West": -0.049,
    "team:NYR": 0.05,
    "team:DET": -0.049,
    "team:BUF": 0.001529,
    "team:NJD": 0.05,
    "team:TOR": 0.020264,
    "team:DAL": -0.045197,
    "div:Central": -0.049,
    "team:WPG": -0.034617,
    "team:NSH": -0.049,
    "team:CGY": 0.025274,
    "team:VGK": -0.049,
    "team:EDM": 0.049,
    "team:VAN": -0.04706,
    "team:WSH": -0.043407,
    "team:MIN": 0.040854,
    "team:TBL": 0.05,
    "team:PIT": -0.049,
    "team:NYI": 0.049,
    "team:SJS": -0.040854,
    "team:PHI": 0.05,
    "team:LAK": -0.049,
    "team:STL": 0.049,
    "team:COL": -0.049,
    "team:SEA": -0.025348,
    "team:UTA": -0.04706,
    "team:CHI": -0.043407,
    "team:BOS": 0.036564,
    "team:FLA": -0.04706,
    "team:OTT": -0.04706
  },
  "goals": {
    "team:CBJ": -0.2601,
    "div:Metropolitan": -0.0722,
    "conf:East": 0.0151,
    "team:BUF": -0.075656,
    "div:Atlantic": -0.0143,
    "team:MTL": 0.1169,
    "team:PIT": -0.06468,
    "team:CAR": -0.253,
    "team:TBL": 0.2103,
    "team:ANA": -0.064092,
    "div:Pacific": 0.294,
    "conf:West": -0.3,
    "team:UTA": 0.294,
    "div:Central": -0.3,
    "team:NYR": 0.2056,
    "team:BOS": 0.3,
    "team:DET": 0.092218,
    "team:CHI": -0.2554,
    "team:NJD": 0.3,
    "team:NYI": 0.142492,
    "team:TOR": -0.202174,
    "team:OTT": -0.160328,
    "team:PHI": 0.0103,
    "team:DAL": -0.1897,
    "team:MIN": -0.16513,
    "team:WPG": 0.177282,
    "team:EDM": 0.294,
    "team:NSH": -0.3,
    "team:CGY": 0.294,
    "team:SEA": -0.004116,
    "team:VGK": -0.019208,
    "team:LAK": -0.26068,
    "team:FLA": -0.3,
    "team:VAN": -0.249508,
    "team:WSH": 0.294,
    "team:SJS": -0.249508,
    "team:STL": 0.142492,
    "team:COL": -0.064092
  }
}