{
  "ml_home": {
    "team:CBJ": -0.04706,
    "div:Metropolitan": 0.05,
    "conf:East": 0.05,
    "team:MTL": 0.04706,
    "div:Atlantic": 0.05,
    "team:CAR": 0.032712,
    "team:ANA": -0.04706,
    "div:Pacific": -0.04706,
    "conf:West": -0.00941,
    "team:NYR": -0.041688,
    "team:DET": 0.05,
    "team:BUF": 0.044293,
    "team:NJD": 0.04706,
    "team:TOR": 0.04706,
    "team:DAL": -0.04706,
    "div:Central": -0.00941,
    "team:WPG": 0.032712,
    "team:NSH": -0.032712,
    "team:CGY": -0.041688,
    "team:VGK": 0.04706,
    "team:EDM": 0.032712,
    "team:VAN": -0.039236,
    "team:WSH": 0.05,
    "team:MIN": 0.039236,
    "team:TBL": -0.032712,
    "team:PIT": -0.032712,
    "team:NYI": 0.04706,
    "team:SJS": -0.041688,
    "team:PHI": -0.04706,
    "team:LAK": -0.04706,
    "team:STL": -0.044293,
    "team:COL": -0.032712,
    "team:SEA": 0.032712,
    "team:UTA": 0.05,
    "team:CHI": -0.05,
    "team:BOS": -0.039236,
    "team:FLA": 0.032712,
    "team:OTT": 0.04706
  },
  "goals": {
    "team:CBJ": -0.282358,
    "div:Metropolitan": 0.3,
    "conf:East": 0.176,
    "team:BUF": 0.265753,
    "div:Atlantic": -0.3,
    "team:MTL": 0.164897,
    "team:PIT": 0.282358,
    "team:CAR": 0.282358,
    "team:TBL": -0.3,
    "team:ANA": -0.282358,
    "div:Pacific": -0.0157,
    "conf:West": 0.256,
    "team:UTA": 0.3,
    "div:Central": 0.3,
    "team:NYR": -0.282358,
    "team:BOS": 0.282358,
    "team:DET": -0.3,
    "team:CHI": -0.3,
    "team:NJD": 0.127625,
    "team:NYI": 0.282358,
    "team:TOR": -0.282358,
    "team:OTT": 0.282358,
    "team:PHI": -0.282358,
    "team:DAL": 0.164897,
    "team:MIN": -0.3,
    "team:WPG": 0.282358,
    "team:EDM": -0.282358,
    "team:NSH": -0.282358,
    "team:CGY": -0.265753,
    "team:SEA": 0.164897,
    "team:VGK": 0.282358,
    "team:LAK": -0.282358,
    "team:FLA": -0.282358,
    "team:VAN": 0.1828,
    "team:WSH": 0.3,
    "team:SJS": -0.0898,
    "team:STL": 0.164412,
    "team:COL": 0.282358
  }
}