{
  "ml_home": {
    "team:CBJ": -0.049,
    "div:Metropolitan": -0.045766,
    "conf:East": -0.045766,
    "team:MTL": 0.043407,
    "div:Atlantic": 0.049,
    "team:CAR": -0.04706,
    "team:ANA": -0.04802,
    "div:Pacific": 0.05,
    "conf:West": 0.05,
    "team:NYR": 0.049,
    "team:DET": -0.045197,
    "team:BUF": 0.049,
    "team:NJD": 0.04706,
    "team:TOR": 0.018692,
    "team:DAL": -0.041688,
    "div:Central": -0.05,
    "team:WPG": -0.031929,
    "team:NSH": -0.045197,
    "team:CGY": 0.023313,
    "team:VGK": 0.010411,
    "team:EDM": 0.049,
    "team:VAN": -0.043407,
    "team:WSH": 0.049,
    "team:MIN": 0.037682,
    "team:TBL": -0.049,
    "team:PIT": 0.041042,
    "team:NYI": -0.04802,
    "team:SJS": 0.05,
    "team:PHI": 0.04706,
    "team:LAK": 0.05,
    "team:STL": 0.045197,
    "team:COL": -0.05,
    "team:SEA": -0.02338,
    "team:UTA": -0.043407,
    "team:CHI": -0.049,
    "team:BOS": 0.049,
    "team:FLA": 0.049,
    "team:OTT": -0.043407
  },
  "goals": {
    "team:CBJ": -0.294,
    "div:Metropolitan": 0.294,
    "conf:East": 0.294,
    "team:BUF": 0.114954,
    "div:Atlantic": -0.249214,
    "team:MTL": 0.221872,
    "team:PIT": 0.294,
    "team:CAR": 0.140924,
    "team:TBL": -0.294,
    "team:ANA": 0.0721,
    "div:Pacific": 0.1215,
    "conf:West": -0.0793,
    "team:UTA": 0.271177,
    "div:Central": -0.1863,
    "team:NYR": 0.274204,
    "team:BOS": 0.294,
    "team:DET": -0.294,
    "team:CHI": -0.193942,
    "team:NJD": -0.191296,
    "team:NYI": 0.041356,
    "team:TOR": 0.213113,
    "team:OTT": -0.143472,
    "team:PHI": 0.00833,
    "team:DAL": -0.251076,
    "team:MIN": -0.15231,
    "team:WPG": 0.294,
    "team:EDM": 0.191688,
    "team:NSH": -0.282358,
    "team:CGY": 0.002977,
    "team:SEA": -0.294,
    "team:VGK": 0.156065,
    "team:LAK": -0.3,
    "team:FLA": 0.294,
    "team:VAN": 0.3,
    "team:WSH": 0.294,
    "team:SJS": 0.3,
    "team:STL": -0.206,
    "team:COL": 0.3
  }
}