{
  "ml_home": {
    "team:CBJ": -0.05,
    "div:Metropolitan": -0.05,
    "conf:East": -0.05,
    "team:MTL": -0.040037,
    "div:Atlantic": -0.05,
    "team:CAR": 0.041688,
    "team:ANA": -0.03338,
    "div:Pacific": -0.05,
    "conf:West": 0.05,
    "team:NYR": -0.049,
    "team:DET": 0.041688,
    "team:BUF": -0.05,
    "team:NJD": 0.030173,
    "team:TOR": -0.05,
    "team:DAL": 0.040037,
    "div:Central": 0.05,
    "team:WPG": 0.041688,
    "team:NSH": -0.041688,
    "team:CGY": -0.041688,
    "team:VGK": -0.039236,
    "team:EDM": 0.041688,
    "team:VAN": -0.05,
    "team:WSH": 0.038347,
    "team:MIN": 0.05,
    "team:TBL": -0.041688,
    "team:PIT": -0.041688,
    "team:NYI": -0.05,
    "team:SJS": -0.041688,
    "team:PHI": 0.05,
    "team:LAK": 0.035305,
    "team:STL": 0.038451,
    "team:COL": -0.041688,
    "team:SEA": 0.041688,
    "team:UTA": 0.040037,
    "team:CHI": 0.05,
    "team:BOS": -0.05,
    "team:FLA": 0.041688,
    "team:OTT": -0.05
  },
  "goals": {
    "team:CBJ": 0.026,
    "div:Metropolitan": 0.0056,
    "conf:East": -0.0944,
    "team:BUF": -0.3,
    "div:Atlantic": -0.3,
    "team:MTL": -0.17267,
    "team:PIT": -0.250124,
    "team:CAR": 0.242536,
    "team:TBL": 0.0878,
    "team:ANA": 0.250124,
    "div:Pacific": -0.2141,
    "conf:West": -0.1832,
    "team:UTA": -0.2662,
    "div:Central": -0.1614,
    "team:NYR": -0.294,
    "team:BOS": 0.1338,
    "team:DET": 0.226,
    "team:CHI": -0.1742,
    "team:NJD": 0.226,
    "team:NYI": -0.3,
    "team:TOR": -0.1197,
    "team:OTT": -0.3,
    "team:PHI": 0.3,
    "team:DAL": 0.250124,
    "team:MIN": 0.3,
    "team:WPG": 0.3,
    "team:EDM": -0.169583,
    "team:NSH": 0.0258,
    "team:CGY": -0.250124,
    "team:SEA": -0.211521,
    "team:VGK": -0.250124,
    "team:LAK": -0.1576,
    "team:FLA": 0.026,
    "team:VAN": -0.3,
    "team:WSH": -0.294,
    "team:SJS": 0.250124,
    "team:STL": 0.3,
    "team:COL": 0.1258
  }
}