{
  "ml_home": {
    "team:CBJ": -0.038451,
    "div:Metropolitan": 0.049,
    "conf:East": -0.05,
    "team:MTL": -0.04802,
    "div:Atlantic": -0.05,
    "team:CAR": 0.041688,
    "team:ANA": 0.04802,
    "div:Pacific": 0.05,
    "conf:West": 0.05,
    "team:NYR": 0.03338,
    "team:DET": -0.03103,
    "team:BUF": -0.05,
    "team:NJD": 0.037682,
    "team:TOR": -0.036189,
    "team:DAL": -0.05,
    "div:Central": -0.05,
    "team:WPG": -0.039236,
    "team:NSH": -0.039236,
    "team:CGY": 0.039236,
    "team:VGK": -0.042539,
    "team:EDM": 0.05,
    "team:VAN": 0.038451,
    "team:WSH": 0.037682,
    "team:MIN": 0.046119,
    "team:TBL": 0.042539,
    "team:PIT": 0.049,
    "team:NYI": -0.038451,
    "team:SJS": -0.036189,
    "team:PHI": -0.046119,
    "team:LAK": -0.04802,
    "team:STL": 0.037412,
    "team:COL": 0.042539,
    "team:SEA": 0.036189,
    "team:UTA": -0.049,
    "team:CHI": -0.036189,
    "team:BOS": -0.04802,
    "team:FLA": 0.030789,
    "team:OTT": -0.046119
  },
  "goals": {
    "team:CBJ": -0.230708,
    "div:Metropolitan": -0.24892,
    "conf:East": -0.3,
    "team:BUF": -0.1927,
    "div:Atlantic": -0.3,
    "team:MTL": -0.28812,
    "team:PIT": -0.057918,
    "team:CAR": -0.049254,
    "team:TBL": -0.211864,
    "team:ANA": -0.1927,
    "div:Pacific": -0.1832,
    "conf:West": -0.1832,
    "team:UTA": 0.222264,
    "div:Central": 0.1864,
    "team:NYR": -0.217141,
    "team:BOS": -0.3,
    "team:DET": 0.148669,
    "team:CHI": -0.191807,
    "team:NJD": -0.230708,
    "team:NYI": -0.230708,
    "team:TOR": -0.060075,
    "team:OTT": -0.276711,
    "team:PHI": -0.215698,
    "team:DAL": -0.3,
    "team:MIN": 0.1504,
    "team:WPG": -0.235416,
    "team:EDM": 0.2851,
    "team:NSH": -0.037586,
    "team:CGY": -0.205438,
    "team:SEA": -0.235416,
    "team:VGK": 0.153076,
    "team:LAK": -0.28812,
    "team:FLA": 0.217141,
    "team:VAN": -0.150195,
    "team:WSH": -0.094052,
    "team:SJS": 0.235416,
    "team:STL": 0.235416,
    "team:COL": 0.28812
  }
}