{
  "ml_home": {
    "team:CBJ": 0.049,
    "div:Metropolitan": 0.05,
    "conf:East": 0.05,
    "team:MTL": 0.044786,
    "div:Atlantic": 0.043228,
    "team:CAR": 0.02704,
    "team:ANA": -0.05,
    "div:Pacific": -0.05,
    "conf:West": -0.05,
    "team:NYR": -0.05,
    "team:DET": 0.025162,
    "team:BUF": -0.015679,
    "team:NJD": 0.04802,
    "team:TOR": -0.032781,
    "team:DAL": -0.04802,
    "div:Central": -0.05,
    "team:WPG": -0.049,
    "team:NSH": -0.032712,
    "team:CGY": 0.05,
    "team:VGK": 0.003675,
    "team:EDM": 0.049,
    "team:VAN": 0.049,
    "team:WSH": 0.05,
    "team:MIN": -0.04706,
    "team:TBL": -0.042539,
    "team:PIT": 0.037682,
    "team:NYI": -0.011392,
    "team:SJS": -0.035465,
    "team:PHI": -0.042539,
    "team:LAK": -0.035465,
    "team:STL": 0.035951,
    "team:COL": -0.05,
    "team:SEA": -0.033634,
    "team:UTA": -0.042539,
    "team:CHI": -0.049,
    "team:BOS": -0.040854,
    "team:FLA": 0.040854,
    "team:OTT": 0.04706
  },
  "goals": {
    "team:CBJ": 0.162386,
    "div:Metropolitan": 0.2143,
    "conf:East": -0.1743,
    "team:BUF": -0.294,
    "div:Atlantic": -0.1905,
    "team:MTL": -0.111328,
    "team:PIT": 0.3,
    "team:CAR": 0.3,
    "team:TBL": 0.294,
    "team:ANA": 0.0002,
    "div:Pacific": -0.3,
    "conf:West": -0.3,
    "team:UTA": 0.28812,
    "div:Central": -0.3,
    "team:NYR": -0.1888,
    "team:BOS": -0.294,
    "team:DET": 0.156161,
    "team:CHI": -0.229614,
    "team:NJD": 0.3,
    "team:NYI": -0.17738,
    "team:TOR": -0.19159,
    "team:OTT": -0.1998,
    "team:PHI": -0.2299,
    "team:DAL": -0.1317,
    "team:MIN": -0.05537,
    "team:WPG": -0.13132,
    "team:EDM": 0.261464,
    "team:NSH": -0.05537,
    "team:CGY": -0.3,
    "team:SEA": 0.00441,
    "team:VGK": -0.294,
    "team:LAK": 0.166821,
    "team:FLA": -0.294,
    "team:VAN": 0.188944,
    "team:WSH": -0.0299,
    "team:SJS": 0.20041,
    "team:STL": -0.3,
    "team:COL": -0.3
  }
}