{
  "ml_home": {
    "team:CBJ": -0.039236,
    "div:Metropolitan": 0.015683,
    "conf:East": 0.05,
    "team:MTL": -0.045197,
    "div:Atlantic": 0.05,
    "team:CAR": 0.045197,
    "team:ANA": -0.037682,
    "div:Pacific": -0.05,
    "conf:West": -0.05,
    "team:NYR": -0.043407,
    "team:DET": 0.043407,
    "team:BUF": 0.045197,
    "team:NJD": -0.039236,
    "team:TOR": 0.045197,
    "team:DAL": -0.039236,
    "div:Central": -0.04763,
    "team:WPG": 0.05,
    "team:NSH": 0.05,
    "team:CGY": -0.038451,
    "team:VGK": 0.045197,
    "team:EDM": -0.045197,
    "team:VAN": -0.038451,
    "team:WSH": -0.040854,
    "team:MIN": -0.045197,
    "team:TBL": 0.040037,
    "team:PIT": -0.045197,
    "team:NYI": 0.040037,
    "team:SJS": -0.05,
    "team:PHI": -0.045197,
    "team:LAK": -0.040854,
    "team:STL": 0.038451,
    "team:COL": 0.045197,
    "team:SEA": -0.043407,
    "team:UTA": -0.05,
    "team:CHI": -0.044293,
    "team:BOS": 0.05,
    "team:FLA": 0.039236,
    "team:OTT": -0.045197
  },
  "goals": {
    "team:CBJ": -0.1311,
    "div:Metropolitan": -0.2519,
    "conf:East": -0.2519,
    "team:BUF": 0.271177,
    "div:Atlantic": -0.3,
    "team:MTL": -0.271177,
    "team:PIT": -0.3,
    "team:CAR": 0.194976,
    "team:TBL": 0.271177,
    "team:ANA": -0.221641,
    "div:Pacific": 0.3,
    "conf:West": 0.3,
    "team:UTA": -0.3,
    "div:Central": -0.2087,
    "team:NYR": -0.271177,
    "team:BOS": -0.3,
    "team:DET": 0.271177,
    "team:CHI": -0.150503,
    "team:NJD": -0.1277,
    "team:NYI": -0.040857,
    "team:TOR": 0.139927,
    "team:OTT": -0.271177,
    "team:PHI": -0.271177,
    "team:DAL": 0.203563,
    "team:MIN": 0.056404,
    "team:WPG": 0.3,
    "team:EDM": 0.194976,
    "team:NSH": -0.1311,
    "team:CGY": -0.271177,
    "team:SEA": -0.271177,
    "team:VGK": 0.3,
    "team:LAK": -0.01618,
    "team:FLA": -0.221641,
    "team:VAN": -0.271177,
    "team:WSH": -0.3,
    "team:SJS": -0.3,
    "team:STL": -0.271177,
    "team:COL": 0.271177
  }
}