{
  "ml_home": {
    "team:CBJ": 0.04706,
    "div:Metropolitan": 0.03672,
    "conf:East": 0.03672,
    "team:MTL": 0.04706,
    "div:Atlantic": -0.04706,
    "team:CAR": 0.023474,
    "team:ANA": 0.05,
    "div:Pacific": 0.05,
    "conf:West": 0.05,
    "team:NYR": -0.05,
    "team:DET": -0.04706,
    "team:BUF": -0.013612,
    "team:NJD": 0.041688,
    "team:TOR": -0.045197,
    "team:DAL": -0.05,
    "div:Central": 0.03489,
    "team:WPG": -0.042539,
    "team:NSH": 0.04706,
    "team:CGY": 0.05,
    "team:VGK": -0.044293,
    "team:EDM": -0.04706,
    "team:VAN": -0.04706,
    "team:WSH": -0.05,
    "team:MIN": 0.04706,
    "team:TBL": -0.036928,
    "team:PIT": -0.05,
    "team:NYI": 0.05,
    "team:SJS": -0.04706,
    "team:PHI": -0.036928,
    "team:LAK": -0.04706,
    "team:STL": 0.031209,
    "team:COL": -0.043407,
    "team:SEA": -0.029199,
    "team:UTA": 0.05,
    "team:CHI": -0.05,
    "team:BOS": 0.043849,
    "team:FLA": 0.035465,
    "team:OTT": 0.04706
  },
  "goals": {
    "team:CBJ": -0.3,
    "div:Metropolitan": -0.3,
    "conf:East": 0.1677,
    "team:BUF": 0.3,
    "div:Atlantic": 0.3,
    "team:MTL": 0.282358,
    "team:PIT": -0.3,
    "team:CAR": 0.3,
    "team:TBL": 0.0899,
    "team:ANA": 0.3,
    "div:Pacific": 0.2176,
    "conf:West": 0.2176,
    "team:UTA": 0.3,
    "div:Central": -0.0624,
    "team:NYR": -0.3,
    "team:BOS": 0.282358,
    "team:DET": -0.282358,
    "team:CHI": -0.3,
    "team:NJD": -0.175542,
    "team:NYI": -0.3,
    "team:TOR": -0.282358,
    "team:OTT": 0.282358,
    "team:PHI": 0.282358,
    "team:DAL": -0.3,
    "team:MIN": -0.282358,
    "team:WPG": 0.0101,
    "team:EDM": -0.282358,
    "team:NSH": 0.0772,
    "team:CGY": 0.3,
    "team:SEA": -0.282358,
    "team:VGK": -0.1992,
    "team:LAK": -0.1992,
    "team:FLA": -0.271177,
    "team:VAN": -0.282358,
    "team:WSH": -0.3,
    "team:SJS": -0.282358,
    "team:STL": -0.205933,
    "team:COL": -0.0802
  }
}