{
  "ml_home": {
    "team:CBJ": -0.028399,
    "div:Metropolitan": -0.04802,
    "conf:East": 0.05,
    "team:MTL": 0.05,
    "div:Atlantic": 0.05,
    "team:CAR": 0.042539,
    "team:ANA": 0.05,
    "div:Pacific": 0.05,
    "conf:West": 0.05,
    "team:NYR": 0.024654,
    "team:DET": -0.022918,
    "team:BUF": -0.04706,
    "team:NJD": 0.027831,
    "team:TOR": -0.026729,
    "team:DAL": -0.036928,
    "div:Central": 0.04802,
    "team:WPG": -0.028979,
    "team:NSH": -0.028979,
    "team:CGY": 0.028979,
    "team:VGK": -0.044293,
    "team:EDM": 0.036928,
    "team:VAN": 0.028399,
    "team:WSH": 0.027831,
    "team:MIN": 0.04802,
    "team:TBL": -0.041688,
    "team:PIT": 0.036189,
    "team:NYI": -0.028399,
    "team:SJS": -0.026729,
    "team:PHI": -0.04802,
    "team:LAK": -0.035465,
    "team:STL": 0.027632,
    "team:COL": 0.043407,
    "team:SEA": 0.026729,
    "team:UTA": -0.039236,
    "team:CHI": -0.026729,
    "team:BOS": -0.039236,
    "team:FLA": 0.02274,
    "team:OTT": -0.034061
  },
  "goals": {
    "team:CBJ": -0.170394,
    "div:Metropolitan": -0.222141,
    "conf:East": 0.0196,
    "team:BUF": -0.3,
    "div:Atlantic": 0.0196,
    "team:MTL": 0.3,
    "team:PIT": -0.226094,
    "team:CAR": 0.077312,
    "team:TBL": -0.250124,
    "team:ANA": 0.1407,
    "div:Pacific": 0.2196,
    "conf:West": 0.1314,
    "team:UTA": -0.149644,
    "div:Central": -0.17268,
    "team:NYR": -0.160373,
    "team:BOS": -0.235416,
    "team:DET": 0.109801,
    "team:CHI": -0.141664,
    "team:NJD": -0.170394,
    "team:NYI": -0.170394,
    "team:TOR": -0.04437,
    "team:OTT": -0.204371,
    "team:PHI": -0.28812,
    "team:DAL": -0.230708,
    "team:MIN": 0.28812,
    "team:WPG": -0.173871,
    "team:EDM": -0.001,
    "team:NSH": -0.027758,
    "team:CGY": -0.151728,
    "team:SEA": -0.173871,
    "team:VGK": 0.1454,
    "team:LAK": -0.212798,
    "team:FLA": 0.160373,
    "team:VAN": -0.11093,
    "team:WSH": -0.069465,
    "team:SJS": 0.173871,
    "team:STL": 0.173871,
    "team:COL": -0.194769
  }
}