{
  "ml_home": {
    "team:CBJ": -0.032712,
    "div:Metropolitan": 0.049,
    "conf:East": 0.027401,
    "team:MTL": -0.045197,
    "div:Atlantic": -0.04802,
    "team:CAR": 0.049,
    "team:ANA": 0.044293,
    "div:Pacific": 0.049,
    "conf:West": 0.05,
    "team:NYR": 0.028399,
    "team:DET": -0.026399,
    "team:BUF": -0.042539,
    "team:NJD": 0.032058,
    "team:TOR": -0.030789,
    "team:DAL": -0.042539,
    "div:Central": 0.05,
    "team:WPG": -0.03338,
    "team:NSH": -0.03338,
    "team:CGY": 0.03338,
    "team:VGK": 0.049,
    "team:EDM": 0.042539,
    "team:VAN": 0.032712,
    "team:WSH": 0.032058,
    "team:MIN": 0.044293,
    "team:TBL": -0.04802,
    "team:PIT": 0.041688,
    "team:NYI": -0.032712,
    "team:SJS": -0.030789,
    "team:PHI": 0.019194,
    "team:LAK": -0.040854,
    "team:STL": 0.031829,
    "team:COL": 0.05,
    "team:SEA": 0.030789,
    "team:UTA": -0.045197,
    "team:CHI": -0.030789,
    "team:BOS": -0.045197,
    "team:FLA": 0.026194,
    "team:OTT": -0.039236
  },
  "goals": {
    "team:CBJ": -0.196278,
    "div:Metropolitan": -0.294,
    "conf:East": -0.294,
    "team:BUF": 0.030462,
    "div:Atlantic": -0.28812,
    "team:MTL": -0.28812,
    "team:PIT": -0.260438,
    "team:CAR": -0.061838,
    "team:TBL": -0.28812,
    "team:ANA": -0.24892,
    "div:Pacific": -0.25627,
    "conf:West": -0.0725,
    "team:UTA": -0.172377,
    "div:Central": 0.0203,
    "team:NYR": -0.184735,
    "team:BOS": -0.271177,
    "team:DET": 0.126481,
    "team:CHI": -0.163183,
    "team:NJD": -0.196278,
    "team:NYI": -0.196278,
    "team:TOR": -0.051111,
    "team:OTT": -0.235416,
    "team:PHI": -0.294,
    "team:DAL": -0.265753,
    "team:MIN": 0.0108,
    "team:WPG": -0.200284,
    "team:EDM": -0.001152,
    "team:NSH": -0.031976,
    "team:CGY": -0.174778,
    "team:SEA": -0.200284,
    "team:VGK": 0.195902,
    "team:LAK": -0.245122,
    "team:FLA": 0.184735,
    "team:VAN": -0.12778,
    "team:WSH": -0.080017,
    "team:SJS": 0.200284,
    "team:STL": 0.200284,
    "team:COL": 0.3
  }
}