{
  "ml_home": {
    "team:CBJ": -0.04802,
    "div:Metropolitan": -0.03548,
    "conf:East": -0.03548,
    "team:MTL": -0.045197,
    "div:Atlantic": 0.04802,
    "team:CAR": 0.05,
    "team:ANA": -0.04706,
    "div:Pacific": 0.049,
    "conf:West": -0.05,
    "team:NYR": 0.041688,
    "team:DET": -0.038752,
    "team:BUF": 0.044293,
    "team:NJD": 0.04706,
    "team:TOR": -0.045197,
    "team:DAL": -0.05,
    "div:Central": -0.05,
    "team:WPG": -0.049,
    "team:NSH": -0.049,
    "team:CGY": 0.049,
    "team:VGK": 0.038451,
    "team:EDM": 0.008644,
    "team:VAN": 0.04802,
    "team:WSH": 0.04706,
    "team:MIN": 0.04802,
    "team:TBL": 0.040037,
    "team:PIT": -0.05,
    "team:NYI": -0.04802,
    "team:SJS": -0.045197,
    "team:PHI": 0.04802,
    "team:LAK": 0.045197,
    "team:STL": 0.046723,
    "team:COL": 0.012191,
    "team:SEA": 0.045197,
    "team:UTA": -0.049,
    "team:CHI": -0.045197,
    "team:BOS": 0.04802,
    "team:FLA": 0.038451,
    "team:OTT": 0.044293
  },
  "goals": {
    "team:CBJ": -0.28812,
    "div:Metropolitan": -0.2665,
    "conf:East": -0.2665,
    "team:BUF": 0.265753,
    "div:Atlantic": -0.3,
    "team:MTL": -0.126485,
    "team:PIT": -0.1207,
    "team:CAR": -0.2274,
    "team:TBL": -0.271177,
    "team:ANA": 0.269794,
    "div:Pacific": -0.294,
    "conf:West": 0.3,
    "team:UTA": 0.079772,
    "div:Central": 0.3,
    "team:NYR": -0.271177,
    "team:BOS": -0.011045,
    "team:DET": 0.185666,
    "team:CHI": -0.239539,
    "team:NJD": -0.28812,
    "team:NYI": -0.28812,
    "team:TOR": -0.075026,
    "team:OTT": -0.3,
    "team:PHI": 0.204,
    "team:DAL": -0.3,
    "team:MIN": 0.3,
    "team:WPG": -0.294,
    "team:EDM": 0.294,
    "team:NSH": -0.046942,
    "team:CGY": -0.256564,
    "team:SEA": -0.294,
    "team:VGK": -0.052427,
    "team:LAK": -0.294,
    "team:FLA": 0.271177,
    "team:VAN": -0.187572,
    "team:WSH": -0.117457,
    "team:SJS": 0.294,
    "team:STL": 0.294,
    "team:COL": -0.294
  }
}