{
  "ml_home": {
    "team:CBJ": -0.04706,
    "div:Metropolitan": -0.03477,
    "conf:East": 0.02151,
    "team:MTL": -0.044293,
    "div:Atlantic": 0.02151,
    "team:CAR": 0.049,
    "team:ANA": -0.046119,
    "div:Pacific": 0.05,
    "conf:West": 0.05,
    "team:NYR": 0.040854,
    "team:DET": -0.037977,
    "team:BUF": 0.05,
    "team:NJD": 0.046119,
    "team:TOR": -0.044293,
    "team:DAL": -0.049,
    "div:Central": 0.00517,
    "team:WPG": -0.04802,
    "team:NSH": -0.04802,
    "team:CGY": 0.04802,
    "team:VGK": 0.05,
    "team:EDM": 0.008471,
    "team:VAN": 0.04706,
    "team:WSH": 0.046119,
    "team:MIN": 0.04706,
    "team:TBL": -0.05,
    "team:PIT": -0.049,
    "team:NYI": -0.04706,
    "team:SJS": -0.044293,
    "team:PHI": 0.04706,
    "team:LAK": 0.044293,
    "team:STL": 0.045789,
    "team:COL": 0.05,
    "team:SEA": 0.044293,
    "team:UTA": -0.04802,
    "team:CHI": -0.044293,
    "team:BOS": 0.04706,
    "team:FLA": 0.037682,
    "team:OTT": 0.043407
  },
  "goals": {
    "team:CBJ": -0.282358,
    "div:Metropolitan": -0.26117,
    "conf:East": 0.1076,
    "team:BUF": 0.3,
    "div:Atlantic": 0.0941,
    "team:MTL": 0.076,
    "team:PIT": -0.118286,
    "team:CAR": -0.222852,
    "team:TBL": -0.2375,
    "team:ANA": 0.264398,
    "div:Pacific": -0.0649,
    "conf:West": -0.2768,
    "team:UTA": -0.1623,
    "div:Central": -0.2166,
    "team:NYR": -0.265753,
    "team:BOS": -0.0335,
    "team:DET": 0.181953,
    "team:CHI": -0.234748,
    "team:NJD": -0.282358,
    "team:NYI": -0.282358,
    "team:TOR": -0.073525,
    "team:OTT": -0.294,
    "team:PHI": 0.19992,
    "team:DAL": -0.294,
    "team:MIN": 0.294,
    "team:WPG": -0.28812,
    "team:EDM": 0.28812,
    "team:NSH": -0.046003,
    "team:CGY": -0.251433,
    "team:SEA": -0.28812,
    "team:VGK": 0.134,
    "team:LAK": -0.3,
    "team:FLA": 0.265753,
    "team:VAN": -0.183821,
    "team:WSH": -0.115108,
    "team:SJS": 0.28812,
    "team:STL": 0.28812,
    "team:COL": -0.3
  }
}