{
  "ml_home": {
    "team:CBJ": 0.036101,
    "div:Metropolitan": -0.05,
    "conf:East": -0.05,
    "team:MTL": -0.049,
    "div:Atlantic": 0.05,
    "team:CAR": -0.044293,
    "team:ANA": -0.049,
    "div:Pacific": -0.05,
    "conf:West": -0.05,
    "team:NYR": -0.045197,
    "team:DET": -0.049,
    "team:BUF": 0.0392,
    "team:NJD": -0.039236,
    "team:TOR": -0.048441,
    "team:DAL": -0.04706,
    "div:Central": -0.05,
    "team:WPG": -0.05,
    "team:NSH": 0.043407,
    "team:CGY": -0.029065,
    "team:VGK": 0.04706,
    "team:EDM": 0.039236,
    "team:VAN": -0.049,
    "team:WSH": 0.04802,
    "team:MIN": 0.04802,
    "team:TBL": 0.049,
    "team:PIT": -0.05,
    "team:NYI": -0.036928,
    "team:SJS": 0.049,
    "team:PHI": 0.040396,
    "team:LAK": -0.05,
    "team:STL": -0.044293,
    "team:COL": 0.049,
    "team:SEA": 0.044293,
    "team:UTA": -0.049,
    "team:CHI": -0.049,
    "team:BOS": -0.046119,
    "team:FLA": 0.049,
    "team:OTT": -0.044293
  },
  "goals": {
    "team:CBJ": -0.141708,
    "div:Metropolitan": -0.052,
    "conf:East": -0.2536,
    "team:BUF": 0.3,
    "div:Atlantic": 0.028,
    "team:MTL": 0.005978,
    "team:PIT": -0.3,
    "team:CAR": 0.1877,
    "team:TBL": 0.008428,
    "team:ANA": -0.204722,
    "div:Pacific": -0.3,
    "conf:West": -0.2296,
    "team:UTA": -0.294,
    "div:Central": 0.228,
    "team:NYR": -0.23814,
    "team:BOS": -0.3,
    "team:DET": -0.294,
    "team:CHI": 0.0021,
    "team:NJD": -0.294,
    "team:NYI": 0.232652,
    "team:TOR": -0.287042,
    "team:OTT": -0.224812,
    "team:PHI": -0.138082,
    "team:DAL": 0.195216,
    "team:MIN": 0.3,
    "team:WPG": 0.2139,
    "team:EDM": -0.294,
    "team:NSH": -0.271177,
    "team:CGY": 0.28812,
    "team:SEA": -0.000784,
    "team:VGK": 0.07007,
    "team:LAK": -0.3,
    "team:FLA": -0.182868,
    "team:VAN": 0.013132,
    "team:WSH": 0.294,
    "team:SJS": 0.005586,
    "team:STL": -0.294,
    "team:COL": 0.294
  }
}