{
  "ml_home": {
    "team:CBJ": 0.03759,
    "div:Metropolitan": 0.05,
    "conf:East": -0.05,
    "team:MTL": -0.046119,
    "div:Atlantic": -0.05,
    "team:CAR": -0.046119,
    "team:ANA": 0.05,
    "div:Pacific": 0.05,
    "conf:West": 0.05,
    "team:NYR": -0.04706,
    "team:DET": 0.023422,
    "team:BUF": -0.05,
    "team:NJD": -0.040854,
    "team:TOR": 0.040317,
    "team:DAL": -0.049,
    "div:Central": 0.05,
    "team:WPG": 0.049,
    "team:NSH": 0.045197,
    "team:CGY": -0.030263,
    "team:VGK": 0.049,
    "team:EDM": 0.040854,
    "team:VAN": -0.041688,
    "team:WSH": 0.05,
    "team:MIN": 0.05,
    "team:TBL": 0.045109,
    "team:PIT": 0.009741,
    "team:NYI": -0.038451,
    "team:SJS": 0.049,
    "team:PHI": -0.042539,
    "team:LAK": -0.037682,
    "team:STL": -0.046119,
    "team:COL": 0.04706,
    "team:SEA": 0.046119,
    "team:UTA": -0.045197,
    "team:CHI": 0.049,
    "team:BOS": -0.04802,
    "team:FLA": 0.04802,
    "team:OTT": -0.046119
  },
  "goals": {
    "team:CBJ": -0.168462,
    "div:Metropolitan": 0.2297,
    "conf:East": 0.0004,
    "team:BUF": 0.0202,
    "div:Atlantic": 0.0096,
    "team:MTL": -0.231456,
    "team:PIT": -0.039624,
    "team:CAR": -0.0003,
    "team:TBL": 0.282044,
    "team:ANA": 0.0045,
    "div:Pacific": 0.3,
    "conf:West": 0.3,
    "team:UTA": -0.294,
    "div:Central": 0.2126,
    "team:NYR": -0.294,
    "team:BOS": -0.2408,
    "team:DET": 0.203252,
    "team:CHI": 0.294,
    "team:NJD": -0.294,
    "team:NYI": -0.191492,
    "team:TOR": -0.102606,
    "team:OTT": -0.276711,
    "team:PHI": -0.163813,
    "team:DAL": 0.014896,
    "team:MIN": 0.0038,
    "team:WPG": 0.294,
    "team:EDM": 0.0514,
    "team:NSH": -0.282358,
    "team:CGY": 0.3,
    "team:SEA": 0.014896,
    "team:VGK": -0.14798,
    "team:LAK": -0.28812,
    "team:FLA": 0.28812,
    "team:VAN": 0.28812,
    "team:WSH": 0.3,
    "team:SJS": -0.231868,
    "team:STL": -0.294,
    "team:COL": 0.282358
  }
}