{
  "ml_home": {
    "team:CBJ": -0.034756,
    "div:Metropolitan": 0.049,
    "conf:East": -0.05,
    "team:MTL": -0.04802,
    "div:Atlantic": -0.05,
    "team:CAR": 0.049,
    "team:ANA": 0.04706,
    "div:Pacific": 0.04706,
    "conf:West": 0.03101,
    "team:NYR": 0.030173,
    "team:DET": -0.028049,
    "team:BUF": -0.045197,
    "team:NJD": 0.034061,
    "team:TOR": -0.032712,
    "team:DAL": -0.045197,
    "div:Central": 0.03101,
    "team:WPG": -0.035465,
    "team:NSH": -0.035465,
    "team:CGY": 0.035465,
    "team:VGK": 0.046119,
    "team:EDM": 0.045197,
    "team:VAN": 0.034756,
    "team:WSH": 0.034061,
    "team:MIN": 0.04706,
    "team:TBL": -0.05,
    "team:PIT": 0.044293,
    "team:NYI": -0.034756,
    "team:SJS": -0.032712,
    "team:PHI": 0.020394,
    "team:LAK": -0.043407,
    "team:STL": 0.033818,
    "team:COL": 0.05,
    "team:SEA": 0.032712,
    "team:UTA": -0.04802,
    "team:CHI": -0.032712,
    "team:BOS": -0.04802,
    "team:FLA": 0.027831,
    "team:OTT": -0.041688
  },
  "goals": {
    "team:CBJ": -0.208542,
    "div:Metropolitan": -0.294,
    "conf:East": -0.3,
    "team:BUF": 0.032365,
    "div:Atlantic": -0.3,
    "team:MTL": -0.3,
    "team:PIT": -0.276711,
    "team:CAR": -0.054194,
    "team:TBL": -0.3,
    "team:ANA": 0.21798,
    "div:Pacific": 0.28812,
    "conf:West": 0.3,
    "team:UTA": -0.183148,
    "div:Central": 0.3,
    "team:NYR": -0.196278,
    "team:BOS": -0.28812,
    "team:DET": 0.134384,
    "team:CHI": -0.173379,
    "team:NJD": -0.208542,
    "team:NYI": -0.208542,
    "team:TOR": -0.054304,
    "team:OTT": -0.250124,
    "team:PHI": -0.294,
    "team:DAL": -0.282358,
    "team:MIN": 0.3,
    "team:WPG": -0.212798,
    "team:EDM": -0.001224,
    "team:NSH": -0.033974,
    "team:CGY": -0.185699,
    "team:SEA": -0.212798,
    "team:VGK": 0.28812,
    "team:LAK": -0.260438,
    "team:FLA": 0.196278,
    "team:VAN": -0.135764,
    "team:WSH": -0.085016,
    "team:SJS": 0.212798,
    "team:STL": 0.212798,
    "team:COL": 0.3
  }
}