{
  "ml_home": {
    "team:CBJ": 0.049,
    "div:Metropolitan": 0.04067,
    "conf:East": -0.05,
    "team:MTL": -0.049,
    "div:Atlantic": -0.05,
    "team:CAR": -0.049,
    "team:ANA": 0.046119,
    "div:Pacific": -0.05,
    "conf:West": -0.05,
    "team:NYR": -0.04706,
    "team:DET": 0.04802,
    "team:BUF": 0.009761,
    "team:NJD": 0.04706,
    "team:TOR": -0.05,
    "team:DAL": 0.03381,
    "div:Central": -0.05,
    "team:WPG": -0.048579,
    "team:NSH": 0.049,
    "team:CGY": -0.05,
    "team:VGK": 0.039236,
    "team:EDM": -0.049,
    "team:VAN": -0.05,
    "team:WSH": 0.046119,
    "team:MIN": 0.049,
    "team:TBL": 0.034756,
    "team:PIT": -0.046119,
    "team:NYI": 0.034756,
    "team:SJS": 0.04675,
    "team:PHI": -0.045197,
    "team:LAK": -0.04706,
    "team:STL": 0.046119,
    "team:COL": -0.05,
    "team:SEA": -0.05,
    "team:UTA": 0.046119,
    "team:CHI": -0.05,
    "team:BOS": 0.049,
    "team:FLA": 0.034061,
    "team:OTT": 0.038187
  },
  "goals": {
    "team:CBJ": -0.181006,
    "div:Metropolitan": -0.1703,
    "conf:East": -0.1703,
    "team:BUF": 0.294,
    "div:Atlantic": -0.2668,
    "team:MTL": -0.188356,
    "team:PIT": 0.294,
    "team:CAR": -0.23177,
    "team:TBL": -0.0508,
    "team:ANA": 0.0585,
    "div:Pacific": 0.0421,
    "conf:West": -0.011,
    "team:UTA": 0.276711,
    "div:Central": -0.2503,
    "team:NYR": -0.3,
    "team:BOS": 0.007546,
    "team:DET": -0.042238,
    "team:CHI": -0.3,
    "team:NJD": 0.3,
    "team:NYI": 0.146195,
    "team:TOR": -0.1416,
    "team:OTT": 0.161896,
    "team:PHI": 0.3,
    "team:DAL": -0.2455,
    "team:MIN": 0.064778,
    "team:WPG": -0.181006,
    "team:EDM": 0.024108,
    "team:NSH": 0.294,
    "team:CGY": -0.3,
    "team:SEA": -0.3,
    "team:VGK": 0.3,
    "team:LAK": -0.282358,
    "team:FLA": -0.192374,
    "team:VAN": -0.0317,
    "team:WSH": -0.1884,
    "team:SJS": -0.223,
    "team:STL": -0.3,
    "team:COL": 0.1328
  }
}