{
  "ml_home": {
    "team:CBJ": 0.036838,
    "div:Metropolitan": 0.05,
    "conf:East": 0.05,
    "team:MTL": -0.05,
    "div:Atlantic": 0.05,
    "team:CAR": -0.045197,
    "team:ANA": -0.05,
    "div:Pacific": 0.05,
    "conf:West": 0.05,
    "team:NYR": -0.046119,
    "team:DET": -0.05,
    "team:BUF": -0.049,
    "team:NJD": -0.040037,
    "team:TOR": -0.04943,
    "team:DAL": -0.04802,
    "div:Central": -0.05,
    "team:WPG": 0.04802,
    "team:NSH": 0.044293,
    "team:CGY": -0.029658,
    "team:VGK": 0.04802,
    "team:EDM": 0.040037,
    "team:VAN": -0.05,
    "team:WSH": 0.049,
    "team:MIN": 0.049,
    "team:TBL": 0.05,
    "team:PIT": 0.009546,
    "team:NYI": -0.037682,
    "team:SJS": 0.05,
    "team:PHI": 0.04122,
    "team:LAK": -0.036928,
    "team:STL": -0.045197,
    "team:COL": 0.05,
    "team:SEA": 0.045197,
    "team:UTA": -0.05,
    "team:CHI": -0.05,
    "team:BOS": -0.04706,
    "team:FLA": 0.05,
    "team:OTT": -0.045197
  },
  "goals": {
    "team:CBJ": -0.1446,
    "div:Metropolitan": -0.2145,
    "conf:East": -0.2145,
    "team:BUF": 0.019796,
    "div:Atlantic": -0.2525,
    "team:MTL": 0.0061,
    "team:PIT": -0.038832,
    "team:CAR": -0.000294,
    "team:TBL": 0.0086,
    "team:ANA": -0.2089,
    "div:Pacific": -0.0545,
    "conf:West": 0.0267,
    "team:UTA": -0.3,
    "div:Central": 0.0495,
    "team:NYR": -0.243,
    "team:BOS": -0.235984,
    "team:DET": -0.3,
    "team:CHI": 0.018,
    "team:NJD": -0.3,
    "team:NYI": 0.2374,
    "team:TOR": -0.2929,
    "team:OTT": -0.2294,
    "team:PHI": -0.1409,
    "team:DAL": 0.1992,
    "team:MIN": 0.003724,
    "team:WPG": 0.28812,
    "team:EDM": -0.3,
    "team:NSH": -0.276711,
    "team:CGY": 0.294,
    "team:SEA": -0.0008,
    "team:VGK": 0.0715,
    "team:LAK": -0.2384,
    "team:FLA": -0.1866,
    "team:VAN": 0.0134,
    "team:WSH": 0.3,
    "team:SJS": 0.0057,
    "team:STL": -0.3,
    "team:COL": 0.3
  }
}