{
  "ml_home": {
    "team:CBJ": -0.04706,
    "div:Metropolitan": 0.05,
    "conf:East": 0.05,
    "team:MTL": 0.04706,
    "div:Atlantic": -0.04706,
    "team:CAR": 0.04706,
    "team:ANA": 0.05,
    "div:Pacific": 0.05,
    "conf:West": -0.00603,
    "team:NYR": 0.04706,
    "team:DET": -0.03338,
    "team:BUF": -0.03338,
    "team:NJD": -0.041688,
    "team:TOR": -0.04706,
    "team:DAL": 0.04706,
    "div:Central": -0.05,
    "team:WPG": -0.040854,
    "team:NSH": 0.008022,
    "team:CGY": 0.040854,
    "team:VGK": 0.040854,
    "team:EDM": -0.039236,
    "team:VAN": -0.041688,
    "team:WSH": 0.044293,
    "team:MIN": -0.05,
    "team:TBL": -0.04706,
    "team:PIT": 0.05,
    "team:NYI": 0.05,
    "team:SJS": 0.05,
    "team:PHI": 0.04706,
    "team:LAK": 0.04706,
    "team:STL": -0.04706,
    "team:COL": 0.04706,
    "team:SEA": 0.04706,
    "team:UTA": -0.05,
    "team:CHI": 0.036928,
    "team:BOS": 0.042539,
    "team:FLA": -0.044293,
    "team:OTT": -0.042539
  },
  "goals": {
    "team:CBJ": -0.052142,
    "div:Metropolitan": 0.3,
    "conf:East": 0.3,
    "team:BUF": 0.282358,
    "div:Atlantic": 0.3,
    "team:MTL": 0.282358,
    "team:PIT": 0.3,
    "team:CAR": 0.282358,
    "team:TBL": -0.282358,
    "team:ANA": 0.083,
    "div:Pacific": -0.3,
    "conf:West": -0.3,
    "team:UTA": -0.3,
    "div:Central": -0.2611,
    "team:NYR": -0.070401,
    "team:BOS": -0.282358,
    "team:DET": -0.282358,
    "team:CHI": 0.2822,
    "team:NJD": -0.185415,
    "team:NYI": 0.3,
    "team:TOR": -0.282358,
    "team:OTT": 0.282358,
    "team:PHI": -0.134308,
    "team:DAL": 0.073225,
    "team:MIN": -0.3,
    "team:WPG": -0.3,
    "team:EDM": 0.282358,
    "team:NSH": -0.282358,
    "team:CGY": -0.3,
    "team:SEA": 0.282358,
    "team:VGK": -0.3,
    "team:LAK": -0.282358,
    "team:FLA": 0.3,
    "team:VAN": -0.282358,
    "team:WSH": -0.282358,
    "team:SJS": -0.3,
    "team:STL": -0.1976,
    "team:COL": -0.054495
  }
}