{
  "ml_home": {
    "team:CBJ": 0.035465,
    "div:Metropolitan": 0.05,
    "conf:East": 0.05,
    "team:MTL": 0.045197,
    "div:Atlantic": 0.05,
    "team:CAR": 0.05,
    "team:ANA": 0.05,
    "div:Pacific": 0.05,
    "conf:West": 0.05,
    "team:NYR": -0.045197,
    "team:DET": -0.04706,
    "team:BUF": -0.04706,
    "team:NJD": 0.045197,
    "team:TOR": -0.040854,
    "team:DAL": 0.034756,
    "div:Central": -0.04706,
    "team:WPG": -0.035465,
    "team:NSH": -0.035465,
    "team:CGY": 0.04706,
    "team:VGK": -0.04706,
    "team:EDM": -0.04706,
    "team:VAN": -0.04706,
    "team:WSH": 0.04706,
    "team:MIN": 0.045197,
    "team:TBL": 0.05,
    "team:PIT": 0.04706,
    "team:NYI": -0.04706,
    "team:SJS": 0.034756,
    "team:PHI": -0.04706,
    "team:LAK": -0.026194,
    "team:STL": -0.04706,
    "team:COL": -0.034756,
    "team:SEA": 0.045197,
    "team:UTA": -0.04706,
    "team:CHI": -0.037682,
    "team:BOS": 0.045197,
    "team:FLA": -0.04706,
    "team:OTT": 0.04706
  },
  "goals": {
    "team:CBJ": 0.282358,
    "div:Metropolitan": 0.0614,
    "conf:East": 0.3,
    "team:BUF": -0.189839,
    "div:Atlantic": 0.3,
    "team:MTL": 0.282358,
    "team:PIT": 0.282358,
    "team:CAR": 0.031,
    "team:TBL": 0.3,
    "team:ANA": 0.2971,
    "div:Pacific": -0.0371,
    "conf:West": -0.0233,
    "team:UTA": -0.189839,
    "div:Central": 0.282358,
    "team:NYR": 0.282358,
    "team:BOS": 0.3,
    "team:DET": -0.282358,
    "team:CHI": -0.271177,
    "team:NJD": -0.282358,
    "team:NYI": -0.201132,
    "team:TOR": -0.201132,
    "team:OTT": 0.282358,
    "team:PHI": -0.282358,
    "team:DAL": 0.145979,
    "team:MIN": 0.282358,
    "team:WPG": -0.282358,
    "team:EDM": 0.145979,
    "team:NSH": 0.134684,
    "team:CGY": -0.201132,
    "team:SEA": 0.145979,
    "team:VGK": -0.1409,
    "team:LAK": -0.3,
    "team:FLA": -0.282358,
    "team:VAN": -0.282358,
    "team:WSH": 0.282358,
    "team:SJS": -0.282358,
    "team:STL": 0.145979,
    "team:COL": 0.282358
  }
}