{
  "ml_home": {
    "team:CBJ": 0.037682,
    "div:Metropolitan": -0.05,
    "conf:East": -0.05,
    "team:MTL": -0.045197,
    "div:Atlantic": 0.020461,
    "team:CAR": 0.04706,
    "team:ANA": -0.037682,
    "div:Pacific": 0.04706,
    "conf:West": 0.04706,
    "team:NYR": -0.05,
    "team:DET": 0.04706,
    "team:BUF": -0.042539,
    "team:NJD": 0.034061,
    "team:TOR": -0.043407,
    "team:DAL": 0.045197,
    "div:Central": -0.04706,
    "team:WPG": 0.04706,
    "team:NSH": -0.04706,
    "team:CGY": -0.04706,
    "team:VGK": -0.044293,
    "team:EDM": 0.04706,
    "team:VAN": 0.044293,
    "team:WSH": 0.043289,
    "team:MIN": -0.04706,
    "team:TBL": -0.04706,
    "team:PIT": -0.04706,
    "team:NYI": -0.04706,
    "team:SJS": -0.04706,
    "team:PHI": 0.045197,
    "team:LAK": 0.039854,
    "team:STL": 0.043407,
    "team:COL": -0.04706,
    "team:SEA": 0.04706,
    "team:UTA": 0.045197,
    "team:CHI": -0.04706,
    "team:BOS": 0.04706,
    "team:FLA": 0.04706
  },
  "goals": {
    "team:CBJ": 0.282358,
    "div:Metropolitan": -0.3,
    "conf:East": -0.3,
    "team:BUF": -0.282358,
    "div:Atlantic": 0.008094,
    "team:MTL": -0.194921,
    "team:PIT": -0.282358,
    "team:CAR": 0.273792,
    "team:TBL": -0.194921,
    "team:ANA": 0.282358,
    "div:Pacific": -0.282358,
    "conf:West": -0.282358,
    "team:UTA": 0.152191,
    "div:Central": 0.282358,
    "team:NYR": -0.3,
    "team:BOS": 0.152191,
    "team:DET": 0.282358,
    "team:CHI": -0.282358,
    "team:NJD": 0.282358,
    "team:NYI": -0.231062,
    "team:TOR": 0.076802,
    "team:OTT": -0.282358,
    "team:PHI": 0.015906,
    "team:DAL": 0.282358,
    "team:MIN": 0.191909,
    "team:WPG": 0.148708,
    "team:EDM": -0.191438,
    "team:NSH": -0.282358,
    "team:CGY": -0.282358,
    "team:SEA": -0.23878,
    "team:VGK": -0.282358,
    "team:LAK": -0.259016,
    "team:FLA": 0.282358,
    "team:VAN": -0.282358,
    "team:WSH": -0.3,
    "team:SJS": 0.282358,
    "team:STL": 0.282358,
    "team:COL": 0.140897
  }
}