{
  "ml_home": {
    "team:CBJ": -0.04706,
    "div:Metropolitan": -0.05,
    "conf:East": -0.05,
    "team:MTL": 0.040037,
    "div:Atlantic": 0.05,
    "team:CAR": 0.040037,
    "team:ANA": -0.05,
    "div:Pacific": -0.05,
    "conf:West": -0.05,
    "team:NYR": -0.020019,
    "team:DET": -0.046119,
    "team:BUF": 0.05,
    "team:NJD": -0.05,
    "team:TOR": -0.04706,
    "team:DAL": 0.02005,
    "div:Central": 0.05,
    "team:WPG": 0.04706,
    "team:NSH": -0.043407,
    "team:CGY": 0.04706,
    "team:VGK": -0.05,
    "team:EDM": -0.015358,
    "team:VAN": -0.045197,
    "team:WSH": -0.044293,
    "team:MIN": 0.044293,
    "team:TBL": -0.040037,
    "team:PIT": 0.05,
    "team:NYI": 0.042539,
    "team:SJS": -0.04706,
    "team:PHI": 0.040037,
    "team:LAK": -0.04706,
    "team:STL": -0.040037,
    "team:COL": 0.05,
    "team:SEA": -0.04706,
    "team:UTA": -0.042539,
    "team:CHI": -0.046119,
    "team:BOS": 0.04706,
    "team:FLA": -0.037682,
    "team:OTT": -0.036189
  },
  "goals": {
    "team:CBJ": 0.282358,
    "div:Metropolitan": -0.3,
    "conf:East": -0.2642,
    "team:BUF": 0.3,
    "div:Atlantic": 0.2158,
    "team:MTL": 0.282358,
    "team:PIT": 0.3,
    "team:CAR": 0.282358,
    "team:TBL": 0.3,
    "team:ANA": -0.3,
    "div:Pacific": -0.0642,
    "conf:West": -0.0446,
    "team:UTA": 0.178544,
    "div:Central": 0.2142,
    "team:NYR": 0.066072,
    "team:BOS": 0.3,
    "team:DET": -0.198,
    "team:CHI": -0.0671,
    "team:NJD": -0.3,
    "team:NYI": -0.282358,
    "team:TOR": -0.282358,
    "team:OTT": 0.282358,
    "team:PHI": 0.08066,
    "team:DAL": 0.3,
    "team:MIN": -0.3,
    "team:WPG": -0.197933,
    "team:EDM": 0.3,
    "team:NSH": -0.282358,
    "team:CGY": 0.14325,
    "team:SEA": 0.009506,
    "team:VGK": -0.3,
    "team:LAK": -0.228992,
    "team:FLA": -0.15302,
    "team:VAN": 0.012518,
    "team:WSH": -0.282358,
    "team:SJS": -0.282358,
    "team:STL": 0.3,
    "team:COL": 0.0853
  }
}