{
  "ml_home": {
    "team:CBJ": 0.049,
    "div:Metropolitan": 0.05,
    "conf:East": 0.05,
    "team:MTL": -0.032058,
    "div:Atlantic": 0.05,
    "team:CAR": 0.0342,
    "team:ANA": -0.028979,
    "div:Pacific": -0.05,
    "conf:West": -0.05,
    "team:NYR": -0.036928,
    "team:DET": 0.039236,
    "team:BUF": -0.042539,
    "team:NJD": 0.040854,
    "team:TOR": 0.042539,
    "team:DAL": 0.042539,
    "div:Central": 0.0139,
    "team:WPG": 0.02122,
    "team:NSH": -0.042539,
    "team:CGY": 0.040854,
    "team:VGK": 0.032058,
    "team:EDM": -0.05,
    "team:VAN": -0.042539,
    "team:WSH": -0.039236,
    "team:MIN": -0.05,
    "team:TBL": 0.05,
    "team:PIT": 0.014873,
    "team:NYI": 0.036928,
    "team:SJS": 0.05,
    "team:PHI": 0.05,
    "team:LAK": -0.05,
    "team:STL": -0.05,
    "team:COL": 0.042539,
    "team:SEA": -0.03597,
    "team:UTA": 0.034061,
    "team:CHI": 0.042539,
    "team:BOS": 0.05,
    "team:FLA": -0.042539,
    "team:OTT": 0.05
  },
  "goals": {
    "team:CBJ": 0.294,
    "div:Metropolitan": 0.0304,
    "conf:East": 0.2147,
    "team:BUF": 0.1256,
    "div:Atlantic": 0.2147,
    "team:MTL": 0.255229,
    "team:PIT": 0.2229,
    "team:CAR": 0.3,
    "team:TBL": -0.0857,
    "team:ANA": 0.163178,
    "div:Pacific": 0.2304,
    "conf:West": 0.2304,
    "team:UTA": 0.149733,
    "div:Central": 0.2304,
    "team:NYR": -0.0138,
    "team:BOS": 0.3,
    "team:DET": 0.3,
    "team:CHI": 0.1946,
    "team:NJD": -0.0054,
    "team:NYI": -0.2152,
    "team:TOR": 0.050666,
    "team:OTT": 0.3,
    "team:PHI": 0.1945,
    "team:DAL": -0.3,
    "team:MIN": -0.2442,
    "team:WPG": 0.3,
    "team:EDM": 0.1946,
    "team:NSH": -0.3,
    "team:CGY": 0.1558,
    "team:SEA": -0.073763,
    "team:VGK": 0.255229,
    "team:LAK": 0.171,
    "team:FLA": -0.067297,
    "team:VAN": -0.0138,
    "team:WSH": -0.255229,
    "team:SJS": 0.3,
    "team:STL": -0.042,
    "team:COL": 0.255229
  }
}