{
  "ml_home": {
    "team:CBJ": -0.040037,
    "div:Metropolitan": 0.016003,
    "conf:East": 0.05,
    "team:MTL": -0.046119,
    "div:Atlantic": 0.05,
    "team:CAR": 0.046119,
    "team:ANA": -0.038451,
    "div:Pacific": -0.05,
    "conf:West": -0.05,
    "team:NYR": -0.044293,
    "team:DET": 0.044293,
    "team:BUF": 0.046119,
    "team:NJD": -0.040037,
    "team:TOR": 0.046119,
    "team:DAL": -0.040037,
    "div:Central": -0.05,
    "team:WPG": 0.05,
    "team:NSH": 0.05,
    "team:CGY": -0.039236,
    "team:VGK": 0.046119,
    "team:EDM": -0.046119,
    "team:VAN": -0.039236,
    "team:WSH": -0.041688,
    "team:MIN": -0.046119,
    "team:TBL": 0.040854,
    "team:PIT": -0.046119,
    "team:NYI": 0.040854,
    "team:SJS": -0.05,
    "team:PHI": -0.046119,
    "team:LAK": -0.041688,
    "team:STL": 0.039236,
    "team:COL": 0.046119,
    "team:SEA": -0.044293,
    "team:UTA": -0.05,
    "team:CHI": -0.045197,
    "team:BOS": 0.05,
    "team:FLA": 0.040037,
    "team:OTT": -0.046119
  },
  "goals": {
    "team:CBJ": -0.1521,
    "div:Metropolitan": -0.2526,
    "conf:East": -0.2526,
    "team:BUF": 0.276711,
    "div:Atlantic": -0.3,
    "team:MTL": -0.276711,
    "team:PIT": -0.3,
    "team:CAR": 0.198955,
    "team:TBL": 0.276711,
    "team:ANA": -0.226164,
    "div:Pacific": 0.3,
    "conf:West": 0.3,
    "team:UTA": -0.3,
    "div:Central": -0.2146,
    "team:NYR": -0.276711,
    "team:BOS": -0.3,
    "team:DET": 0.276711,
    "team:CHI": -0.153575,
    "team:NJD": -0.1477,
    "team:NYI": -0.041691,
    "team:TOR": 0.142783,
    "team:OTT": -0.276711,
    "team:PHI": -0.276711,
    "team:DAL": 0.207717,
    "team:MIN": 0.057555,
    "team:WPG": 0.3,
    "team:EDM": 0.198955,
    "team:NSH": -0.1521,
    "team:CGY": -0.276711,
    "team:SEA": -0.276711,
    "team:VGK": 0.3,
    "team:LAK": -0.01651,
    "team:FLA": -0.226164,
    "team:VAN": -0.276711,
    "team:WSH": -0.3,
    "team:SJS": -0.3,
    "team:STL": -0.276711,
    "team:COL": 0.276711
  }
}