{
  "ml_home": {
    "team:CBJ": 0.045197,
    "div:Metropolitan": 0.037513,
    "conf:East": -0.05,
    "team:MTL": -0.045197,
    "div:Atlantic": -0.05,
    "team:CAR": -0.045197,
    "team:ANA": 0.042539,
    "div:Pacific": -0.05,
    "conf:West": -0.05,
    "team:NYR": -0.043407,
    "team:DET": 0.044293,
    "team:BUF": 0.009003,
    "team:NJD": 0.043407,
    "team:TOR": -0.05,
    "team:DAL": 0.05,
    "div:Central": -0.05,
    "team:WPG": -0.044808,
    "team:NSH": 0.045197,
    "team:CGY": -0.05,
    "team:VGK": 0.036189,
    "team:EDM": -0.045197,
    "team:VAN": -0.05,
    "team:WSH": 0.042539,
    "team:MIN": 0.045197,
    "team:TBL": 0.032058,
    "team:PIT": -0.042539,
    "team:NYI": 0.032058,
    "team:SJS": 0.05,
    "team:PHI": -0.041688,
    "team:LAK": -0.043407,
    "team:STL": 0.042539,
    "team:COL": -0.05,
    "team:SEA": -0.05,
    "team:UTA": 0.042539,
    "team:CHI": -0.05,
    "team:BOS": 0.045197,
    "team:FLA": 0.031417,
    "team:OTT": 0.035223
  },
  "goals": {
    "team:CBJ": -0.166954,
    "div:Metropolitan": -0.1709,
    "conf:East": -0.1709,
    "team:BUF": 0.271177,
    "div:Atlantic": -0.3,
    "team:MTL": -0.173733,
    "team:PIT": 0.271177,
    "team:CAR": -0.213777,
    "team:TBL": -0.3,
    "team:ANA": 0.3,
    "div:Pacific": 0.0402,
    "conf:West": -0.0127,
    "team:UTA": 0.255229,
    "div:Central": -0.2509,
    "team:NYR": -0.3,
    "team:BOS": 0.00696,
    "team:DET": -0.038959,
    "team:CHI": -0.3,
    "team:NJD": 0.3,
    "team:NYI": 0.134846,
    "team:TOR": -0.0845,
    "team:OTT": 0.149328,
    "team:PHI": 0.3,
    "team:DAL": -0.1237,
    "team:MIN": 0.059749,
    "team:WPG": -0.166954,
    "team:EDM": 0.022236,
    "team:NSH": 0.271177,
    "team:CGY": -0.3,
    "team:SEA": -0.3,
    "team:VGK": 0.3,
    "team:LAK": -0.260438,
    "team:FLA": -0.17744,
    "team:VAN": 0.3,
    "team:WSH": -0.1022,
    "team:SJS": -0.1152,
    "team:STL": -0.3,
    "team:COL": 0.0192
  }
}