{
  "ml_home": {
    "team:CBJ": 0.034061,
    "div:Metropolitan": 0.02166,
    "conf:East": 0.02166,
    "team:MTL": 0.043407,
    "div:Atlantic": -0.05,
    "team:CAR": 0.04802,
    "team:ANA": 0.04802,
    "div:Pacific": -0.05,
    "conf:West": -0.05,
    "team:NYR": -0.043407,
    "team:DET": -0.045197,
    "team:BUF": -0.045197,
    "team:NJD": 0.043407,
    "team:TOR": -0.039236,
    "team:DAL": 0.05,
    "div:Central": 0.02208,
    "team:WPG": -0.034061,
    "team:NSH": 0.05,
    "team:CGY": -0.05,
    "team:VGK": -0.045197,
    "team:EDM": -0.045197,
    "team:VAN": -0.045197,
    "team:WSH": 0.05,
    "team:MIN": 0.05,
    "team:TBL": 0.04802,
    "team:PIT": -0.05,
    "team:NYI": -0.045197,
    "team:SJS": 0.03338,
    "team:PHI": -0.045197,
    "team:LAK": -0.025157,
    "team:STL": -0.045197,
    "team:COL": -0.05,
    "team:SEA": 0.043407,
    "team:UTA": 0.05,
    "team:CHI": 0.05,
    "team:BOS": 0.043407,
    "team:FLA": -0.05,
    "team:OTT": 0.045197
  },
  "goals": {
    "team:CBJ": 0.271177,
    "div:Metropolitan": -0.3,
    "conf:East": -0.0616,
    "team:BUF": 0.3,
    "div:Atlantic": 0.0992,
    "team:MTL": 0.1356,
    "team:PIT": -0.2212,
    "team:CAR": 0.029772,
    "team:TBL": 0.28812,
    "team:ANA": 0.285335,
    "div:Pacific": -0.3,
    "conf:West": -0.2068,
    "team:UTA": 0.3,
    "div:Central": 0.3,
    "team:NYR": 0.271177,
    "team:BOS": 0.28812,
    "team:DET": -0.3,
    "team:CHI": 0.3,
    "team:NJD": -0.271177,
    "team:NYI": -0.3,
    "team:TOR": 0.1951,
    "team:OTT": 0.1356,
    "team:PHI": -0.271177,
    "team:DAL": 0.3,
    "team:MIN": 0.3,
    "team:WPG": -0.2115,
    "team:EDM": 0.140198,
    "team:NSH": 0.3,
    "team:CGY": -0.3,
    "team:SEA": 0.140198,
    "team:VGK": -0.13532,
    "team:LAK": -0.28812,
    "team:FLA": -0.2115,
    "team:VAN": -0.3,
    "team:WSH": 0.3,
    "team:SJS": -0.2115,
    "team:STL": 0.3,
    "team:COL": -0.3
  }
}