{
  "ml_home": {
    "team:CBJ": -0.044293,
    "div:Metropolitan": 0.05,
    "conf:East": 0.00278,
    "team:MTL": -0.041688,
    "div:Atlantic": -0.049,
    "team:CAR": 0.04802,
    "team:ANA": -0.043407,
    "div:Pacific": -0.05,
    "conf:West": -0.05,
    "team:NYR": 0.038451,
    "team:DET": -0.035744,
    "team:BUF": -0.049,
    "team:NJD": 0.043407,
    "team:TOR": -0.041688,
    "team:DAL": 0.04802,
    "div:Central": -0.05,
    "team:WPG": -0.045197,
    "team:NSH": -0.045197,
    "team:CGY": 0.045197,
    "team:VGK": -0.049,
    "team:EDM": -0.05,
    "team:VAN": 0.044293,
    "team:WSH": 0.043407,
    "team:MIN": -0.05,
    "team:TBL": 0.049,
    "team:PIT": -0.04802,
    "team:NYI": -0.044293,
    "team:SJS": -0.041688,
    "team:PHI": 0.05,
    "team:LAK": 0.041688,
    "team:STL": 0.043096,
    "team:COL": 0.049,
    "team:SEA": 0.041688,
    "team:UTA": -0.045197,
    "team:CHI": -0.041688,
    "team:BOS": 0.044293,
    "team:FLA": 0.035465,
    "team:OTT": 0.040854
  },
  "goals": {
    "team:CBJ": -0.265753,
    "div:Metropolitan": -0.0645,
    "conf:East": 0.0181,
    "team:BUF": 0.006958,
    "div:Atlantic": -0.062132,
    "team:MTL": -0.1617,
    "team:PIT": -0.3,
    "team:CAR": -0.191216,
    "team:TBL": -0.201782,
    "team:ANA": 0.3,
    "div:Pacific": 0.3,
    "conf:West": 0.3,
    "team:UTA": -0.145138,
    "div:Central": -0.0276,
    "team:NYR": -0.250124,
    "team:BOS": 0.147882,
    "team:DET": 0.171253,
    "team:CHI": -0.220943,
    "team:NJD": -0.265753,
    "team:NYI": -0.265753,
    "team:TOR": -0.069201,
    "team:OTT": -0.28812,
    "team:PHI": 0.3,
    "team:DAL": 0.1359,
    "team:MIN": -0.0172,
    "team:WPG": -0.271177,
    "team:EDM": 0.3,
    "team:NSH": -0.043297,
    "team:CGY": -0.236646,
    "team:SEA": -0.271177,
    "team:VGK": -0.117992,
    "team:LAK": -0.294,
    "team:FLA": 0.250124,
    "team:VAN": -0.173011,
    "team:WSH": -0.108339,
    "team:SJS": 0.271177,
    "team:STL": 0.271177,
    "team:COL": -0.294
  }
}