{
  "ml_home": {
    "team:CBJ": -0.04706,
    "div:Metropolitan": -0.05,
    "conf:East": -0.05,
    "team:MTL": 0.041688,
    "div:Atlantic": 0.049,
    "team:CAR": 0.023765,
    "team:ANA": -0.05,
    "div:Pacific": -0.05,
    "conf:West": -0.05,
    "team:NYR": -0.005067,
    "team:DET": -0.043407,
    "team:BUF": 0.04706,
    "team:NJD": 0.049,
    "team:TOR": 0.017952,
    "team:DAL": 0.049,
    "div:Central": 0.049,
    "team:WPG": -0.030664,
    "team:NSH": -0.043407,
    "team:CGY": 0.02239,
    "team:VGK": 0.049,
    "team:EDM": 0.049,
    "team:VAN": -0.041688,
    "team:WSH": 0.04706,
    "team:MIN": 0.049,
    "team:TBL": 0.022834,
    "team:PIT": 0.039417,
    "team:NYI": -0.05,
    "team:SJS": 0.049,
    "team:PHI": -0.049,
    "team:LAK": -0.044355,
    "team:STL": 0.043407,
    "team:COL": -0.04802,
    "team:SEA": -0.049,
    "team:UTA": -0.041688,
    "team:CHI": -0.04706,
    "team:BOS": 0.04706,
    "team:FLA": 0.049,
    "team:OTT": 0.049
  },
  "goals": {
    "team:CBJ": -0.294,
    "div:Metropolitan": -0.0376,
    "conf:East": -0.0681,
    "team:BUF": -0.294,
    "div:Atlantic": -0.294,
    "team:MTL": 0.142982,
    "team:PIT": 0.19845,
    "team:CAR": 0.294,
    "team:TBL": 0.294,
    "team:ANA": -0.1727,
    "div:Pacific": -0.0857,
    "conf:West": 0.3,
    "team:UTA": 0.294,
    "div:Central": 0.3,
    "team:NYR": -0.01274,
    "team:BOS": -0.19355,
    "team:DET": -0.05733,
    "team:CHI": -0.294,
    "team:NJD": 0.294,
    "team:NYI": -0.3,
    "team:TOR": -0.255682,
    "team:OTT": 0.05831,
    "team:PHI": -0.0017,
    "team:DAL": -0.220304,
    "team:MIN": 0.247548,
    "team:WPG": -0.294,
    "team:EDM": 0.119854,
    "team:NSH": 0.147588,
    "team:CGY": -0.025186,
    "team:SEA": -0.294,
    "team:VGK": 0.294,
    "team:LAK": -0.061936,
    "team:FLA": 0.00245,
    "team:VAN": 0.007056,
    "team:WSH": 0.19845,
    "team:SJS": 0.294,
    "team:STL": 0.3,
    "team:COL": 0.28812
  }
}