{
  "ml_home": {
    "team:CBJ": 0.027322,
    "div:Metropolitan": 0.05,
    "conf:East": 0.02445,
    "team:MTL": 0.044293,
    "div:Atlantic": -0.05,
    "team:CAR": 0.044293,
    "team:ANA": 0.05,
    "div:Pacific": -0.05,
    "conf:West": -0.05,
    "team:NYR": -0.022147,
    "team:DET": -0.05,
    "team:BUF": 0.001088,
    "team:NJD": 0.05,
    "team:TOR": -0.04802,
    "team:DAL": 0.044293,
    "div:Central": 0.049,
    "team:WPG": 0.049,
    "team:NSH": -0.04802,
    "team:CGY": 0.010506,
    "team:VGK": 0.038451,
    "team:EDM": 0.049,
    "team:VAN": -0.05,
    "team:WSH": -0.049,
    "team:MIN": 0.049,
    "team:TBL": -0.044293,
    "team:PIT": 0.04706,
    "team:NYI": 0.04706,
    "team:SJS": 0.049,
    "team:PHI": 0.044293,
    "team:LAK": -0.047626,
    "team:STL": -0.044293,
    "team:COL": 0.044293,
    "team:SEA": -0.05,
    "team:UTA": -0.04706,
    "team:CHI": 0.034756,
    "team:BOS": 0.049,
    "team:FLA": -0.041688,
    "team:OTT": -0.040037
  },
  "goals": {
    "team:CBJ": 0.21119,
    "div:Metropolitan": -0.1798,
    "conf:East": -0.1798,
    "team:BUF": 0.193354,
    "div:Atlantic": 0.0524,
    "team:MTL": 0.294,
    "team:PIT": -0.185416,
    "team:CAR": 0.3,
    "team:TBL": -0.294,
    "team:ANA": 0.145,
    "div:Pacific": 0.0202,
    "conf:West": -0.0036,
    "team:UTA": -0.245196,
    "div:Central": 0.2154,
    "team:NYR": 0.119954,
    "team:BOS": -0.294,
    "team:DET": -0.0514,
    "team:CHI": -0.002842,
    "team:NJD": 0.3,
    "team:NYI": -0.1939,
    "team:TOR": -0.2503,
    "team:OTT": 0.294,
    "team:PHI": -0.120242,
    "team:DAL": 0.294,
    "team:MIN": 0.146804,
    "team:WPG": -0.245196,
    "team:EDM": 0.294,
    "team:NSH": -0.294,
    "team:CGY": -0.294,
    "team:SEA": -0.2186,
    "team:VGK": -0.055,
    "team:LAK": -0.28812,
    "team:FLA": -0.185416,
    "team:VAN": -0.0503,
    "team:WSH": -0.294,
    "team:SJS": 0.294,
    "team:STL": -0.1685,
    "team:COL": 0.294
  }
}