{
  "ml_home": {
    "team:CBJ": 0.049,
    "div:Metropolitan": 0.049,
    "conf:East": 0.05,
    "team:MTL": -0.037682,
    "div:Atlantic": 0.05,
    "team:CAR": -0.037682,
    "team:ANA": 0.035465,
    "div:Pacific": -0.05,
    "conf:West": -0.05,
    "team:NYR": -0.036189,
    "team:DET": 0.036928,
    "team:BUF": 0.007507,
    "team:NJD": 0.036189,
    "team:TOR": -0.05,
    "team:DAL": 0.04802,
    "div:Central": -0.05,
    "team:WPG": -0.049,
    "team:NSH": -0.049,
    "team:CGY": -0.05,
    "team:VGK": 0.030173,
    "team:EDM": 0.049,
    "team:VAN": -0.05,
    "team:WSH": 0.035465,
    "team:MIN": -0.049,
    "team:TBL": 0.026729,
    "team:PIT": -0.035465,
    "team:NYI": -0.049,
    "team:SJS": 0.04802,
    "team:PHI": -0.034756,
    "team:LAK": -0.036189,
    "team:STL": -0.049,
    "team:COL": -0.04802,
    "team:SEA": 0.05,
    "team:UTA": 0.035465,
    "team:CHI": -0.05,
    "team:BOS": 0.049,
    "team:FLA": 0.026194,
    "team:OTT": 0.05
  },
  "goals": {
    "team:CBJ": 0.294,
    "div:Metropolitan": 0.0035,
    "conf:East": 0.3,
    "team:BUF": 0.294,
    "div:Atlantic": 0.3,
    "team:MTL": -0.127694,
    "team:PIT": 0.1672,
    "team:CAR": 0.04165,
    "team:TBL": 0.149744,
    "team:ANA": 0.3,
    "div:Pacific": -0.0166,
    "conf:West": -0.0166,
    "team:UTA": 0.294,
    "div:Central": -0.2957,
    "team:NYR": -0.28812,
    "team:BOS": 0.188846,
    "team:DET": 0.294,
    "team:CHI": -0.3,
    "team:NJD": 0.0168,
    "team:NYI": -0.294,
    "team:TOR": -0.3,
    "team:OTT": 0.3,
    "team:PHI": 0.28812,
    "team:DAL": -0.063771,
    "team:MIN": 0.028126,
    "team:WPG": -0.294,
    "team:EDM": 0.294,
    "team:NSH": -0.026852,
    "team:CGY": -0.2442,
    "team:SEA": -0.0442,
    "team:VGK": -0.1832,
    "team:LAK": 0.206486,
    "team:FLA": 0.3,
    "team:VAN": 0.0168,
    "team:WSH": 0.294,
    "team:SJS": -0.062426,
    "team:STL": -0.046256,
    "team:COL": 0.1553
  }
}