{
  "ml_home": {
    "team:CBJ": -0.043407,
    "div:Metropolitan": 0.049,
    "conf:East": -0.05,
    "team:MTL": -0.040854,
    "div:Atlantic": -0.05,
    "team:CAR": 0.04706,
    "team:ANA": -0.042539,
    "div:Pacific": -0.05,
    "conf:West": -0.05,
    "team:NYR": 0.037682,
    "team:DET": -0.035029,
    "team:BUF": -0.04802,
    "team:NJD": 0.042539,
    "team:TOR": -0.040854,
    "team:DAL": 0.04706,
    "div:Central": -0.049,
    "team:WPG": -0.044293,
    "team:NSH": -0.044293,
    "team:CGY": 0.044293,
    "team:VGK": -0.04802,
    "team:EDM": -0.049,
    "team:VAN": 0.043407,
    "team:WSH": 0.042539,
    "team:MIN": -0.049,
    "team:TBL": 0.04802,
    "team:PIT": -0.04706,
    "team:NYI": -0.043407,
    "team:SJS": -0.040854,
    "team:PHI": 0.049,
    "team:LAK": -0.02108,
    "team:STL": 0.042234,
    "team:COL": 0.04802,
    "team:SEA": 0.040854,
    "team:UTA": -0.044293,
    "team:CHI": -0.040854,
    "team:BOS": -0.05,
    "team:FLA": 0.034756,
    "team:OTT": -0.05
  },
  "goals": {
    "team:CBJ": -0.260438,
    "div:Metropolitan": -0.2743,
    "conf:East": -0.3,
    "team:BUF": -0.0182,
    "div:Atlantic": -0.3,
    "team:MTL": -0.158466,
    "team:PIT": -0.294,
    "team:CAR": -0.3,
    "team:TBL": -0.197746,
    "team:ANA": 0.294,
    "div:Pacific": 0.0115,
    "conf:West": 0.1855,
    "team:UTA": -0.142235,
    "div:Central": 0.1547,
    "team:NYR": -0.245122,
    "team:BOS": -0.3,
    "team:DET": 0.167828,
    "team:CHI": -0.216524,
    "team:NJD": -0.260438,
    "team:NYI": -0.260438,
    "team:TOR": -0.067817,
    "team:OTT": -0.3,
    "team:PHI": 0.294,
    "team:DAL": 0.133182,
    "team:MIN": -0.016856,
    "team:WPG": -0.265753,
    "team:EDM": 0.294,
    "team:NSH": -0.042431,
    "team:CGY": -0.231913,
    "team:SEA": -0.265753,
    "team:VGK": -0.115632,
    "team:LAK": -0.3,
    "team:FLA": 0.245122,
    "team:VAN": -0.169551,
    "team:WSH": -0.106172,
    "team:SJS": 0.265753,
    "team:STL": 0.265753,
    "team:COL": -0.0542
  }
}