{
  "ml_home": {
    "team:CBJ": 0.05,
    "div:Metropolitan": 0.05,
    "conf:East": 0.05,
    "team:MTL": -0.036928,
    "div:Atlantic": 0.049,
    "team:CAR": -0.049,
    "team:ANA": -0.03338,
    "div:Pacific": -0.049,
    "conf:West": -0.049,
    "team:NYR": -0.042539,
    "team:DET": 0.045197,
    "team:BUF": -0.049,
    "team:NJD": 0.04706,
    "team:TOR": 0.049,
    "team:DAL": 0.049,
    "div:Central": 0.049,
    "team:WPG": -0.04706,
    "team:NSH": -0.049,
    "team:CGY": 0.04706,
    "team:VGK": 0.036928,
    "team:EDM": 0.049,
    "team:VAN": -0.049,
    "team:WSH": -0.045197,
    "team:MIN": -0.049,
    "team:TBL": 0.04706,
    "team:PIT": 0.017133,
    "team:NYI": 0.042539,
    "team:SJS": -0.049,
    "team:PHI": 0.049,
    "team:LAK": -0.036928,
    "team:STL": -0.049,
    "team:COL": 0.049,
    "team:SEA": -0.041434,
    "team:UTA": 0.039236,
    "team:CHI": 0.049,
    "team:BOS": 0.049,
    "team:FLA": -0.049,
    "team:OTT": 0.04802
  },
  "goals": {
    "team:CBJ": 0.3,
    "div:Metropolitan": 0.3,
    "conf:East": 0.2516,
    "team:BUF": 0.194726,
    "div:Atlantic": 0.2468,
    "team:MTL": 0.294,
    "team:PIT": 0.046746,
    "team:CAR": 0.043316,
    "team:TBL": 0.17836,
    "team:ANA": 0.187964,
    "div:Pacific": 0.075362,
    "conf:West": 0.075362,
    "team:UTA": 0.17248,
    "div:Central": 0.24745,
    "team:NYR": -0.294,
    "team:BOS": 0.294,
    "team:DET": 0.294,
    "team:CHI": 0.294,
    "team:NJD": 0.294,
    "team:NYI": -0.008036,
    "team:TOR": 0.2412,
    "team:OTT": 0.242746,
    "team:PHI": 0.00588,
    "team:DAL": -0.294,
    "team:MIN": 0.23814,
    "team:WPG": 0.09702,
    "team:EDM": 0.294,
    "team:NSH": -0.294,
    "team:CGY": 0.23814,
    "team:SEA": -0.084966,
    "team:VGK": 0.294,
    "team:LAK": 0.259994,
    "team:FLA": -0.077518,
    "team:VAN": -0.294,
    "team:WSH": -0.294,
    "team:SJS": 0.23814,
    "team:STL": -0.046648,
    "team:COL": 0.294
  }
}