{
  "ml_home": {
    "team:CBJ": 0.04706,
    "div:Metropolitan": 0.04706,
    "conf:East": 0.05,
    "team:MTL": -0.036189,
    "div:Atlantic": 0.05,
    "team:CAR": -0.036189,
    "team:ANA": 0.034061,
    "div:Pacific": -0.0492,
    "conf:West": -0.05,
    "team:NYR": -0.034756,
    "team:DET": 0.035465,
    "team:BUF": 0.00721,
    "team:NJD": 0.034756,
    "team:TOR": -0.05,
    "team:DAL": 0.046119,
    "div:Central": -0.05,
    "team:WPG": -0.04706,
    "team:NSH": -0.04706,
    "team:CGY": -0.05,
    "team:VGK": 0.028979,
    "team:EDM": 0.04706,
    "team:VAN": -0.05,
    "team:WSH": 0.034061,
    "team:MIN": -0.04706,
    "team:TBL": 0.02567,
    "team:PIT": -0.034061,
    "team:NYI": -0.04706,
    "team:SJS": 0.046119,
    "team:PHI": -0.03338,
    "team:LAK": -0.034756,
    "team:STL": -0.04706,
    "team:COL": -0.046119,
    "team:SEA": 0.05,
    "team:UTA": 0.034061,
    "team:CHI": -0.05,
    "team:BOS": 0.04706,
    "team:FLA": 0.025157,
    "team:OTT": 0.05
  },
  "goals": {
    "team:CBJ": 0.282358,
    "div:Metropolitan": -0.2537,
    "conf:East": 0.3,
    "team:BUF": 0.282358,
    "div:Atlantic": 0.3,
    "team:MTL": -0.122637,
    "team:PIT": 0.0783,
    "team:CAR": 0.040001,
    "team:TBL": 0.143814,
    "team:ANA": 0.3,
    "div:Pacific": -0.0167,
    "conf:West": -0.0167,
    "team:UTA": 0.282358,
    "div:Central": -0.3,
    "team:NYR": -0.276711,
    "team:BOS": 0.181368,
    "team:DET": 0.282358,
    "team:CHI": -0.3,
    "team:NJD": -0.3,
    "team:NYI": -0.282358,
    "team:TOR": -0.3,
    "team:OTT": 0.3,
    "team:PHI": 0.276711,
    "team:DAL": -0.061246,
    "team:MIN": 0.027012,
    "team:WPG": -0.282358,
    "team:EDM": 0.282358,
    "team:NSH": -0.025789,
    "team:CGY": -0.1746,
    "team:SEA": 0.3,
    "team:VGK": -0.3,
    "team:LAK": 0.198309,
    "team:FLA": 0.3,
    "team:VAN": -0.3,
    "team:WSH": 0.282358,
    "team:SJS": -0.059953,
    "team:STL": -0.044424,
    "team:COL": 0.3
  }
}