{
  "ml_home": {
    "team:CBJ": 0.042539,
    "div:Metropolitan": 0.03756,
    "conf:East": 0.03756,
    "team:MTL": -0.045197,
    "div:Atlantic": 0.049,
    "team:CAR": -0.042539,
    "team:ANA": -0.042539,
    "div:Pacific": -0.05,
    "conf:West": -0.05,
    "team:NYR": -0.049,
    "team:DET": 0.045197,
    "team:BUF": -0.04802,
    "team:NJD": 0.038451,
    "team:TOR": -0.049,
    "team:DAL": 0.038451,
    "div:Central": -0.05,
    "team:WPG": 0.045996,
    "team:NSH": -0.038451,
    "team:CGY": -0.05,
    "team:VGK": -0.05,
    "team:EDM": 0.046119,
    "team:VAN": 0.05,
    "team:WSH": -0.049,
    "team:MIN": -0.045197,
    "team:TBL": 0.049,
    "team:PIT": 0.05,
    "team:NYI": -0.046119,
    "team:SJS": -0.04802,
    "team:PHI": -0.049,
    "team:LAK": -0.04706,
    "team:STL": 0.049,
    "team:COL": 0.04706,
    "team:SEA": 0.04802,
    "team:UTA": 0.049,
    "team:CHI": -0.05
  },
  "goals": {
    "team:CBJ": -0.171579,
    "div:Metropolitan": 0.3,
    "conf:East": 0.3,
    "team:BUF": 0.3,
    "div:Atlantic": -0.0345,
    "team:MTL": -0.028048,
    "team:PIT": 0.3,
    "team:CAR": 0.165289,
    "team:TBL": 0.294,
    "team:ANA": 0.28812,
    "div:Pacific": -0.0393,
    "conf:West": -0.0393,
    "team:UTA": -0.294,
    "div:Central": 0.2938,
    "team:NYR": -0.175028,
    "team:BOS": 0.22589,
    "team:DET": -0.12887,
    "team:CHI": -0.1958,
    "team:NJD": 0.221382,
    "team:NYI": 0.22246,
    "team:TOR": -0.294,
    "team:OTT": -0.294,
    "team:PHI": -0.173068,
    "team:DAL": -0.158874,
    "team:MIN": -0.2162,
    "team:WPG": 0.3,
    "team:EDM": -0.3,
    "team:NSH": -0.282358,
    "team:CGY": -0.0298,
    "team:SEA": 0.208791,
    "team:VGK": -0.3,
    "team:LAK": -0.294,
    "team:FLA": 0.008232,
    "team:VAN": 0.2312,
    "team:WSH": -0.175028,
    "team:SJS": -0.0298,
    "team:STL": 0.294,
    "team:COL": -0.232417
  }
}