{
  "ml_home": {
    "team:CBJ": -0.049,
    "div:Metropolitan": -0.049,
    "conf:East": -0.049,
    "team:MTL": -0.046119,
    "div:Atlantic": 0.049,
    "team:CAR": 0.044293,
    "team:ANA": -0.04802,
    "div:Pacific": 0.05,
    "conf:West": 0.05,
    "team:NYR": 0.042539,
    "team:DET": -0.039543,
    "team:BUF": 0.045197,
    "team:NJD": 0.04802,
    "team:TOR": -0.046119,
    "team:DAL": 0.046119,
    "div:Central": 0.00934,
    "team:WPG": -0.05,
    "team:NSH": -0.05,
    "team:CGY": 0.05,
    "team:VGK": 0.039236,
    "team:EDM": 0.00882,
    "team:VAN": 0.049,
    "team:WSH": 0.04802,
    "team:MIN": 0.049,
    "team:TBL": 0.040854,
    "team:PIT": -0.046119,
    "team:NYI": -0.049,
    "team:SJS": -0.046119,
    "team:PHI": 0.049,
    "team:LAK": 0.046119,
    "team:STL": 0.047677,
    "team:COL": 0.01244,
    "team:SEA": 0.046119,
    "team:UTA": -0.05,
    "team:CHI": -0.046119,
    "team:BOS": 0.049,
    "team:FLA": 0.039236,
    "team:OTT": 0.045197
  },
  "goals": {
    "team:CBJ": -0.294,
    "div:Metropolitan": 0.130242,
    "conf:East": 0.130242,
    "team:BUF": 0.271177,
    "div:Atlantic": -0.031066,
    "team:MTL": -0.129066,
    "team:PIT": 0.134946,
    "team:CAR": -0.001176,
    "team:TBL": -0.276711,
    "team:ANA": 0.2753,
    "div:Pacific": -0.3,
    "conf:West": -0.3,
    "team:UTA": 0.0814,
    "div:Central": -0.3,
    "team:NYR": -0.276711,
    "team:BOS": -0.01127,
    "team:DET": 0.189455,
    "team:CHI": -0.244428,
    "team:NJD": -0.294,
    "team:NYI": -0.294,
    "team:TOR": -0.076557,
    "team:OTT": 0.07251,
    "team:PHI": 0.294,
    "team:DAL": 0.00498,
    "team:MIN": -0.170128,
    "team:WPG": -0.3,
    "team:EDM": 0.3,
    "team:NSH": -0.0479,
    "team:CGY": -0.2618,
    "team:SEA": -0.3,
    "team:VGK": -0.053497,
    "team:LAK": -0.3,
    "team:FLA": 0.276711,
    "team:VAN": -0.1914,
    "team:WSH": -0.119854,
    "team:SJS": 0.3,
    "team:STL": 0.3,
    "team:COL": -0.3
  }
}