{
  "ml_home": {
    "team:CBJ": 0.033298,
    "div:Metropolitan": 0.049,
    "conf:East": 0.049,
    "team:MTL": 0.036245,
    "div:Atlantic": 0.049,
    "team:CAR": -0.040854,
    "team:ANA": 0.040434,
    "div:Pacific": -0.04827,
    "conf:West": -0.04827,
    "team:NYR": 0.03722,
    "team:DET": 0.045817,
    "team:BUF": 0.04802,
    "team:NJD": 0.049,
    "team:TOR": -0.044681,
    "team:DAL": -0.043407,
    "div:Central": 0.045011,
    "team:WPG": -0.04802,
    "team:NSH": -0.04804,
    "team:CGY": 0.04706,
    "team:VGK": 0.043407,
    "team:EDM": -0.05,
    "team:VAN": -0.04802,
    "team:WSH": 0.049,
    "team:MIN": 0.044293,
    "team:TBL": 0.049,
    "team:PIT": -0.04706,
    "team:NYI": 0.037167,
    "team:SJS": 0.04802,
    "team:PHI": 0.04706,
    "team:LAK": 0.049,
    "team:STL": -0.040854,
    "team:COL": 0.045197,
    "team:SEA": 0.040854,
    "team:UTA": 0.049,
    "team:CHI": -0.04802,
    "team:BOS": -0.042539,
    "team:FLA": -0.04706,
    "team:OTT": -0.040854
  },
  "goals": {
    "team:CBJ": -0.294,
    "div:Metropolitan": -0.1666,
    "conf:East": -0.1666,
    "team:BUF": 0.28812,
    "div:Atlantic": -0.1666,
    "team:MTL": 0.282358,
    "team:PIT": -0.282358,
    "team:CAR": -0.257771,
    "team:TBL": 0.21609,
    "team:ANA": 0.025224,
    "div:Pacific": -0.2449,
    "conf:West": 0.3,
    "team:UTA": 0.199136,
    "div:Central": 0.3,
    "team:NYR": -0.23569,
    "team:BOS": -0.28812,
    "team:DET": -0.042238,
    "team:CHI": -0.28812,
    "team:NJD": 0.003136,
    "team:NYI": -0.28812,
    "team:TOR": -0.282358,
    "team:OTT": -0.294,
    "team:PHI": -0.294,
    "team:DAL": 0.3,
    "team:MIN": 0.209271,
    "team:WPG": -0.28812,
    "team:EDM": 0.2161,
    "team:NSH": -0.23569,
    "team:CGY": 0.28812,
    "team:SEA": -0.28812,
    "team:VGK": -0.294,
    "team:LAK": -0.294,
    "team:FLA": 0.294,
    "team:VAN": -0.194481,
    "team:WSH": 0.294,
    "team:SJS": -0.168934,
    "team:STL": -0.294,
    "team:COL": -0.232321
  }
}