{
  "ml_home": {
    "team:CBJ": -0.027831,
    "div:Metropolitan": -0.04706,
    "conf:East": 0.049,
    "team:MTL": 0.049,
    "div:Atlantic": 0.049,
    "team:CAR": 0.041688,
    "team:ANA": 0.049,
    "div:Pacific": 0.049,
    "conf:West": -0.04387,
    "team:NYR": 0.024161,
    "team:DET": -0.02246,
    "team:BUF": -0.046119,
    "team:NJD": 0.027274,
    "team:TOR": -0.026194,
    "team:DAL": -0.036189,
    "div:Central": -0.04542,
    "team:WPG": -0.028399,
    "team:NSH": -0.028399,
    "team:CGY": 0.028399,
    "team:VGK": -0.043407,
    "team:EDM": 0.036189,
    "team:VAN": 0.027831,
    "team:WSH": 0.027274,
    "team:MIN": -0.04542,
    "team:TBL": -0.040854,
    "team:PIT": 0.035465,
    "team:NYI": -0.027831,
    "team:SJS": -0.026194,
    "team:PHI": -0.04706,
    "team:LAK": -0.034756,
    "team:STL": 0.027079,
    "team:COL": 0.042539,
    "team:SEA": 0.026194,
    "team:UTA": -0.038451,
    "team:CHI": -0.026194,
    "team:BOS": -0.038451,
    "team:FLA": 0.022285,
    "team:OTT": -0.03338
  },
  "goals": {
    "team:CBJ": -0.166986,
    "div:Metropolitan": -0.217698,
    "conf:East": 0.019208,
    "team:BUF": -0.294,
    "div:Atlantic": 0.019208,
    "team:MTL": 0.294,
    "team:PIT": -0.221572,
    "team:CAR": 0.075766,
    "team:TBL": -0.245122,
    "team:ANA": 0.137886,
    "div:Pacific": 0.215208,
    "conf:West": 0.2835,
    "team:UTA": -0.146651,
    "div:Central": 0.1383,
    "team:NYR": -0.157166,
    "team:BOS": -0.230708,
    "team:DET": 0.107605,
    "team:CHI": -0.138831,
    "team:NJD": -0.166986,
    "team:NYI": -0.166986,
    "team:TOR": -0.043483,
    "team:OTT": -0.200284,
    "team:PHI": -0.282358,
    "team:DAL": -0.226094,
    "team:MIN": 0.0042,
    "team:WPG": -0.170394,
    "team:EDM": -0.00098,
    "team:NSH": -0.027203,
    "team:CGY": -0.148693,
    "team:SEA": -0.170394,
    "team:VGK": 0.142492,
    "team:LAK": -0.208542,
    "team:FLA": 0.157166,
    "team:VAN": -0.108711,
    "team:WSH": -0.068076,
    "team:SJS": 0.170394,
    "team:STL": 0.170394,
    "team:COL": 0.2256
  }
}