{
  "ml_home": {
    "team:CBJ": -0.026729,
    "div:Metropolitan": -0.045197,
    "conf:East": -0.049,
    "team:MTL": -0.049,
    "div:Atlantic": -0.049,
    "team:CAR": 0.040037,
    "team:ANA": 0.04706,
    "div:Pacific": 0.049,
    "conf:West": 0.05,
    "team:NYR": 0.023204,
    "team:DET": -0.021571,
    "team:BUF": -0.044293,
    "team:NJD": 0.026194,
    "team:TOR": -0.025157,
    "team:DAL": -0.034756,
    "div:Central": 0.0234,
    "team:WPG": -0.027274,
    "team:NSH": -0.027274,
    "team:CGY": 0.027274,
    "team:VGK": 0.049,
    "team:EDM": 0.034756,
    "team:VAN": 0.026729,
    "team:WSH": 0.026194,
    "team:MIN": -0.043622,
    "team:TBL": -0.039236,
    "team:PIT": 0.034061,
    "team:NYI": -0.026729,
    "team:SJS": -0.025157,
    "team:PHI": -0.045197,
    "team:LAK": -0.03338,
    "team:STL": 0.026006,
    "team:COL": 0.05,
    "team:SEA": 0.025157,
    "team:UTA": -0.036928,
    "team:CHI": -0.025157,
    "team:BOS": -0.036928,
    "team:FLA": 0.021402,
    "team:OTT": -0.032058
  },
  "goals": {
    "team:CBJ": -0.160373,
    "div:Metropolitan": -0.209077,
    "conf:East": -0.184632,
    "team:BUF": -0.247842,
    "div:Atlantic": -0.184632,
    "team:MTL": 0.00784,
    "team:PIT": -0.212798,
    "team:CAR": 0.072766,
    "team:TBL": -0.235416,
    "team:ANA": -0.112014,
    "div:Pacific": -0.103292,
    "conf:West": 0.0825,
    "team:UTA": -0.140844,
    "div:Central": 0.2068,
    "team:NYR": -0.150943,
    "team:BOS": -0.221572,
    "team:DET": 0.103344,
    "team:CHI": -0.133333,
    "team:NJD": -0.160373,
    "team:NYI": -0.160373,
    "team:TOR": -0.041761,
    "team:OTT": -0.192352,
    "team:PHI": -0.271177,
    "team:DAL": -0.217141,
    "team:MIN": -0.018,
    "team:WPG": -0.163646,
    "team:EDM": -0.000941,
    "team:NSH": -0.026126,
    "team:CGY": -0.142805,
    "team:SEA": -0.163646,
    "team:VGK": 0.087514,
    "team:LAK": -0.200284,
    "team:FLA": 0.150943,
    "team:VAN": -0.104406,
    "team:WSH": -0.06538,
    "team:SJS": 0.163646,
    "team:STL": 0.163646,
    "team:COL": 0.3
  }
}