{
  "ml_home": {
    "team:CBJ": 0.045197,
    "div:Metropolitan": 0.05,
    "conf:East": 0.04355,
    "team:MTL": -0.04802,
    "div:Atlantic": 0.04355,
    "team:CAR": -0.045197,
    "team:ANA": -0.045197,
    "div:Pacific": -0.05,
    "conf:West": 0.05,
    "team:NYR": -0.04802,
    "team:DET": 0.04802,
    "team:BUF": 0.05,
    "team:NJD": 0.040854,
    "team:TOR": -0.05,
    "team:DAL": 0.040854,
    "div:Central": 0.05,
    "team:WPG": 0.04887,
    "team:NSH": -0.040854,
    "team:CGY": 0.040854,
    "team:VGK": 0.04802,
    "team:EDM": 0.049,
    "team:VAN": 0.049,
    "team:WSH": 0.04802,
    "team:MIN": -0.04802,
    "team:TBL": 0.05,
    "team:PIT": 0.05,
    "team:NYI": -0.049,
    "team:SJS": -0.049,
    "team:PHI": -0.05,
    "team:LAK": -0.05,
    "team:STL": -0.05,
    "team:COL": 0.05
  },
  "goals": {
    "team:CBJ": -0.1823,
    "div:Metropolitan": -0.1593,
    "conf:East": 0.1693,
    "team:BUF": 0.1702,
    "div:Atlantic": 0.3,
    "team:MTL": -0.0298,
    "team:PIT": 0.0276,
    "team:CAR": 0.175616,
    "team:TBL": 0.3,
    "team:ANA": 0.1838,
    "div:Pacific": -0.0288,
    "conf:West": -0.2307,
    "team:UTA": -0.28812,
    "div:Central": -0.0393,
    "team:NYR": 0.28812,
    "team:BOS": 0.3,
    "team:DET": -0.1712,
    "team:CHI": 0.0046,
    "team:NJD": 0.294,
    "team:NYI": 0.035084,
    "team:TOR": 0.0312,
    "team:OTT": -0.017405,
    "team:PHI": -0.2298,
    "team:DAL": -0.1688,
    "team:MIN": -0.28812,
    "team:WPG": -0.0345,
    "team:EDM": -0.020384,
    "team:NSH": -0.3,
    "team:CGY": -0.3,
    "team:SEA": 0.021462,
    "team:VGK": -0.290668,
    "team:LAK": -0.0053,
    "team:FLA": 0.271177,
    "team:VAN": 0.195118,
    "team:WSH": 0.28812,
    "team:SJS": -0.294,
    "team:STL": -0.1993,
    "team:COL": 0.2007
  }
}