{
  "ml_home": {
    "team:CBJ": -0.030173,
    "div:Metropolitan": -0.041153,
    "conf:East": -0.05,
    "team:MTL": -0.041688,
    "div:Atlantic": -0.05,
    "team:CAR": 0.045197,
    "team:ANA": -0.05,
    "div:Pacific": -0.05,
    "conf:West": -0.05,
    "team:NYR": 0.026194,
    "team:DET": -0.02435,
    "team:BUF": -0.05,
    "team:NJD": 0.02957,
    "team:TOR": -0.028399,
    "team:DAL": -0.039236,
    "div:Central": 0.046119,
    "team:WPG": -0.030789,
    "team:NSH": -0.030789,
    "team:CGY": 0.030789,
    "team:VGK": -0.04706,
    "team:EDM": 0.039236,
    "team:VAN": 0.030173,
    "team:WSH": 0.02957,
    "team:MIN": 0.040854,
    "team:TBL": -0.044293,
    "team:PIT": 0.038451,
    "team:NYI": -0.030173,
    "team:SJS": -0.028399,
    "team:PHI": -0.04802,
    "team:LAK": -0.037682,
    "team:STL": 0.029358,
    "team:COL": 0.046119,
    "team:SEA": 0.028399,
    "team:UTA": -0.041688,
    "team:CHI": -0.028399,
    "team:BOS": -0.041688,
    "team:FLA": 0.024161,
    "team:OTT": -0.036189
  },
  "goals": {
    "team:CBJ": -0.18104,
    "div:Metropolitan": -0.056952,
    "conf:East": 0.1411,
    "team:BUF": -0.3,
    "div:Atlantic": 0.1411,
    "team:MTL": 0.3,
    "team:PIT": -0.24022,
    "team:CAR": 0.127925,
    "team:TBL": -0.265753,
    "team:ANA": -0.3,
    "div:Pacific": 0.3,
    "conf:West": 0.3,
    "team:UTA": -0.158994,
    "div:Central": 0.018724,
    "team:NYR": -0.170394,
    "team:BOS": -0.250124,
    "team:DET": 0.116662,
    "team:CHI": -0.150515,
    "team:NJD": -0.18104,
    "team:NYI": -0.18104,
    "team:TOR": -0.047143,
    "team:OTT": -0.217141,
    "team:PHI": -0.28812,
    "team:DAL": -0.245122,
    "team:MIN": 0.009962,
    "team:WPG": -0.184735,
    "team:EDM": -0.001062,
    "team:NSH": -0.029493,
    "team:CGY": -0.161209,
    "team:SEA": -0.184735,
    "team:VGK": 0.3,
    "team:LAK": -0.226094,
    "team:FLA": 0.170394,
    "team:VAN": -0.117861,
    "team:WSH": -0.073806,
    "team:SJS": 0.184735,
    "team:STL": 0.184735,
    "team:COL": 0.276711
  }
}