{
  "ml_home": {
    "team:CBJ": -0.05,
    "div:Metropolitan": -0.0467,
    "conf:East": -0.0467,
    "team:MTL": 0.044293,
    "div:Atlantic": 0.05,
    "team:CAR": -0.04802,
    "team:ANA": -0.049,
    "div:Pacific": 0.05,
    "conf:West": 0.03976,
    "team:NYR": 0.05,
    "team:DET": -0.046119,
    "team:BUF": 0.05,
    "team:NJD": 0.04802,
    "team:TOR": 0.019073,
    "team:DAL": -0.042539,
    "div:Central": -0.05,
    "team:WPG": -0.032581,
    "team:NSH": -0.046119,
    "team:CGY": 0.023789,
    "team:VGK": 0.010623,
    "team:EDM": 0.05,
    "team:VAN": -0.044293,
    "team:WSH": 0.05,
    "team:MIN": 0.038451,
    "team:TBL": -0.05,
    "team:PIT": 0.04188,
    "team:NYI": -0.049,
    "team:SJS": 0.049,
    "team:PHI": 0.04802,
    "team:LAK": -0.046119,
    "team:STL": 0.046119,
    "team:COL": 0.011995,
    "team:SEA": -0.023857,
    "team:UTA": -0.044293,
    "team:CHI": -0.05,
    "team:BOS": 0.05,
    "team:FLA": 0.05,
    "team:OTT": -0.044293
  },
  "goals": {
    "team:CBJ": -0.3,
    "div:Metropolitan": 0.3,
    "conf:East": 0.3,
    "team:BUF": 0.1173,
    "div:Atlantic": -0.2543,
    "team:MTL": 0.2264,
    "team:PIT": 0.3,
    "team:CAR": 0.1438,
    "team:TBL": -0.3,
    "team:ANA": 0.12544,
    "div:Pacific": -0.3,
    "conf:West": -0.3,
    "team:UTA": 0.276711,
    "div:Central": 0.2878,
    "team:NYR": 0.2798,
    "team:BOS": 0.3,
    "team:DET": -0.3,
    "team:CHI": -0.1979,
    "team:NJD": -0.1952,
    "team:NYI": 0.0422,
    "team:TOR": 0.217462,
    "team:OTT": -0.1464,
    "team:PHI": 0.0085,
    "team:DAL": -0.2562,
    "team:MIN": -0.155418,
    "team:WPG": 0.3,
    "team:EDM": 0.1956,
    "team:NSH": -0.28812,
    "team:CGY": 0.003038,
    "team:SEA": -0.3,
    "team:VGK": 0.15925,
    "team:LAK": -0.24535,
    "team:FLA": 0.3,
    "team:VAN": -0.294,
    "team:WSH": 0.3,
    "team:SJS": 0.18179,
    "team:STL": 0.280966,
    "team:COL": 0.294
  }
}