{
  "ml_home": {
    "team:CBJ": -0.043407,
    "div:Metropolitan": -0.04802,
    "conf:East": -0.05,
    "team:MTL": -0.05,
    "div:Atlantic": -0.05,
    "team:CAR": -0.046119,
    "team:ANA": -0.042539,
    "div:Pacific": 0.05,
    "conf:West": 0.05,
    "team:NYR": 0.044293,
    "team:DET": -0.039236,
    "team:BUF": -0.0177,
    "team:NJD": 0.04802,
    "team:TOR": 0.046119,
    "team:DAL": 0.04802,
    "div:Central": -0.05,
    "team:WPG": 0.05,
    "team:NSH": -0.036928,
    "team:CGY": 0.040037,
    "team:VGK": 0.04802,
    "team:EDM": 0.05,
    "team:VAN": -0.025211,
    "team:WSH": -0.04802,
    "team:MIN": -0.05,
    "team:TBL": -0.04802,
    "team:PIT": 0.042539,
    "team:NYI": -0.01286,
    "team:SJS": -0.040037,
    "team:PHI": -0.04802,
    "team:LAK": -0.040037,
    "team:STL": 0.040585,
    "team:COL": -0.044293,
    "team:SEA": 0.05,
    "team:UTA": -0.04802,
    "team:CHI": 0.043407,
    "team:BOS": -0.046119,
    "team:FLA": 0.046119,
    "team:OTT": 0.05
  },
  "goals": {
    "team:CBJ": -0.28812,
    "div:Metropolitan": -0.060217,
    "conf:East": 0.0176,
    "team:BUF": -0.16442,
    "div:Atlantic": 0.0176,
    "team:MTL": -0.1185,
    "team:PIT": 0.175273,
    "team:CAR": 0.02766,
    "team:TBL": -0.081058,
    "team:ANA": 0.1329,
    "div:Pacific": 0.3,
    "conf:West": 0.3,
    "team:UTA": -0.243173,
    "div:Central": -0.3,
    "team:NYR": 0.28812,
    "team:BOS": -0.184109,
    "team:DET": -0.28812,
    "team:CHI": -0.28812,
    "team:NJD": 0.28812,
    "team:NYI": -0.214361,
    "team:TOR": 0.3,
    "team:OTT": 0.3,
    "team:PHI": -0.28812,
    "team:DAL": 0.199571,
    "team:MIN": -0.3,
    "team:WPG": -0.1736,
    "team:EDM": -0.1712,
    "team:NSH": -0.3,
    "team:CGY": -0.106316,
    "team:SEA": 0.3,
    "team:VGK": 0.28812,
    "team:LAK": -0.002017,
    "team:FLA": -0.3,
    "team:VAN": -0.250568,
    "team:WSH": -0.28812,
    "team:SJS": 0.3,
    "team:STL": -0.3,
    "team:COL": -0.184589
  }
}