{
  "ml_home": {
    "team:CBJ": 0.033978,
    "div:Metropolitan": 0.05,
    "conf:East": 0.05,
    "team:MTL": 0.036985,
    "div:Atlantic": 0.05,
    "team:CAR": -0.041688,
    "team:ANA": 0.041259,
    "div:Pacific": 0.05,
    "conf:West": 0.05,
    "team:NYR": 0.03798,
    "team:DET": 0.046752,
    "team:BUF": 0.049,
    "team:NJD": 0.05,
    "team:TOR": -0.045593,
    "team:DAL": -0.044293,
    "div:Central": 0.04593,
    "team:WPG": -0.049,
    "team:NSH": -0.04902,
    "team:CGY": 0.04802,
    "team:VGK": 0.044293,
    "team:EDM": 0.036928,
    "team:VAN": -0.049,
    "team:WSH": 0.05,
    "team:MIN": 0.045197,
    "team:TBL": 0.05,
    "team:PIT": -0.04802,
    "team:NYI": 0.037926,
    "team:SJS": 0.049,
    "team:PHI": 0.04802,
    "team:LAK": 0.05,
    "team:STL": -0.041688,
    "team:COL": 0.046119,
    "team:SEA": 0.041688,
    "team:UTA": 0.05,
    "team:CHI": -0.049,
    "team:BOS": -0.043407,
    "team:FLA": -0.04802,
    "team:OTT": -0.041688
  },
  "goals": {
    "team:CBJ": -0.3,
    "div:Metropolitan": -0.17,
    "conf:East": -0.17,
    "team:BUF": 0.294,
    "div:Atlantic": -0.17,
    "team:MTL": 0.28812,
    "team:PIT": -0.28812,
    "team:CAR": -0.263032,
    "team:TBL": 0.2205,
    "team:ANA": 0.025739,
    "div:Pacific": -0.3,
    "conf:West": -0.3,
    "team:UTA": 0.2032,
    "div:Central": 0.19,
    "team:NYR": -0.2405,
    "team:BOS": -0.294,
    "team:DET": -0.0431,
    "team:CHI": -0.294,
    "team:NJD": 0.0032,
    "team:NYI": -0.294,
    "team:TOR": -0.28812,
    "team:OTT": -0.3,
    "team:PHI": -0.3,
    "team:DAL": -0.05724,
    "team:MIN": 0.213542,
    "team:WPG": -0.294,
    "team:EDM": 0.28812,
    "team:NSH": -0.2405,
    "team:CGY": 0.294,
    "team:SEA": -0.294,
    "team:VGK": -0.3,
    "team:LAK": -0.3,
    "team:FLA": 0.3,
    "team:VAN": -0.19845,
    "team:WSH": 0.3,
    "team:SJS": -0.172382,
    "team:STL": -0.3,
    "team:COL": -0.237062
  }
}