{
  "ml_home": {
    "team:CBJ": 0.04706,
    "div:Metropolitan": 0.04265,
    "conf:East": 0.01629,
    "team:MTL": -0.049,
    "div:Atlantic": -0.02517,
    "team:CAR": 0.049,
    "team:ANA": 0.05,
    "div:Pacific": 0.02904,
    "conf:West": 0.05,
    "team:NYR": -0.049,
    "team:DET": -0.038451,
    "team:BUF": -0.038451,
    "team:NJD": -0.04802,
    "team:TOR": -0.03338,
    "team:DAL": 0.04802,
    "div:Central": 0.05,
    "team:WPG": -0.04706,
    "team:NSH": 0.009241,
    "team:CGY": 0.04706,
    "team:VGK": 0.04706,
    "team:EDM": -0.045197,
    "team:VAN": -0.04802,
    "team:WSH": 0.05,
    "team:MIN": 0.042539,
    "team:TBL": 0.04802,
    "team:PIT": 0.048059,
    "team:NYI": 0.045197,
    "team:SJS": -0.049,
    "team:PHI": 0.045197,
    "team:LAK": -0.049,
    "team:STL": 0.049,
    "team:COL": -0.02452,
    "team:SEA": 0.036928,
    "team:UTA": 0.05,
    "team:CHI": 0.042539,
    "team:BOS": 0.049,
    "team:FLA": -0.02402,
    "team:OTT": -0.049
  },
  "goals": {
    "team:CBJ": 0.006076,
    "div:Metropolitan": -0.1159,
    "conf:East": -0.1981,
    "team:BUF": -0.144,
    "div:Atlantic": -0.2439,
    "team:MTL": 0.202076,
    "team:PIT": 0.294,
    "team:CAR": 0.294,
    "team:TBL": 0.294,
    "team:ANA": 0.3,
    "div:Pacific": 0.3,
    "conf:West": 0.3,
    "team:UTA": 0.3,
    "div:Central": 0.1884,
    "team:NYR": -0.03528,
    "team:BOS": 0.294,
    "team:DET": -0.294,
    "team:CHI": -0.294,
    "team:NJD": -0.294,
    "team:NYI": 0.294,
    "team:TOR": -0.294,
    "team:OTT": -0.294,
    "team:PHI": -0.178948,
    "team:DAL": 0.28812,
    "team:MIN": 0.011,
    "team:WPG": -0.0236,
    "team:EDM": 0.294,
    "team:NSH": 0.294,
    "team:CGY": 0.279006,
    "team:SEA": -0.294,
    "team:VGK": 0.0063,
    "team:LAK": -0.294,
    "team:FLA": 0.011,
    "team:VAN": -0.28812,
    "team:WSH": -0.2165,
    "team:SJS": -0.294,
    "team:STL": 0.294,
    "team:COL": 0.000686
  }
}