{
  "ml_home": {
    "team:CBJ": -0.05,
    "div:Metropolitan": -0.05,
    "conf:East": -0.05,
    "team:MTL": -0.04706,
    "div:Atlantic": 0.05,
    "team:CAR": 0.045197,
    "team:ANA": -0.049,
    "div:Pacific": 0.05,
    "conf:West": 0.05,
    "team:NYR": 0.043407,
    "team:DET": -0.04035,
    "team:BUF": 0.046119,
    "team:NJD": 0.049,
    "team:TOR": -0.04706,
    "team:DAL": 0.04706,
    "div:Central": 0.05,
    "team:WPG": -0.04706,
    "team:NSH": 0.04706,
    "team:CGY": -0.0382,
    "team:VGK": 0.040037,
    "team:EDM": -0.041688,
    "team:VAN": 0.05,
    "team:WSH": 0.049,
    "team:MIN": 0.05,
    "team:TBL": 0.041688,
    "team:PIT": -0.04706,
    "team:NYI": -0.05,
    "team:SJS": -0.04706,
    "team:PHI": 0.05,
    "team:LAK": 0.04706,
    "team:STL": 0.04865,
    "team:COL": -0.04706,
    "team:SEA": 0.04706,
    "team:UTA": 0.05,
    "team:CHI": -0.04706,
    "team:BOS": 0.05,
    "team:FLA": 0.040037,
    "team:OTT": 0.046119
  },
  "goals": {
    "team:CBJ": -0.3,
    "div:Metropolitan": 0.1329,
    "conf:East": 0.1329,
    "team:BUF": 0.276711,
    "div:Atlantic": -0.0317,
    "team:MTL": -0.1317,
    "team:PIT": 0.1377,
    "team:CAR": -0.0012,
    "team:TBL": -0.282358,
    "team:ANA": -0.1252,
    "div:Pacific": -0.0808,
    "conf:West": 0.2129,
    "team:UTA": 0.1377,
    "div:Central": 0.3,
    "team:NYR": -0.282358,
    "team:BOS": -0.0115,
    "team:DET": 0.193321,
    "team:CHI": -0.249416,
    "team:NJD": -0.3,
    "team:NYI": -0.3,
    "team:TOR": -0.078119,
    "team:OTT": 0.07399,
    "team:PHI": 0.3,
    "team:DAL": 0.005082,
    "team:MIN": -0.1736,
    "team:WPG": -0.2323,
    "team:EDM": -0.282358,
    "team:NSH": -0.282358,
    "team:CGY": -0.3,
    "team:SEA": 0.112284,
    "team:VGK": -0.054589,
    "team:LAK": -0.1736,
    "team:FLA": 0.282358,
    "team:VAN": 0.3,
    "team:WSH": -0.1223,
    "team:SJS": -0.249416,
    "team:STL": 0.3,
    "team:COL": -0.253
  }
}