{
  "ml_home": {
    "team:CBJ": 0.046119,
    "div:Metropolitan": 0.05,
    "conf:East": 0.05,
    "team:MTL": -0.046119,
    "div:Atlantic": 0.05,
    "team:CAR": 0.028979,
    "team:ANA": -0.041688,
    "div:Pacific": -0.05,
    "conf:West": -0.03485,
    "team:NYR": -0.036928,
    "team:DET": 0.04706,
    "team:BUF": 0.05,
    "team:NJD": 0.05,
    "team:TOR": -0.049,
    "team:DAL": -0.049,
    "div:Central": 0.049,
    "team:WPG": 0.046119,
    "team:NSH": -0.049,
    "team:CGY": -0.05,
    "team:VGK": 0.046119,
    "team:EDM": 0.028979,
    "team:VAN": -0.034756,
    "team:WSH": 0.049,
    "team:MIN": 0.034756,
    "team:TBL": -0.028979,
    "team:PIT": 0.049,
    "team:NYI": 0.049,
    "team:SJS": -0.046119,
    "team:PHI": 0.046119,
    "team:LAK": -0.046119,
    "team:STL": -0.049,
    "team:COL": 0.012535,
    "team:SEA": 0.028979,
    "team:UTA": 0.049,
    "team:CHI": 0.04706,
    "team:BOS": -0.049,
    "team:FLA": 0.028979,
    "team:OTT": -0.049
  },
  "goals": {
    "team:CBJ": 0.294,
    "div:Metropolitan": 0.3,
    "conf:East": -0.138,
    "team:BUF": 0.3,
    "div:Atlantic": -0.1721,
    "team:MTL": -0.0779,
    "team:PIT": 0.294,
    "team:CAR": 0.276711,
    "team:TBL": -0.276711,
    "team:ANA": 0.294,
    "div:Pacific": -0.2447,
    "conf:West": -0.3,
    "team:UTA": 0.294,
    "div:Central": -0.3,
    "team:NYR": -0.000646,
    "team:BOS": -0.151116,
    "team:DET": -0.1939,
    "team:CHI": -0.282358,
    "team:NJD": 0.3,
    "team:NYI": 0.294,
    "team:TOR": -0.294,
    "team:OTT": -0.142982,
    "team:PHI": -0.276711,
    "team:DAL": -0.294,
    "team:MIN": -0.3,
    "team:WPG": 0.276711,
    "team:EDM": -0.151116,
    "team:NSH": -0.294,
    "team:CGY": -0.3,
    "team:SEA": -0.294,
    "team:VGK": 0.276711,
    "team:LAK": -0.294,
    "team:FLA": 0.202174,
    "team:VAN": -0.294,
    "team:WSH": 0.294,
    "team:SJS": -0.14749,
    "team:STL": -0.294,
    "team:COL": 0.206682
  }
}