{
  "ml_home": {
    "team:CBJ": 0.035379,
    "div:Metropolitan": -0.05,
    "conf:East": -0.05,
    "team:MTL": 0.03851,
    "div:Atlantic": -0.05,
    "team:CAR": -0.043407,
    "team:ANA": 0.04296,
    "div:Pacific": 0.05,
    "conf:West": 0.05,
    "team:NYR": -0.044293,
    "team:DET": 0.04868,
    "team:BUF": 0.038416,
    "team:NJD": -0.038451,
    "team:TOR": -0.047472,
    "team:DAL": -0.046119,
    "div:Central": 0.04362,
    "team:WPG": -0.049,
    "team:NSH": -0.00073,
    "team:CGY": 0.05,
    "team:VGK": 0.046119,
    "team:EDM": 0.038451,
    "team:VAN": -0.04802,
    "team:WSH": -0.05,
    "team:MIN": 0.04706,
    "team:TBL": 0.04802,
    "team:PIT": -0.05,
    "team:NYI": -0.05,
    "team:SJS": -0.03901,
    "team:PHI": 0.05,
    "team:LAK": -0.049,
    "team:STL": -0.043407,
    "team:COL": 0.04802,
    "team:SEA": 0.043407,
    "team:UTA": 0.04521,
    "team:CHI": -0.04802,
    "team:BOS": -0.045197,
    "team:FLA": -0.05,
    "team:OTT": -0.043407
  },
  "goals": {
    "team:CBJ": -0.1237,
    "div:Metropolitan": -0.2424,
    "conf:East": -0.0307,
    "team:BUF": 0.294,
    "div:Atlantic": 0.2274,
    "team:MTL": 0.3,
    "team:PIT": -0.3,
    "team:CAR": 0.183946,
    "team:TBL": 0.3,
    "team:ANA": 0.0268,
    "div:Pacific": 0.1134,
    "conf:West": -0.0547,
    "team:UTA": -0.2431,
    "div:Central": -0.3,
    "team:NYR": -0.3,
    "team:BOS": -0.294,
    "team:DET": -0.0431,
    "team:CHI": 0.002058,
    "team:NJD": -0.2431,
    "team:NYI": -0.2303,
    "team:TOR": -0.3,
    "team:OTT": -0.1889,
    "team:PHI": 0.3,
    "team:DAL": -0.0596,
    "team:MIN": 0.294,
    "team:WPG": 0.209622,
    "team:EDM": 0.3,
    "team:NSH": -0.3,
    "team:CGY": 0.2132,
    "team:SEA": -0.0133,
    "team:VGK": 0.0423,
    "team:LAK": -0.294,
    "team:FLA": -0.156,
    "team:VAN": 0.012869,
    "team:WSH": 0.2178,
    "team:SJS": -0.2083,
    "team:STL": -0.3,
    "team:COL": 0.2178
  }
}