{
  "ml_home": {
    "team:CBJ": 0.04706,
    "div:Metropolitan": 0.03906,
    "conf:East": -0.05,
    "team:MTL": -0.04706,
    "div:Atlantic": -0.05,
    "team:CAR": -0.04706,
    "team:ANA": 0.044293,
    "div:Pacific": -0.05,
    "conf:West": -0.05,
    "team:NYR": -0.045197,
    "team:DET": 0.046119,
    "team:BUF": 0.009375,
    "team:NJD": 0.045197,
    "team:TOR": -0.05,
    "team:DAL": 0.05,
    "div:Central": -0.05,
    "team:WPG": -0.046655,
    "team:NSH": 0.04706,
    "team:CGY": -0.05,
    "team:VGK": 0.037682,
    "team:EDM": -0.04706,
    "team:VAN": -0.05,
    "team:WSH": 0.044293,
    "team:MIN": 0.04706,
    "team:TBL": 0.03338,
    "team:PIT": -0.044293,
    "team:NYI": 0.03338,
    "team:SJS": 0.05,
    "team:PHI": -0.043407,
    "team:LAK": -0.045197,
    "team:STL": 0.044293,
    "team:COL": -0.05,
    "team:SEA": -0.05,
    "team:UTA": 0.044293,
    "team:CHI": -0.05,
    "team:BOS": 0.04706,
    "team:FLA": 0.032712,
    "team:OTT": 0.036675
  },
  "goals": {
    "team:CBJ": -0.173838,
    "div:Metropolitan": -0.1706,
    "conf:East": -0.1706,
    "team:BUF": 0.282358,
    "div:Atlantic": -0.3,
    "team:MTL": -0.180897,
    "team:PIT": 0.282358,
    "team:CAR": -0.222592,
    "team:TBL": -0.3,
    "team:ANA": 0.3,
    "div:Pacific": 0.0411,
    "conf:West": -0.0118,
    "team:UTA": 0.265753,
    "div:Central": -0.2506,
    "team:NYR": -0.3,
    "team:BOS": 0.007247,
    "team:DET": -0.040565,
    "team:CHI": -0.3,
    "team:NJD": 0.3,
    "team:NYI": 0.140406,
    "team:TOR": -0.1059,
    "team:OTT": 0.155485,
    "team:PHI": 0.3,
    "team:DAL": -0.1698,
    "team:MIN": 0.062212,
    "team:WPG": -0.173838,
    "team:EDM": 0.023153,
    "team:NSH": 0.282358,
    "team:CGY": -0.3,
    "team:SEA": -0.3,
    "team:VGK": 0.3,
    "team:LAK": -0.271177,
    "team:FLA": -0.184756,
    "team:VAN": 0.3,
    "team:WSH": -0.1347,
    "team:SJS": -0.1559,
    "team:STL": -0.3,
    "team:COL": 0.0627
  }
}