{
  "ml_home": {
    "team:CBJ": 0.05,
    "div:Metropolitan": 0.05,
    "conf:East": 0.05,
    "team:MTL": -0.03338,
    "div:Atlantic": 0.044293,
    "team:CAR": -0.044293,
    "team:ANA": -0.030173,
    "div:Pacific": -0.044293,
    "conf:West": -0.044293,
    "team:NYR": -0.038451,
    "team:DET": 0.040854,
    "team:BUF": -0.044293,
    "team:NJD": 0.042539,
    "team:TOR": 0.044293,
    "team:DAL": 0.044293,
    "div:Central": 0.044293,
    "team:WPG": -0.042539,
    "team:NSH": -0.044293,
    "team:CGY": 0.042539,
    "team:VGK": 0.03338,
    "team:EDM": 0.044293,
    "team:VAN": -0.044293,
    "team:WSH": -0.040854,
    "team:MIN": -0.044293,
    "team:TBL": 0.042539,
    "team:PIT": 0.015487,
    "team:NYI": 0.038451,
    "team:SJS": -0.044293,
    "team:PHI": 0.044293,
    "team:LAK": -0.03338,
    "team:STL": -0.044293,
    "team:COL": 0.044293,
    "team:SEA": -0.037453,
    "team:UTA": 0.035465,
    "team:CHI": 0.044293,
    "team:BOS": 0.044293,
    "team:FLA": -0.044293,
    "team:OTT": 0.043407
  },
  "goals": {
    "team:CBJ": 0.3,
    "div:Metropolitan": 0.3,
    "conf:East": 0.2363,
    "team:BUF": 0.176017,
    "div:Atlantic": 0.0761,
    "team:MTL": 0.265753,
    "team:PIT": 0.042255,
    "team:CAR": 0.039155,
    "team:TBL": 0.161224,
    "team:ANA": 0.169906,
    "div:Pacific": 0.068121,
    "conf:West": 0.068121,
    "team:UTA": 0.155907,
    "div:Central": 0.223675,
    "team:NYR": -0.265753,
    "team:BOS": 0.265753,
    "team:DET": 0.265753,
    "team:CHI": 0.265753,
    "team:NJD": 0.265753,
    "team:NYI": -0.007264,
    "team:TOR": 0.0744,
    "team:OTT": 0.219423,
    "team:PHI": 0.005315,
    "team:DAL": -0.265753,
    "team:MIN": 0.215259,
    "team:WPG": 0.087698,
    "team:EDM": 0.265753,
    "team:NSH": -0.265753,
    "team:CGY": 0.215259,
    "team:SEA": -0.076804,
    "team:VGK": 0.265753,
    "team:LAK": 0.235014,
    "team:FLA": -0.070071,
    "team:VAN": -0.265753,
    "team:WSH": -0.265753,
    "team:SJS": 0.215259,
    "team:STL": -0.042166,
    "team:COL": 0.265753
  }
}