{
  "ml_home": {
    "team:CBJ": -0.046119,
    "div:Metropolitan": -0.02075,
    "conf:East": -0.05,
    "team:MTL": 0.046119,
    "div:Atlantic": -0.05,
    "team:CAR": 0.046119,
    "team:ANA": 0.049,
    "div:Pacific": -0.04649,
    "conf:West": -0.04649,
    "team:NYR": -0.02306,
    "team:DET": -0.032712,
    "team:BUF": -0.032712,
    "team:NJD": -0.040854,
    "team:TOR": -0.05,
    "team:DAL": 0.046119,
    "div:Central": -0.05,
    "team:WPG": -0.040037,
    "team:NSH": -0.05,
    "team:CGY": 0.040037,
    "team:VGK": 0.040037,
    "team:EDM": -0.038451,
    "team:VAN": -0.04782,
    "team:WSH": 0.043407,
    "team:MIN": -0.049,
    "team:TBL": -0.046119,
    "team:PIT": 0.049,
    "team:NYI": 0.049,
    "team:SJS": 0.049,
    "team:PHI": 0.046119,
    "team:LAK": -0.04959,
    "team:STL": -0.046119,
    "team:COL": 0.046119,
    "team:SEA": 0.05,
    "team:UTA": -0.049,
    "team:CHI": 0.036189,
    "team:BOS": 0.041688,
    "team:FLA": -0.043407,
    "team:OTT": -0.041688
  },
  "goals": {
    "team:CBJ": 0.3,
    "div:Metropolitan": -0.2438,
    "conf:East": -0.3,
    "team:BUF": 0.276711,
    "div:Atlantic": 0.0201,
    "team:MTL": 0.276711,
    "team:PIT": 0.294,
    "team:CAR": -0.1985,
    "team:TBL": -0.276711,
    "team:ANA": 0.08134,
    "div:Pacific": -0.3,
    "conf:West": 0.0171,
    "team:UTA": -0.294,
    "div:Central": 0.3,
    "team:NYR": 0.1249,
    "team:BOS": -0.276711,
    "team:DET": -0.0412,
    "team:CHI": 0.276556,
    "team:NJD": -0.181707,
    "team:NYI": 0.294,
    "team:TOR": -0.3,
    "team:OTT": 0.276711,
    "team:PHI": -0.1252,
    "team:DAL": 0.3,
    "team:MIN": -0.294,
    "team:WPG": -0.294,
    "team:EDM": 0.276711,
    "team:NSH": -0.3,
    "team:CGY": -0.294,
    "team:SEA": 0.0015,
    "team:VGK": -0.294,
    "team:LAK": -0.3,
    "team:FLA": 0.294,
    "team:VAN": -0.3,
    "team:WSH": -0.276711,
    "team:SJS": -0.294,
    "team:STL": -0.193648,
    "team:COL": 0.1374
  }
}