{
  "ml_home": {
    "team:CBJ": 0.046119,
    "div:Metropolitan": 0.025696,
    "conf:East": 0.05,
    "team:MTL": -0.049,
    "div:Atlantic": 0.05,
    "team:CAR": -0.049,
    "team:ANA": 0.049,
    "div:Pacific": -0.05,
    "conf:West": -0.05,
    "team:NYR": -0.049,
    "team:DET": 0.044293,
    "team:BUF": 0.043407,
    "team:NJD": -0.04706,
    "team:TOR": 0.05,
    "team:DAL": 0.049,
    "div:Central": -0.05,
    "team:WPG": 0.04706,
    "team:NSH": 0.044293,
    "team:CGY": 0.05,
    "team:VGK": 0.044293,
    "team:EDM": 0.04802,
    "team:VAN": -0.05,
    "team:WSH": 0.049,
    "team:MIN": -0.041688,
    "team:TBL": -0.04802,
    "team:PIT": -0.041688,
    "team:NYI": 0.046119,
    "team:SJS": -0.025445,
    "team:PHI": -0.035976,
    "team:LAK": 0.026046,
    "team:STL": -0.035351,
    "team:COL": 0.044293,
    "team:SEA": -0.05,
    "team:UTA": -0.05,
    "team:CHI": 0.042539,
    "team:BOS": 0.04802,
    "team:FLA": 0.049,
    "team:OTT": -0.04802
  },
  "goals": {
    "team:CBJ": -0.294,
    "div:Metropolitan": -0.294,
    "conf:East": 0.1466,
    "team:BUF": -0.0378,
    "div:Atlantic": 0.1466,
    "team:MTL": -0.24304,
    "team:PIT": 0.012838,
    "team:CAR": -0.174048,
    "team:TBL": -0.3,
    "team:ANA": 0.294,
    "div:Pacific": -0.3,
    "conf:West": -0.0519,
    "team:UTA": -0.3,
    "div:Central": -0.0519,
    "team:NYR": -0.294,
    "team:BOS": 0.28812,
    "team:DET": 0.3,
    "team:CHI": -0.294,
    "team:NJD": -0.28812,
    "team:NYI": -0.294,
    "team:TOR": -0.3,
    "team:OTT": -0.28812,
    "team:PHI": -0.031066,
    "team:DAL": 0.126714,
    "team:MIN": -0.0424,
    "team:WPG": -0.238467,
    "team:EDM": 0.28812,
    "team:NSH": -0.0,
    "team:CGY": 0.3,
    "team:SEA": -0.3,
    "team:VGK": 0.06027,
    "team:LAK": 0.3,
    "team:FLA": 0.294,
    "team:VAN": -0.3,
    "team:WSH": -0.045766,
    "team:SJS": -0.042434,
    "team:STL": -0.04704,
    "team:COL": 0.065268
  }
}