{
  "ml_home": {
    "team:CBJ": 0.05,
    "div:Metropolitan": 0.05,
    "conf:East": 0.05,
    "team:MTL": -0.032712,
    "div:Atlantic": 0.043407,
    "team:CAR": -0.043407,
    "team:ANA": -0.02957,
    "div:Pacific": -0.043407,
    "conf:West": -0.043407,
    "team:NYR": -0.037682,
    "team:DET": 0.040037,
    "team:BUF": -0.043407,
    "team:NJD": 0.041688,
    "team:TOR": 0.043407,
    "team:DAL": 0.043407,
    "div:Central": 0.043407,
    "team:WPG": -0.041688,
    "team:NSH": -0.043407,
    "team:CGY": 0.041688,
    "team:VGK": 0.032712,
    "team:EDM": 0.043407,
    "team:VAN": -0.043407,
    "team:WSH": -0.040037,
    "team:MIN": -0.043407,
    "team:TBL": 0.041688,
    "team:PIT": 0.015177,
    "team:NYI": 0.037682,
    "team:SJS": -0.043407,
    "team:PHI": 0.043407,
    "team:LAK": -0.032712,
    "team:STL": -0.043407,
    "team:COL": 0.043407,
    "team:SEA": -0.036704,
    "team:UTA": 0.034756,
    "team:CHI": 0.043407,
    "team:BOS": 0.043407,
    "team:FLA": -0.043407,
    "team:OTT": 0.042539
  },
  "goals": {
    "team:CBJ": 0.3,
    "div:Metropolitan": 0.3,
    "conf:East": 0.2333,
    "team:BUF": 0.172497,
    "div:Atlantic": 0.053,
    "team:MTL": 0.260438,
    "team:PIT": 0.04141,
    "team:CAR": 0.038372,
    "team:TBL": 0.158,
    "team:ANA": 0.166508,
    "div:Pacific": 0.066759,
    "conf:West": 0.066759,
    "team:UTA": 0.152789,
    "div:Central": 0.219202,
    "team:NYR": -0.260438,
    "team:BOS": 0.260438,
    "team:DET": 0.260438,
    "team:CHI": 0.260438,
    "team:NJD": 0.260438,
    "team:NYI": -0.007119,
    "team:TOR": 0.0517,
    "team:OTT": 0.215035,
    "team:PHI": 0.005209,
    "team:DAL": -0.260438,
    "team:MIN": 0.210954,
    "team:WPG": 0.085944,
    "team:EDM": 0.260438,
    "team:NSH": -0.260438,
    "team:CGY": 0.210954,
    "team:SEA": -0.075268,
    "team:VGK": 0.260438,
    "team:LAK": 0.230314,
    "team:FLA": -0.06867,
    "team:VAN": -0.260438,
    "team:WSH": -0.260438,
    "team:SJS": 0.210954,
    "team:STL": -0.041323,
    "team:COL": 0.260438
  }
}